-- SEED DATA FOR DEMO SALES DATABASE (V2: rounded unit_price & logical stock)
SET NAMES utf8mb4;
SET FOREIGN_KEY_CHECKS = 0;

-- Brands
INSERT INTO brands (id, name, origin) VALUES
  (1, 'Panasonic', 'Nhật Bản'),
  (2, 'Philips', 'Hà Lan'),
  (3, 'Sony', 'Nhật Bản'),
  (4, 'Samsung', 'Hàn Quốc'),
  (5, 'LG', 'Hàn Quốc');

-- Categories
INSERT INTO categories (id, name, description) VALUES
  (1, 'Đồ gia dụng', 'Thiết bị, đồ dùng gia đình'),
  (2, 'Điện tử', 'Thiết bị điện tử, giải trí'),
  (3, 'Văn phòng phẩm', 'Dụng cụ văn phòng'),
  (4, 'Mỹ phẩm', 'Sản phẩm chăm sóc cá nhân'),
  (5, 'Thực phẩm khô', 'Mì gói, bánh kẹo, đồ khô');

-- Products
INSERT INTO products (id, name, description, unit, packaging, image_url, purchase_price, selling_price, stock, created_at, category_id, brand_id) VALUES
  (1, 'Nồi cơm điện 1.8L', 'Nồi cơm điện 1.8L - hàng mẫu', 'thùng', 'Chai thủy tinh', '', 650000, 890000, 128, '2023-12-01 08:00:00', 1, 1),
  (2, 'Ấm đun siêu tốc 1.7L', 'Ấm đun siêu tốc 1.7L - hàng mẫu', 'bộ', 'Đóng hộp', '', 250000, 390000, 37, '2023-12-01 08:00:00', 1, 1),
  (3, 'Quạt đứng 3 tốc độ', 'Quạt đứng 3 tốc độ - hàng mẫu', 'cái', 'Đóng hộp', '', 700000, 950000, 58, '2023-12-01 08:00:00', 1, 4),
  (4, 'Tivi LED 43 inch', 'Tivi LED 43 inch - hàng mẫu', 'chai', 'Đóng hộp', '', 5500000, 6900000, 75, '2023-12-01 08:00:00', 2, 4),
  (5, 'Loa bluetooth mini', 'Loa bluetooth mini - hàng mẫu', 'cái', 'Chai nhựa', '', 400000, 550000, 145, '2023-12-01 08:00:00', 2, 3),
  (6, 'USB 32GB', 'USB 32GB - hàng mẫu', 'cái', 'Chai thủy tinh', '', 90000, 150000, 144, '2023-12-01 08:00:00', 3, 2),
  (7, 'Giấy A4 80gsm (500 tờ)', 'Giấy A4 80gsm (500 tờ) - hàng mẫu', 'bộ', 'Đóng hộp', '', 60000, 105000, 94, '2023-12-01 08:00:00', 3, 2),
  (8, 'Bút bi xanh', 'Bút bi xanh - hàng mẫu', 'bộ', 'Chai thủy tinh', '', 2000, 5000, 128, '2023-12-01 08:00:00', 3, 2),
  (9, 'Sữa rửa mặt dịu nhẹ', 'Sữa rửa mặt dịu nhẹ - hàng mẫu', 'thùng', 'Đóng thùng', '', 45000, 89000, 185, '2023-12-01 08:00:00', 4, 5),
  (10, 'Dầu gội dưỡng tóc 650ml', 'Dầu gội dưỡng tóc 650ml - hàng mẫu', 'gói', 'Chai thủy tinh', '', 70000, 135000, 71, '2023-12-01 08:00:00', 4, 5),
  (11, 'Mì gói hảo hạng (thùng)', 'Mì gói hảo hạng (thùng) - hàng mẫu', 'cái', 'Đóng gói', '', 65000, 115000, 94, '2023-12-01 08:00:00', 5, 1),
  (12, 'Bánh quy bơ 454g', 'Bánh quy bơ 454g - hàng mẫu', 'gói', 'Chai nhựa', '', 45000, 89000, 105, '2023-12-01 08:00:00', 5, 2),
  (13, 'Kẹo cứng trái cây (gói)', 'Kẹo cứng trái cây (gói) - hàng mẫu', 'cái', 'Chai nhựa', '', 15000, 28000, 125, '2023-12-01 08:00:00', 5, 2),
  (14, 'Nước rửa chén 1L', 'Nước rửa chén 1L - hàng mẫu', 'bộ', 'Chai nhựa', '', 18000, 35000, 33, '2023-12-01 08:00:00', 1, 2),
  (15, 'Nước lau sàn 1L', 'Nước lau sàn 1L - hàng mẫu', 'hộp', 'Đóng hộp', '', 22000, 42000, 106, '2023-12-01 08:00:00', 1, 2);

-- Users (employees)
INSERT INTO users (id, username, date_of_birth, gender, address, phone, email, password, role, status) VALUES
  (1, 'admin', '1985-05-10', 'Nam', 'TP. HCM', '0900000001', 'admin@example.com', '123456', 'admin', 'active'),
  (2, 'nhanvien1', '1995-08-20', 'Nữ', 'TP. HCM', '0900000002', 'nv1@example.com', '123456', 'staff', 'active'),
  (3, 'nhanvien2', '1998-11-02', 'Nam', 'TP. HCM', '0900000003', 'staff@example.com', '123456', 'staff', 'active');

-- Customers
INSERT INTO customers (id, name, date_of_birth, gender, address, phone) VALUES
  (1, 'Khách hàng 01', '1976-01-10', 'Nữ', 'Đồng Nai', '0904550702'),
  (2, 'Khách hàng 02', '1977-06-07', 'Nữ', 'Vũng Tàu', '0984462903'),
  (3, 'Khách hàng 03', '2002-07-19', 'Nam', 'Hà Nội', '0993050443'),
  (4, 'Khách hàng 04', '1976-12-27', 'Nam', 'Đồng Nai', '0922386065'),
  (5, 'Khách hàng 05', '1974-09-18', 'Nam', 'Cần Thơ', '0956482651'),
  (6, 'Khách hàng 06', '1995-12-21', 'Nam', 'Cần Thơ', '0921170836'),
  (7, 'Khách hàng 07', '1977-07-24', 'Nữ', 'TP. HCM', '0967141360'),
  (8, 'Khách hàng 08', '1972-07-16', 'Nam', 'Đồng Nai', '0936566924'),
  (9, 'Khách hàng 09', '2000-01-26', 'Nam', 'Bình Dương', '0955942827'),
  (10, 'Khách hàng 10', '1977-03-16', 'Nam', 'Bình Dương', '0925100998'),
  (11, 'Khách hàng 11', '1998-03-20', 'Nữ', 'TP. HCM', '0920446931'),
  (12, 'Khách hàng 12', '1998-07-06', 'Nữ', 'Cần Thơ', '0975341513'),
  (13, 'Khách hàng 13', '2004-07-11', 'Nữ', 'TP. HCM', '0964987199'),
  (14, 'Khách hàng 14', '1979-02-24', 'Nam', 'Bình Dương', '0987339763'),
  (15, 'Khách hàng 15', '1989-07-25', 'Nam', 'Vũng Tàu', '0955290486'),
  (16, 'Khách hàng 16', '1993-06-04', 'Nữ', 'Đồng Nai', '0954246985'),
  (17, 'Khách hàng 17', '1982-02-22', 'Nữ', 'TP. HCM', '0989264853'),
  (18, 'Khách hàng 18', '1976-06-18', 'Nam', 'Hà Nội', '0969157731'),
  (19, 'Khách hàng 19', '2004-08-26', 'Nam', 'Vũng Tàu', '0956263107'),
  (20, 'Khách hàng 20', '1999-02-16', 'Nam', 'Hà Nội', '0900904004'),
  (21, 'Khách hàng 21', '1973-06-20', 'Nam', 'Đồng Nai', '0991729304'),
  (22, 'Khách hàng 22', '1990-09-23', 'Nữ', 'Vũng Tàu', '0995040995'),
  (23, 'Khách hàng 23', '1970-05-21', 'Nữ', 'Vũng Tàu', '0930114723'),
  (24, 'Khách hàng 24', '1985-03-10', 'Nam', 'TP. HCM', '0914922035'),
  (25, 'Khách hàng 25', '1997-03-25', 'Nữ', 'Hà Nội', '0921376697'),
  (26, 'Khách hàng 26', '2001-06-25', 'Nữ', 'Cần Thơ', '0902406559'),
  (27, 'Khách hàng 27', '1993-11-18', 'Nam', 'Bình Dương', '0914790469'),
  (28, 'Khách hàng 28', '1973-10-09', 'Nữ', 'Đồng Nai', '0920083320'),
  (29, 'Khách hàng 29', '1984-12-18', 'Nam', 'Đồng Nai', '0925438163'),
  (30, 'Khách hàng 30', '1979-06-21', 'Nam', 'Hà Nội', '0929906235');

-- Suppliers
INSERT INTO suppliers (id, name, address, phone, email, representative) VALUES
  (1, 'Công ty TNHH Thiết Bị Gia Dụng Minh Anh', 'TP. HCM', '0281234567', 'contact@minhanh.vn', 'Nguyễn Văn A'),
  (2, 'Công ty CP Phân Phối Thực Phẩm Xanh', 'Hà Nội', '0242345678', 'info@thucphamxanh.vn', 'Trần Thị B'),
  (3, 'Công ty TNHH Thương Mại Nam Sài Gòn', 'TP. HCM', '02838991234', 'sales@namsaigon.vn', 'Lê Văn C'),
  (4, 'Công ty CP Hàng Tiêu Dùng Miền Nam', 'Bình Dương', '02742223344', 'contact@hangtieudungmn.vn', 'Phạm Thị D'),
  (5, 'Công ty TNHH Phân Phối Long An', 'Long An', '02723654567', 'info@longandist.vn', 'Võ Văn E'),
  (6, 'Công ty TNHH Thực Phẩm Cần Thơ', 'Cần Thơ', '02923887766', 'support@thucphamcantho.vn', 'Ngô Thị F');

-- Orders
INSERT INTO orders (id, order_date, total_amount, note, payment_method, status, user_id, customer_id) VALUES
  (1, '2024-01-01 13:01:14', 12457000, NULL, 'Chuyển khoản', 'completed', 3, 22),
  (2, '2024-01-01 17:28:46', 1650000, NULL, 'Tiền mặt', 'completed', 2, 4),
  (3, '2024-01-01 11:22:55', 2240000, NULL, 'Chuyển khoản', 'completed', 3, 22),
  (4, '2024-01-02 09:59:41', 9462000, NULL, 'Tiền mặt', 'completed', 2, 11),
  (5, '2024-01-02 08:00:15', 6010000, 'Giao buổi tối', 'Chuyển khoản', 'completed', 3, 9),
  (6, '2024-01-03 13:37:12', 22567000, 'Giao buổi chiều', 'Tiền mặt', 'completed', 2, 27),
  (7, '2024-01-03 09:16:44', 2122000, NULL, 'Tiền mặt', 'completed', 3, 7),
  (8, '2024-01-03 08:07:21', 5325000, NULL, 'Chuyển khoản', 'completed', 2, 12),
  (9, '2024-01-04 20:24:28', 220000, NULL, 'Tiền mặt', 'completed', 1, 13),
  (10, '2024-01-04 19:40:17', 4426000, NULL, 'Tiền mặt', 'completed', 1, 17),
  (11, '2024-01-04 18:34:28', 28000, NULL, 'Chuyển khoản', 'completed', 1, 4),
  (12, '2024-01-05 17:36:39', 2972000, NULL, 'Tiền mặt', 'completed', 3, 25),
  (13, '2024-01-06 17:30:07', 326000, NULL, 'Tiền mặt', 'completed', 3, 18),
  (14, '2024-01-06 11:03:23', 7121000, NULL, 'Tiền mặt', 'completed', 3, 23),
  (15, '2024-01-07 14:52:51', 18110000, NULL, 'Chuyển khoản', 'completed', 1, 3),
  (16, '2024-01-08 17:49:57', 20000, NULL, 'Tiền mặt', 'completed', 3, 11),
  (17, '2024-01-08 16:17:00', 319000, NULL, 'Chuyển khoản', 'completed', 3, 7),
  (18, '2024-01-09 17:29:17', 4997000, NULL, 'Tiền mặt', 'completed', 1, 7),
  (19, '2024-01-10 11:51:19', 4108000, 'Khách quen', 'Tiền mặt', 'completed', 2, 3),
  (20, '2024-01-10 19:57:29', 28227000, NULL, 'Tiền mặt', 'completed', 1, 4),
  (21, '2024-01-10 19:01:53', 5660000, 'Giao buổi tối', 'Tiền mặt', 'completed', 3, 21),
  (22, '2024-01-11 19:53:00', 322000, NULL, 'Tiền mặt', 'completed', 2, 27),
  (23, '2024-01-11 15:46:09', 351000, NULL, 'Tiền mặt', 'completed', 2, 29),
  (24, '2024-01-12 18:17:54', 552000, NULL, 'Tiền mặt', 'completed', 1, 4),
  (25, '2024-01-12 16:13:37', 5936000, NULL, 'Chuyển khoản', 'completed', 1, 1),
  (26, '2024-01-13 18:37:28', 17000, NULL, 'Chuyển khoản', 'completed', 1, 13),
  (27, '2024-01-14 20:03:42', 2731000, NULL, 'Chuyển khoản', 'completed', 2, 28),
  (28, '2024-01-14 13:43:18', 2255000, NULL, 'Chuyển khoản', 'completed', 2, 17),
  (29, '2024-01-15 12:07:01', 405000, NULL, 'Chuyển khoản', 'completed', 3, 16),
  (30, '2024-01-15 11:10:56', 1170000, NULL, 'Chuyển khoản', 'completed', 2, 7),
  (31, '2024-01-15 11:16:20', 5470000, NULL, 'Chuyển khoản', 'completed', 1, 2),
  (32, '2024-01-16 15:48:16', 36208000, NULL, 'Tiền mặt', 'completed', 3, 23),
  (33, '2024-01-16 16:14:31', 345000, NULL, 'Tiền mặt', 'completed', 1, 5),
  (34, '2024-01-17 09:36:47', 25796000, NULL, 'Chuyển khoản', 'completed', 1, 22),
  (35, '2024-01-17 12:07:18', 1638000, NULL, 'Chuyển khoản', 'completed', 1, 5),
  (36, '2024-01-18 18:12:55', 110000, NULL, 'Chuyển khoản', 'completed', 2, 21),
  (37, '2024-01-18 08:29:25', 2964000, 'Giao buổi tối', 'Tiền mặt', 'completed', 1, 5),
  (38, '2024-01-19 14:03:20', 596000, 'Giao buổi chiều', 'Tiền mặt', 'completed', 2, 8),
  (39, '2024-01-20 19:56:18', 13239000, 'Giao buổi chiều', 'Tiền mặt', 'completed', 2, 2),
  (40, '2024-01-21 20:31:45', 6785000, NULL, 'Tiền mặt', 'completed', 1, 16),
  (41, '2024-01-21 09:35:45', 249000, NULL, 'Tiền mặt', 'completed', 2, 20),
  (42, '2024-01-22 18:54:43', 28009000, NULL, 'Chuyển khoản', 'completed', 3, 22),
  (43, '2024-01-23 13:39:22', 3697000, NULL, 'Chuyển khoản', 'completed', 3, 2),
  (44, '2024-01-23 10:13:11', 5360000, NULL, 'Tiền mặt', 'completed', 3, 24),
  (45, '2024-01-23 17:25:32', 230000, NULL, 'Chuyển khoản', 'completed', 1, 27),
  (46, '2024-01-24 09:43:26', 34778000, NULL, 'Tiền mặt', 'completed', 1, 12),
  (47, '2024-01-25 15:41:01', 715000, 'Khách quen', 'Tiền mặt', 'completed', 3, 15),
  (48, '2024-01-25 13:58:22', 900000, NULL, 'Tiền mặt', 'completed', 1, 19),
  (49, '2024-01-26 16:19:44', 2151000, NULL, 'Chuyển khoản', 'completed', 2, 17),
  (50, '2024-01-26 12:03:15', 26936000, NULL, 'Chuyển khoản', 'completed', 3, 30),
  (51, '2024-01-27 16:20:16', 2009000, NULL, 'Tiền mặt', 'completed', 1, 18),
  (52, '2024-01-27 11:24:11', 5085000, NULL, 'Tiền mặt', 'completed', 1, 7),
  (53, '2024-01-28 12:46:44', 2273000, NULL, 'Tiền mặt', 'completed', 2, 17),
  (54, '2024-01-28 12:20:40', 4149000, NULL, 'Chuyển khoản', 'completed', 1, 26),
  (55, '2024-01-29 12:02:47', 2698000, 'Khách quen', 'Chuyển khoản', 'completed', 1, 3),
  (56, '2024-01-29 13:53:25', 101000, 'Giao buổi chiều', 'Tiền mặt', 'completed', 3, 16),
  (57, '2024-01-29 09:55:54', 2035000, NULL, 'Tiền mặt', 'completed', 2, 1),
  (58, '2024-01-30 11:23:05', 37674000, NULL, 'Chuyển khoản', 'completed', 3, 23),
  (59, '2024-01-30 11:36:46', 675000, 'Giao buổi chiều', 'Tiền mặt', 'completed', 2, 27),
  (60, '2024-01-31 16:24:16', 36000, 'Khách quen', 'Tiền mặt', 'completed', 3, 1),
  (61, '2024-01-31 10:05:32', 2926000, 'Giao buổi chiều', 'Tiền mặt', 'completed', 1, 18),
  (62, '2024-02-01 14:41:30', 3692000, NULL, 'Tiền mặt', 'completed', 1, 13),
  (63, '2024-02-01 11:17:50', 2687000, NULL, 'Tiền mặt', 'completed', 2, 16),
  (64, '2024-02-02 16:35:59', 1880000, NULL, 'Chuyển khoản', 'completed', 2, 3),
  (65, '2024-02-02 10:47:07', 1258000, 'Khách quen', 'Tiền mặt', 'completed', 3, 9),
  (66, '2024-02-03 10:28:32', 3188000, 'Giao buổi chiều', 'Tiền mặt', 'completed', 2, 26),
  (67, '2024-02-03 13:53:47', 3049000, NULL, 'Chuyển khoản', 'completed', 2, 28),
  (68, '2024-02-04 13:07:29', 7682000, NULL, 'Tiền mặt', 'completed', 2, 4),
  (69, '2024-02-05 17:14:34', 1537000, NULL, 'Tiền mặt', 'completed', 3, 6),
  (70, '2024-02-05 17:22:44', 210000, 'Giao buổi chiều', 'Chuyển khoản', 'completed', 3, 15),
  (71, '2024-02-05 12:21:49', 21838000, NULL, 'Chuyển khoản', 'completed', 3, 14),
  (72, '2024-02-06 18:08:13', 2912000, NULL, 'Tiền mặt', 'completed', 3, 3),
  (73, '2024-02-06 09:17:38', 1440000, NULL, 'Tiền mặt', 'completed', 2, 11),
  (74, '2024-02-07 08:50:22', 545000, NULL, 'Tiền mặt', 'completed', 1, 13),
  (75, '2024-02-08 17:08:16', 842000, NULL, 'Tiền mặt', 'completed', 2, 13),
  (76, '2024-02-08 11:43:21', 4750000, NULL, 'Chuyển khoản', 'completed', 1, 9),
  (77, '2024-02-09 14:21:48', 714000, NULL, 'Chuyển khoản', 'completed', 2, 24),
  (78, '2024-02-10 13:50:58', 3539000, NULL, 'Tiền mặt', 'completed', 1, 20),
  (79, '2024-02-11 20:48:53', 1048000, NULL, 'Chuyển khoản', 'completed', 2, 30),
  (80, '2024-02-11 13:17:11', 1357000, NULL, 'Chuyển khoản', 'completed', 1, 4),
  (81, '2024-02-11 17:43:07', 3982000, NULL, 'Tiền mặt', 'completed', 2, 27),
  (82, '2024-02-12 08:32:33', 2675000, NULL, 'Chuyển khoản', 'completed', 3, 23),
  (83, '2024-02-13 16:50:38', 18000, NULL, 'Chuyển khoản', 'completed', 1, 7),
  (84, '2024-02-13 20:51:14', 35869000, NULL, 'Chuyển khoản', 'completed', 2, 16),
  (85, '2024-02-14 16:12:25', 1730000, 'Giao buổi chiều', 'Chuyển khoản', 'completed', 2, 21),
  (86, '2024-02-14 18:35:28', 257000, NULL, 'Chuyển khoản', 'completed', 2, 10),
  (87, '2024-02-14 19:27:27', 4232000, NULL, 'Tiền mặt', 'completed', 2, 18),
  (88, '2024-02-15 18:00:44', 34500000, 'Khách quen', 'Chuyển khoản', 'completed', 1, 5),
  (89, '2024-02-15 14:41:29', 1862000, NULL, 'Tiền mặt', 'completed', 2, 28),
  (90, '2024-02-15 10:07:42', 22932000, NULL, 'Chuyển khoản', 'completed', 1, 28),
  (91, '2024-02-16 12:26:15', 284000, NULL, 'Chuyển khoản', 'completed', 3, 8),
  (92, '2024-02-16 08:01:10', 640000, NULL, 'Chuyển khoản', 'completed', 3, 6),
  (93, '2024-02-16 13:26:48', 287000, NULL, 'Chuyển khoản', 'completed', 1, 29),
  (94, '2024-02-17 15:28:59', 4638000, NULL, 'Chuyển khoản', 'completed', 2, 14),
  (95, '2024-02-18 10:00:26', 665000, NULL, 'Tiền mặt', 'completed', 3, 10),
  (96, '2024-02-19 12:35:49', 19004000, NULL, 'Chuyển khoản', 'completed', 1, 21),
  (97, '2024-02-19 19:41:09', 1776000, NULL, 'Tiền mặt', 'completed', 2, 4),
  (98, '2024-02-20 19:17:47', 6875000, 'Giao buổi tối', 'Chuyển khoản', 'completed', 2, 15),
  (99, '2024-02-20 12:05:42', 959000, NULL, 'Chuyển khoản', 'completed', 1, 26),
  (100, '2024-02-21 17:11:11', 3800000, NULL, 'Chuyển khoản', 'completed', 3, 11),
  (101, '2024-02-21 15:10:21', 2355000, NULL, 'Tiền mặt', 'completed', 3, 11),
  (102, '2024-02-22 08:57:06', 2783000, NULL, 'Tiền mặt', 'completed', 3, 22),
  (103, '2024-02-22 19:01:32', 1935000, NULL, 'Tiền mặt', 'completed', 1, 11),
  (104, '2024-02-22 08:56:55', 4058000, NULL, 'Chuyển khoản', 'completed', 1, 24),
  (105, '2024-02-23 20:02:07', 1004000, NULL, 'Tiền mặt', 'completed', 3, 6),
  (106, '2024-02-24 08:10:07', 2272000, NULL, 'Chuyển khoản', 'completed', 3, 26),
  (107, '2024-02-24 15:01:36', 272000, NULL, 'Tiền mặt', 'completed', 2, 26),
  (108, '2024-02-24 14:31:34', 1045000, NULL, 'Chuyển khoản', 'completed', 2, 4),
  (109, '2024-02-25 11:17:31', 29650000, NULL, 'Tiền mặt', 'completed', 2, 6),
  (110, '2024-02-25 18:01:13', 1644000, NULL, 'Tiền mặt', 'completed', 1, 12),
  (111, '2024-02-25 15:34:44', 116000, 'Giao buổi chiều', 'Chuyển khoản', 'completed', 3, 28),
  (112, '2024-02-26 16:17:29', 6400000, NULL, 'Tiền mặt', 'completed', 3, 11),
  (113, '2024-02-26 14:08:33', 178000, NULL, 'Chuyển khoản', 'completed', 3, 14),
  (114, '2024-02-27 20:29:24', 3628000, NULL, 'Tiền mặt', 'completed', 3, 19),
  (115, '2024-02-28 12:19:27', 1572000, NULL, 'Chuyển khoản', 'completed', 1, 26),
  (116, '2024-02-28 15:12:53', 2019000, NULL, 'Chuyển khoản', 'completed', 1, 18),
  (117, '2024-02-28 11:32:21', 1873000, 'Giao buổi tối', 'Chuyển khoản', 'completed', 1, 26),
  (118, '2024-02-29 15:46:45', 4444000, NULL, 'Tiền mặt', 'completed', 2, 25),
  (119, '2024-02-29 16:13:21', 5164000, 'Khách quen', 'Chuyển khoản', 'completed', 2, 22),
  (120, '2024-02-29 09:03:52', 918000, NULL, 'Chuyển khoản', 'completed', 1, 27),
  (121, '2024-03-01 10:45:39', 4110000, 'Giao buổi chiều', 'Tiền mặt', 'completed', 3, 19),
  (122, '2024-03-01 15:37:32', 12016000, NULL, 'Tiền mặt', 'completed', 3, 21),
  (123, '2024-03-01 12:59:09', 28542000, NULL, 'Tiền mặt', 'completed', 2, 7),
  (124, '2024-03-02 20:27:26', 7627000, NULL, 'Tiền mặt', 'completed', 3, 24),
  (125, '2024-03-02 16:41:55', 34809000, NULL, 'Tiền mặt', 'completed', 2, 17),
  (126, '2024-03-02 18:41:58', 2367000, NULL, 'Chuyển khoản', 'completed', 2, 9),
  (127, '2024-03-03 16:10:10', 37455000, NULL, 'Tiền mặt', 'completed', 1, 12),
  (128, '2024-03-03 15:05:42', 17077000, NULL, 'Chuyển khoản', 'completed', 3, 17),
  (129, '2024-03-03 19:42:08', 1562000, NULL, 'Tiền mặt', 'completed', 1, 7),
  (130, '2024-03-04 10:52:54', 2494000, NULL, 'Chuyển khoản', 'completed', 1, 6),
  (131, '2024-03-05 15:42:34', 168000, NULL, 'Tiền mặt', 'completed', 1, 14),
  (132, '2024-03-05 19:28:05', 135000, NULL, 'Chuyển khoản', 'completed', 2, 8),
  (133, '2024-03-06 08:11:09', 14710000, NULL, 'Chuyển khoản', 'completed', 3, 16),
  (134, '2024-03-06 18:03:11', 84000, NULL, 'Chuyển khoản', 'completed', 3, 3),
  (135, '2024-03-07 08:57:21', 14193000, NULL, 'Chuyển khoản', 'completed', 2, 17),
  (136, '2024-03-07 19:15:22', 1622000, NULL, 'Chuyển khoản', 'completed', 2, 10),
  (137, '2024-03-08 19:14:05', 5302000, NULL, 'Chuyển khoản', 'completed', 1, 9),
  (138, '2024-03-08 20:02:36', 3733000, NULL, 'Chuyển khoản', 'completed', 3, 19),
  (139, '2024-03-08 15:47:22', 745000, NULL, 'Chuyển khoản', 'completed', 2, 28),
  (140, '2024-03-09 08:42:21', 2072000, NULL, 'Chuyển khoản', 'completed', 1, 3),
  (141, '2024-03-10 09:01:46', 5535000, NULL, 'Tiền mặt', 'completed', 2, 3),
  (142, '2024-03-10 09:50:46', 3340000, NULL, 'Tiền mặt', 'completed', 2, 7),
  (143, '2024-03-10 14:03:26', 30847000, NULL, 'Tiền mặt', 'completed', 2, 16),
  (144, '2024-03-11 19:17:23', 126000, NULL, 'Chuyển khoản', 'completed', 1, 15),
  (145, '2024-03-11 18:39:02', 5467000, NULL, 'Chuyển khoản', 'completed', 2, 7),
  (146, '2024-03-11 09:59:51', 1816000, NULL, 'Chuyển khoản', 'completed', 3, 3),
  (147, '2024-03-12 14:35:48', 776000, NULL, 'Chuyển khoản', 'completed', 1, 13),
  (148, '2024-03-13 08:37:09', 2406000, NULL, 'Tiền mặt', 'completed', 3, 10),
  (149, '2024-03-14 13:13:30', 29408000, NULL, 'Tiền mặt', 'completed', 3, 26),
  (150, '2024-03-14 16:43:51', 3827000, NULL, 'Chuyển khoản', 'completed', 2, 4),
  (151, '2024-03-14 15:59:40', 496000, NULL, 'Tiền mặt', 'completed', 2, 26),
  (152, '2024-03-15 11:16:58', 32619000, NULL, 'Tiền mặt', 'completed', 1, 25),
  (153, '2024-03-15 10:03:22', 29479000, NULL, 'Chuyển khoản', 'completed', 1, 20),
  (154, '2024-03-15 17:47:24', 417000, 'Khách quen', 'Tiền mặt', 'completed', 2, 2),
  (155, '2024-03-16 17:33:29', 3211000, NULL, 'Tiền mặt', 'completed', 3, 29),
  (156, '2024-03-16 19:17:13', 2108000, NULL, 'Chuyển khoản', 'completed', 3, 6),
  (157, '2024-03-16 18:26:00', 1067000, NULL, 'Tiền mặt', 'completed', 1, 4),
  (158, '2024-03-17 14:56:56', 1238000, NULL, 'Tiền mặt', 'completed', 3, 13),
  (159, '2024-03-18 17:59:04', 5514000, NULL, 'Tiền mặt', 'completed', 3, 16),
  (160, '2024-03-18 13:13:54', 599000, NULL, 'Chuyển khoản', 'completed', 1, 27),
  (161, '2024-03-19 17:52:16', 2371000, 'Khách quen', 'Chuyển khoản', 'completed', 2, 28),
  (162, '2024-03-19 09:50:17', 84000, NULL, 'Chuyển khoản', 'completed', 3, 17),
  (163, '2024-03-19 19:54:56', 230000, NULL, 'Chuyển khoản', 'completed', 2, 10),
  (164, '2024-03-20 14:02:02', 386000, 'Khách quen', 'Tiền mặt', 'completed', 3, 25),
  (165, '2024-03-20 17:15:28', 3738000, NULL, 'Tiền mặt', 'completed', 1, 5),
  (166, '2024-03-20 13:08:43', 4450000, NULL, 'Tiền mặt', 'completed', 3, 24),
  (167, '2024-03-21 17:17:32', 35100000, NULL, 'Tiền mặt', 'completed', 1, 1),
  (168, '2024-03-22 14:32:50', 352000, NULL, 'Tiền mặt', 'completed', 2, 6),
  (169, '2024-03-23 14:54:04', 670000, NULL, 'Chuyển khoản', 'completed', 2, 21),
  (170, '2024-03-23 15:18:49', 628000, NULL, 'Chuyển khoản', 'completed', 3, 13),
  (171, '2024-03-23 18:13:51', 4946000, NULL, 'Tiền mặt', 'completed', 3, 25),
  (172, '2024-03-24 11:46:29', 10245000, NULL, 'Chuyển khoản', 'completed', 1, 21),
  (173, '2024-03-24 16:45:05', 61000, NULL, 'Chuyển khoản', 'completed', 2, 9),
  (174, '2024-03-25 14:21:46', 2102000, NULL, 'Tiền mặt', 'completed', 1, 2),
  (175, '2024-03-26 11:01:20', 1710000, NULL, 'Tiền mặt', 'completed', 2, 8),
  (176, '2024-03-26 11:03:52', 2901000, 'Khách quen', 'Chuyển khoản', 'completed', 3, 8),
  (177, '2024-03-26 20:57:46', 862000, NULL, 'Tiền mặt', 'completed', 2, 18),
  (178, '2024-03-27 09:35:49', 140000, 'Giao buổi chiều', 'Chuyển khoản', 'completed', 1, 1),
  (179, '2024-03-27 20:44:28', 3019000, NULL, 'Chuyển khoản', 'completed', 2, 27),
  (180, '2024-03-28 12:58:59', 39369000, NULL, 'Chuyển khoản', 'completed', 2, 29),
  (181, '2024-03-28 15:14:12', 1920000, NULL, 'Tiền mặt', 'completed', 2, 6),
  (182, '2024-03-29 11:16:02', 5939000, NULL, 'Chuyển khoản', 'completed', 2, 9),
  (183, '2024-03-29 10:24:42', 18939000, NULL, 'Tiền mặt', 'completed', 1, 27),
  (184, '2024-03-29 13:58:32', 21160000, NULL, 'Tiền mặt', 'completed', 3, 3),
  (185, '2024-03-30 18:00:21', 6794000, NULL, 'Tiền mặt', 'completed', 3, 24),
  (186, '2024-03-30 20:28:10', 2671000, NULL, 'Chuyển khoản', 'completed', 2, 30),
  (187, '2024-03-31 17:31:02', 24393000, 'Giao buổi tối', 'Chuyển khoản', 'completed', 3, 30),
  (188, '2024-04-01 10:57:12', 35000, NULL, 'Tiền mặt', 'completed', 1, 8),
  (189, '2024-04-01 16:48:33', 1261000, NULL, 'Chuyển khoản', 'completed', 3, 18),
  (190, '2024-04-01 09:32:39', 1458000, NULL, 'Chuyển khoản', 'completed', 1, 23),
  (191, '2024-04-02 18:13:08', 274000, NULL, 'Tiền mặt', 'completed', 1, 17),
  (192, '2024-04-02 17:33:33', 420000, NULL, 'Chuyển khoản', 'completed', 3, 3),
  (193, '2024-04-02 15:37:23', 1900000, NULL, 'Tiền mặt', 'completed', 1, 11),
  (194, '2024-04-03 11:58:04', 210000, NULL, 'Tiền mặt', 'completed', 2, 2),
  (195, '2024-04-03 12:14:01', 89000, NULL, 'Tiền mặt', 'completed', 3, 27),
  (196, '2024-04-04 20:03:22', 286000, NULL, 'Tiền mặt', 'completed', 2, 25),
  (197, '2024-04-05 15:17:48', 5300000, NULL, 'Chuyển khoản', 'completed', 1, 30),
  (198, '2024-04-06 14:44:11', 6450000, NULL, 'Chuyển khoản', 'completed', 2, 27),
  (199, '2024-04-07 16:24:44', 2045000, NULL, 'Tiền mặt', 'completed', 3, 10),
  (200, '2024-04-07 10:50:29', 21657000, NULL, 'Tiền mặt', 'completed', 1, 23),
  (201, '2024-04-08 20:14:48', 3194000, NULL, 'Chuyển khoản', 'completed', 1, 17),
  (202, '2024-04-09 18:43:40', 760000, NULL, 'Chuyển khoản', 'completed', 1, 2),
  (203, '2024-04-09 19:45:27', 3782000, NULL, 'Chuyển khoản', 'completed', 2, 7),
  (204, '2024-04-09 10:12:54', 175000, NULL, 'Chuyển khoản', 'completed', 3, 2),
  (205, '2024-04-10 14:17:30', 2600000, 'Giao buổi chiều', 'Tiền mặt', 'completed', 3, 5),
  (206, '2024-04-10 18:21:20', 27600000, NULL, 'Chuyển khoản', 'completed', 1, 11),
  (207, '2024-04-10 09:18:05', 18058000, NULL, 'Chuyển khoản', 'completed', 1, 26),
  (208, '2024-04-11 20:58:46', 31669000, NULL, 'Tiền mặt', 'completed', 3, 28),
  (209, '2024-04-12 19:13:03', 5022000, 'Giao buổi chiều', 'Tiền mặt', 'completed', 3, 5),
  (210, '2024-04-13 20:35:08', 4207000, 'Giao buổi chiều', 'Chuyển khoản', 'completed', 3, 14),
  (211, '2024-04-14 08:38:02', 22344000, 'Khách quen', 'Chuyển khoản', 'completed', 1, 28),
  (212, '2024-04-14 15:37:08', 483000, NULL, 'Chuyển khoản', 'completed', 1, 14),
  (213, '2024-04-15 17:28:06', 949000, NULL, 'Chuyển khoản', 'completed', 1, 30),
  (214, '2024-04-15 15:38:20', 20700000, NULL, 'Chuyển khoản', 'completed', 1, 3),
  (215, '2024-04-16 19:57:51', 3670000, 'Giao buổi chiều', 'Tiền mặt', 'completed', 2, 26),
  (216, '2024-04-16 13:00:50', 248000, NULL, 'Chuyển khoản', 'completed', 1, 26),
  (217, '2024-04-16 16:39:20', 210000, NULL, 'Tiền mặt', 'completed', 1, 23),
  (218, '2024-04-17 15:44:59', 36991000, NULL, 'Chuyển khoản', 'completed', 2, 27),
  (219, '2024-04-17 09:41:04', 4450000, NULL, 'Tiền mặt', 'completed', 2, 8),
  (220, '2024-04-17 17:19:46', 6067000, NULL, 'Tiền mặt', 'completed', 3, 13),
  (221, '2024-04-18 16:48:58', 3622000, NULL, 'Tiền mặt', 'completed', 1, 24),
  (222, '2024-04-18 17:57:53', 3454000, NULL, 'Chuyển khoản', 'completed', 3, 3),
  (223, '2024-04-19 20:40:11', 105000, NULL, 'Tiền mặt', 'completed', 2, 11),
  (224, '2024-04-19 11:48:38', 1590000, NULL, 'Chuyển khoản', 'completed', 3, 27),
  (225, '2024-04-20 09:17:29', 2190000, NULL, 'Chuyển khoản', 'completed', 1, 26),
  (226, '2024-04-20 13:18:11', 1103000, NULL, 'Tiền mặt', 'completed', 3, 4),
  (227, '2024-04-21 08:14:49', 4715000, NULL, 'Tiền mặt', 'completed', 3, 19),
  (228, '2024-04-21 10:09:37', 754000, NULL, 'Tiền mặt', 'completed', 3, 25),
  (229, '2024-04-21 17:33:57', 26361000, NULL, 'Tiền mặt', 'completed', 3, 13),
  (230, '2024-04-22 14:50:56', 4750000, NULL, 'Chuyển khoản', 'completed', 2, 3),
  (231, '2024-04-22 16:48:32', 1675000, NULL, 'Chuyển khoản', 'completed', 1, 18),
  (232, '2024-04-23 09:15:35', 6269000, NULL, 'Tiền mặt', 'completed', 3, 6),
  (233, '2024-04-23 11:37:27', 446000, NULL, 'Chuyển khoản', 'completed', 3, 24),
  (234, '2024-04-24 19:23:28', 140000, 'Giao buổi tối', 'Chuyển khoản', 'completed', 2, 16),
  (235, '2024-04-25 08:29:04', 13800000, 'Khách quen', 'Chuyển khoản', 'completed', 3, 30),
  (236, '2024-04-25 10:26:15', 7180000, NULL, 'Chuyển khoản', 'completed', 3, 24),
  (237, '2024-04-25 11:57:00', 581000, NULL, 'Tiền mặt', 'completed', 3, 6),
  (238, '2024-04-26 08:51:13', 5199000, NULL, 'Tiền mặt', 'completed', 3, 19),
  (239, '2024-04-26 19:59:04', 1928000, NULL, 'Tiền mặt', 'completed', 2, 29),
  (240, '2024-04-26 20:03:45', 413000, NULL, 'Chuyển khoản', 'completed', 3, 30),
  (241, '2024-04-27 08:34:25', 5154000, NULL, 'Chuyển khoản', 'completed', 2, 2),
  (242, '2024-04-27 16:44:55', 890000, 'Khách quen', 'Chuyển khoản', 'completed', 2, 24),
  (243, '2024-04-27 20:24:19', 4869000, NULL, 'Chuyển khoản', 'completed', 1, 6),
  (244, '2024-04-28 15:21:38', 2657000, 'Giao buổi tối', 'Chuyển khoản', 'completed', 3, 5),
  (245, '2024-04-29 08:27:06', 3920000, NULL, 'Tiền mặt', 'completed', 3, 26),
  (246, '2024-04-30 12:43:03', 965000, NULL, 'Chuyển khoản', 'completed', 3, 7),
  (247, '2024-04-30 09:17:11', 3665000, NULL, 'Tiền mặt', 'completed', 2, 29),
  (248, '2024-05-01 18:41:02', 7212000, NULL, 'Chuyển khoản', 'completed', 1, 18),
  (249, '2024-05-01 20:33:54', 237000, 'Giao buổi chiều', 'Tiền mặt', 'completed', 3, 26),
  (250, '2024-05-01 16:04:20', 7110000, NULL, 'Chuyển khoản', 'completed', 3, 21),
  (251, '2024-05-02 19:07:02', 313000, NULL, 'Chuyển khoản', 'completed', 1, 3),
  (252, '2024-05-03 16:55:50', 10205000, NULL, 'Tiền mặt', 'completed', 2, 13),
  (253, '2024-05-03 19:49:41', 20009000, NULL, 'Chuyển khoản', 'completed', 2, 8),
  (254, '2024-05-04 17:46:14', 1122000, NULL, 'Tiền mặt', 'completed', 1, 20),
  (255, '2024-05-04 09:06:09', 344000, NULL, 'Tiền mặt', 'completed', 3, 30),
  (256, '2024-05-04 18:34:01', 554000, NULL, 'Chuyển khoản', 'completed', 1, 12),
  (257, '2024-05-05 19:57:19', 4222000, 'Giao buổi tối', 'Tiền mặt', 'completed', 1, 5),
  (258, '2024-05-05 18:14:03', 2125000, 'Giao buổi tối', 'Tiền mặt', 'completed', 1, 11),
  (259, '2024-05-05 11:48:08', 17155000, 'Khách quen', 'Tiền mặt', 'completed', 1, 10),
  (260, '2024-05-06 14:30:10', 1004000, NULL, 'Chuyển khoản', 'completed', 1, 13),
  (261, '2024-05-07 08:38:03', 178000, 'Giao buổi tối', 'Chuyển khoản', 'completed', 2, 21),
  (262, '2024-05-08 13:44:52', 2406000, NULL, 'Tiền mặt', 'completed', 2, 1),
  (263, '2024-05-08 17:52:35', 518000, NULL, 'Chuyển khoản', 'completed', 2, 23),
  (264, '2024-05-08 14:19:25', 3199000, NULL, 'Chuyển khoản', 'completed', 3, 1),
  (265, '2024-05-09 15:24:16', 1080000, 'Giao buổi tối', 'Tiền mặt', 'completed', 2, 26),
  (266, '2024-05-09 19:02:29', 616000, NULL, 'Tiền mặt', 'completed', 2, 8),
  (267, '2024-05-10 13:28:18', 2068000, NULL, 'Tiền mặt', 'completed', 1, 12),
  (268, '2024-05-10 12:21:34', 1215000, NULL, 'Chuyển khoản', 'completed', 1, 5),
  (269, '2024-05-10 10:45:06', 2044000, NULL, 'Tiền mặt', 'completed', 3, 11),
  (270, '2024-05-11 20:52:14', 397000, NULL, 'Chuyển khoản', 'completed', 3, 1),
  (271, '2024-05-12 19:09:56', 4491000, NULL, 'Chuyển khoản', 'completed', 1, 19),
  (272, '2024-05-13 17:26:50', 664000, NULL, 'Chuyển khoản', 'completed', 2, 13),
  (273, '2024-05-14 16:59:16', 2219000, NULL, 'Chuyển khoản', 'completed', 3, 22),
  (274, '2024-05-15 10:00:29', 27588000, NULL, 'Tiền mặt', 'completed', 2, 14),
  (275, '2024-05-15 11:57:06', 540000, 'Giao buổi chiều', 'Tiền mặt', 'completed', 3, 16),
  (276, '2024-05-16 08:16:53', 650000, 'Giao buổi chiều', 'Tiền mặt', 'completed', 1, 2),
  (277, '2024-05-16 18:30:42', 4500000, 'Khách quen', 'Tiền mặt', 'completed', 2, 30),
  (278, '2024-05-17 18:12:51', 3560000, 'Giao buổi chiều', 'Tiền mặt', 'completed', 2, 16),
  (279, '2024-05-17 12:42:15', 8778000, NULL, 'Tiền mặt', 'completed', 3, 8),
  (280, '2024-05-18 14:58:17', 18620000, NULL, 'Tiền mặt', 'completed', 2, 2),
  (281, '2024-05-18 09:10:41', 701000, NULL, 'Chuyển khoản', 'completed', 3, 12),
  (282, '2024-05-19 20:41:02', 5750000, NULL, 'Chuyển khoản', 'completed', 2, 28),
  (283, '2024-05-19 10:12:45', 23331000, NULL, 'Chuyển khoản', 'completed', 1, 28),
  (284, '2024-05-20 08:45:22', 2200000, NULL, 'Chuyển khoản', 'completed', 3, 3),
  (285, '2024-05-20 11:23:41', 231000, 'Giao buổi chiều', 'Chuyển khoản', 'completed', 3, 1),
  (286, '2024-05-20 14:00:28', 117000, 'Khách quen', 'Chuyển khoản', 'completed', 2, 6),
  (287, '2024-05-21 18:59:25', 3389000, NULL, 'Chuyển khoản', 'completed', 1, 19),
  (288, '2024-05-22 17:53:44', 1071000, NULL, 'Chuyển khoản', 'completed', 2, 30),
  (289, '2024-05-23 11:41:14', 5035000, 'Khách quen', 'Tiền mặt', 'completed', 3, 29),
  (290, '2024-05-23 20:54:10', 8304000, NULL, 'Chuyển khoản', 'completed', 1, 12),
  (291, '2024-05-24 09:39:21', 1232000, NULL, 'Chuyển khoản', 'completed', 1, 29),
  (292, '2024-05-24 14:44:11', 34766000, NULL, 'Chuyển khoản', 'completed', 3, 21),
  (293, '2024-05-24 13:45:04', 844000, NULL, 'Chuyển khoản', 'completed', 1, 17),
  (294, '2024-05-25 09:49:49', 3149000, 'Khách quen', 'Chuyển khoản', 'completed', 2, 20),
  (295, '2024-05-25 13:54:02', 1143000, NULL, 'Tiền mặt', 'completed', 1, 1),
  (296, '2024-05-26 18:05:03', 7410000, NULL, 'Tiền mặt', 'completed', 2, 27),
  (297, '2024-05-26 10:43:48', 1141000, NULL, 'Chuyển khoản', 'completed', 3, 8),
  (298, '2024-05-26 09:20:38', 22079000, NULL, 'Chuyển khoản', 'completed', 3, 19),
  (299, '2024-05-27 18:30:21', 4247000, NULL, 'Tiền mặt', 'completed', 2, 12),
  (300, '2024-05-27 20:23:45', 1283000, NULL, 'Chuyển khoản', 'completed', 2, 26),
  (301, '2024-05-28 17:24:17', 1493000, NULL, 'Chuyển khoản', 'completed', 2, 25),
  (302, '2024-05-29 17:29:30', 5279000, NULL, 'Tiền mặt', 'completed', 3, 27),
  (303, '2024-05-29 11:39:58', 70000, NULL, 'Tiền mặt', 'completed', 2, 19),
  (304, '2024-05-30 17:50:17', 3906000, NULL, 'Chuyển khoản', 'completed', 2, 13),
  (305, '2024-05-31 10:58:20', 27995000, NULL, 'Tiền mặt', 'completed', 1, 14),
  (306, '2024-05-31 16:08:49', 1477000, NULL, 'Chuyển khoản', 'completed', 2, 26),
  (307, '2024-05-31 20:48:48', 21827000, NULL, 'Chuyển khoản', 'completed', 2, 24),
  (308, '2024-06-01 20:52:42', 3990000, NULL, 'Chuyển khoản', 'completed', 1, 12),
  (309, '2024-06-02 13:12:30', 84000, NULL, 'Chuyển khoản', 'completed', 1, 27),
  (310, '2024-06-02 13:37:31', 924000, NULL, 'Chuyển khoản', 'completed', 3, 5),
  (311, '2024-06-02 08:05:49', 600000, NULL, 'Tiền mặt', 'completed', 1, 21),
  (312, '2024-06-03 16:38:18', 105000, NULL, 'Chuyển khoản', 'completed', 3, 10),
  (313, '2024-06-03 19:57:27', 869000, NULL, 'Tiền mặt', 'completed', 2, 18),
  (314, '2024-06-04 19:28:58', 4960000, NULL, 'Tiền mặt', 'completed', 3, 1),
  (315, '2024-06-04 08:45:12', 32535000, 'Giao buổi chiều', 'Tiền mặt', 'completed', 1, 28),
  (316, '2024-06-04 15:53:20', 1885000, NULL, 'Chuyển khoản', 'completed', 1, 13),
  (317, '2024-06-05 19:13:34', 8275000, NULL, 'Tiền mặt', 'completed', 3, 2),
  (318, '2024-06-06 14:57:52', 15073000, 'Giao buổi tối', 'Tiền mặt', 'completed', 1, 2),
  (319, '2024-06-07 10:19:06', 477000, NULL, 'Chuyển khoản', 'completed', 2, 13),
  (320, '2024-06-08 08:28:28', 4239000, NULL, 'Chuyển khoản', 'completed', 3, 21),
  (321, '2024-06-09 10:42:17', 484000, NULL, 'Chuyển khoản', 'completed', 1, 6),
  (322, '2024-06-09 17:30:37', 1470000, 'Giao buổi chiều', 'Chuyển khoản', 'completed', 2, 6),
  (323, '2024-06-10 13:37:51', 2142000, 'Khách quen', 'Tiền mặt', 'completed', 3, 4),
  (324, '2024-06-11 08:29:23', 1854000, NULL, 'Tiền mặt', 'completed', 1, 25),
  (325, '2024-06-11 11:23:12', 2764000, 'Giao buổi tối', 'Tiền mặt', 'completed', 1, 13),
  (326, '2024-06-11 18:04:23', 555000, NULL, 'Tiền mặt', 'completed', 1, 17),
  (327, '2024-06-12 10:23:44', 450000, 'Giao buổi chiều', 'Chuyển khoản', 'completed', 1, 6),
  (328, '2024-06-12 12:38:12', 4108000, 'Khách quen', 'Tiền mặt', 'completed', 3, 17),
  (329, '2024-06-12 08:04:06', 1005000, NULL, 'Chuyển khoản', 'completed', 3, 25),
  (330, '2024-06-13 08:44:03', 9479000, NULL, 'Tiền mặt', 'completed', 2, 27),
  (331, '2024-06-13 14:43:38', 105000, NULL, 'Tiền mặt', 'completed', 2, 25),
  (332, '2024-06-14 09:41:47', 5790000, NULL, 'Tiền mặt', 'completed', 3, 13),
  (333, '2024-06-14 18:39:21', 525000, NULL, 'Chuyển khoản', 'completed', 2, 23),
  (334, '2024-06-15 13:46:27', 356000, NULL, 'Tiền mặt', 'completed', 2, 11),
  (335, '2024-06-15 11:37:45', 6900000, NULL, 'Tiền mặt', 'completed', 3, 5),
  (336, '2024-06-16 20:04:05', 24500000, NULL, 'Chuyển khoản', 'completed', 2, 4),
  (337, '2024-06-16 13:31:04', 21428000, NULL, 'Tiền mặt', 'completed', 1, 1),
  (338, '2024-06-17 15:23:28', 28527000, NULL, 'Tiền mặt', 'completed', 3, 15),
  (339, '2024-06-17 09:42:17', 27694000, NULL, 'Chuyển khoản', 'completed', 2, 22),
  (340, '2024-06-17 19:39:10', 363000, NULL, 'Tiền mặt', 'completed', 3, 29),
  (341, '2024-06-18 20:49:00', 1508000, NULL, 'Tiền mặt', 'completed', 3, 19),
  (342, '2024-06-19 16:59:58', 5354000, NULL, 'Chuyển khoản', 'completed', 1, 21),
  (343, '2024-06-19 14:32:10', 4036000, NULL, 'Chuyển khoản', 'completed', 1, 19),
  (344, '2024-06-19 09:45:38', 3050000, 'Giao buổi tối', 'Tiền mặt', 'completed', 1, 10),
  (345, '2024-06-20 16:02:41', 34595000, NULL, 'Chuyển khoản', 'completed', 3, 9),
  (346, '2024-06-21 16:29:23', 4750000, NULL, 'Tiền mặt', 'completed', 2, 24),
  (347, '2024-06-21 12:34:16', 84000, NULL, 'Chuyển khoản', 'completed', 2, 15),
  (348, '2024-06-22 08:29:45', 664000, NULL, 'Tiền mặt', 'completed', 1, 9),
  (349, '2024-06-22 14:52:24', 5000, NULL, 'Chuyển khoản', 'completed', 2, 3),
  (350, '2024-06-22 18:09:03', 340000, NULL, 'Tiền mặt', 'completed', 3, 6),
  (351, '2024-06-23 15:41:14', 675000, NULL, 'Chuyển khoản', 'completed', 3, 19),
  (352, '2024-06-23 16:56:47', 774000, 'Giao buổi chiều', 'Chuyển khoản', 'completed', 1, 6),
  (353, '2024-06-24 19:41:26', 263000, NULL, 'Tiền mặt', 'completed', 3, 25),
  (354, '2024-06-24 11:01:34', 1007000, NULL, 'Tiền mặt', 'completed', 1, 8),
  (355, '2024-06-24 13:25:31', 4500000, NULL, 'Tiền mặt', 'completed', 2, 16),
  (356, '2024-06-25 20:24:31', 19421000, NULL, 'Tiền mặt', 'completed', 3, 30),
  (357, '2024-06-25 09:26:48', 2617000, NULL, 'Chuyển khoản', 'completed', 2, 2),
  (358, '2024-06-26 17:56:40', 645000, NULL, 'Chuyển khoản', 'completed', 1, 12),
  (359, '2024-06-26 13:10:12', 31126000, NULL, 'Tiền mặt', 'completed', 1, 22),
  (360, '2024-06-26 09:39:16', 579000, 'Khách quen', 'Chuyển khoản', 'completed', 3, 3),
  (361, '2024-06-27 20:38:31', 1930000, NULL, 'Chuyển khoản', 'completed', 1, 15),
  (362, '2024-06-27 12:46:21', 6000000, NULL, 'Chuyển khoản', 'completed', 2, 13),
  (363, '2024-06-28 08:04:08', 1454000, NULL, 'Chuyển khoản', 'completed', 2, 11),
  (364, '2024-06-29 16:54:39', 2335000, NULL, 'Chuyển khoản', 'completed', 2, 30),
  (365, '2024-06-29 17:45:25', 1962000, NULL, 'Chuyển khoản', 'completed', 3, 22),
  (366, '2024-06-29 17:31:08', 244000, 'Giao buổi chiều', 'Tiền mặt', 'completed', 1, 8),
  (367, '2024-06-30 08:08:47', 6207000, NULL, 'Tiền mặt', 'completed', 2, 11),
  (368, '2024-06-30 11:20:53', 56000, NULL, 'Tiền mặt', 'completed', 2, 23),
  (369, '2024-06-30 18:43:13', 1989000, 'Khách quen', 'Chuyển khoản', 'completed', 1, 4),
  (370, '2024-07-01 11:27:41', 21475000, NULL, 'Chuyển khoản', 'completed', 1, 12),
  (371, '2024-07-01 15:06:33', 6470000, NULL, 'Chuyển khoản', 'completed', 2, 22),
  (372, '2024-07-02 13:29:45', 3816000, NULL, 'Chuyển khoản', 'completed', 1, 25),
  (373, '2024-07-03 15:39:14', 3435000, NULL, 'Tiền mặt', 'completed', 1, 26),
  (374, '2024-07-03 10:05:43', 1404000, 'Khách quen', 'Tiền mặt', 'completed', 1, 21),
  (375, '2024-07-03 11:40:04', 5403000, NULL, 'Tiền mặt', 'completed', 3, 7),
  (376, '2024-07-04 14:42:19', 2119000, 'Khách quen', 'Tiền mặt', 'completed', 2, 10),
  (377, '2024-07-05 13:22:22', 163000, NULL, 'Tiền mặt', 'completed', 2, 22),
  (378, '2024-07-06 15:53:29', 742000, NULL, 'Chuyển khoản', 'completed', 2, 25),
  (379, '2024-07-06 12:36:45', 2674000, 'Khách quen', 'Chuyển khoản', 'completed', 2, 25),
  (380, '2024-07-07 19:40:18', 6900000, NULL, 'Chuyển khoản', 'completed', 3, 12),
  (381, '2024-07-07 17:20:34', 491000, NULL, 'Chuyển khoản', 'completed', 3, 16),
  (382, '2024-07-07 14:43:58', 1030000, NULL, 'Chuyển khoản', 'completed', 3, 13),
  (383, '2024-07-08 13:46:52', 12316000, NULL, 'Chuyển khoản', 'completed', 2, 11),
  (384, '2024-07-08 17:55:01', 675000, NULL, 'Chuyển khoản', 'completed', 2, 29),
  (385, '2024-07-08 10:40:27', 30116000, NULL, 'Chuyển khoản', 'completed', 2, 27),
  (386, '2024-07-09 19:05:24', 1155000, 'Giao buổi chiều', 'Tiền mặt', 'completed', 3, 21),
  (387, '2024-07-09 18:11:14', 26537000, NULL, 'Tiền mặt', 'completed', 1, 28),
  (388, '2024-07-09 20:19:18', 2595000, 'Khách quen', 'Tiền mặt', 'completed', 1, 5),
  (389, '2024-07-10 18:16:56', 1473000, NULL, 'Chuyển khoản', 'completed', 3, 20),
  (390, '2024-07-11 19:37:36', 29620000, NULL, 'Chuyển khoản', 'completed', 1, 29),
  (391, '2024-07-11 10:34:08', 7736000, 'Khách quen', 'Chuyển khoản', 'completed', 3, 13),
  (392, '2024-07-11 15:49:36', 14220000, NULL, 'Chuyển khoản', 'completed', 3, 3),
  (393, '2024-07-12 19:18:28', 1280000, NULL, 'Chuyển khoản', 'completed', 3, 21),
  (394, '2024-07-12 13:02:32', 1931000, NULL, 'Chuyển khoản', 'completed', 3, 20),
  (395, '2024-07-12 11:09:43', 1665000, 'Giao buổi chiều', 'Tiền mặt', 'completed', 2, 26),
  (396, '2024-07-13 12:47:53', 540000, 'Khách quen', 'Chuyển khoản', 'completed', 1, 14),
  (397, '2024-07-13 15:18:42', 18977000, NULL, 'Tiền mặt', 'completed', 1, 9),
  (398, '2024-07-14 11:40:10', 39338000, NULL, 'Tiền mặt', 'completed', 1, 1),
  (399, '2024-07-14 09:03:57', 4564000, NULL, 'Tiền mặt', 'completed', 1, 3),
  (400, '2024-07-15 13:23:03', 785000, NULL, 'Chuyển khoản', 'completed', 1, 2),
  (401, '2024-07-16 09:59:41', 3816000, NULL, 'Tiền mặt', 'completed', 3, 19),
  (402, '2024-07-16 15:33:01', 2330000, NULL, 'Tiền mặt', 'completed', 1, 22),
  (403, '2024-07-17 12:13:15', 20700000, NULL, 'Chuyển khoản', 'completed', 1, 17),
  (404, '2024-07-17 17:11:31', 2712000, NULL, 'Chuyển khoản', 'completed', 3, 25),
  (405, '2024-07-18 15:55:04', 1124000, NULL, 'Chuyển khoản', 'completed', 3, 20),
  (406, '2024-07-19 13:25:26', 474000, NULL, 'Tiền mặt', 'completed', 1, 19),
  (407, '2024-07-20 15:02:14', 1934000, NULL, 'Chuyển khoản', 'completed', 3, 9),
  (408, '2024-07-21 18:20:28', 15301000, NULL, 'Chuyển khoản', 'completed', 2, 27),
  (409, '2024-07-21 19:10:14', 25452000, 'Giao buổi chiều', 'Tiền mặt', 'completed', 1, 21),
  (410, '2024-07-21 14:14:29', 168000, NULL, 'Chuyển khoản', 'completed', 3, 13),
  (411, '2024-07-22 11:11:12', 140000, NULL, 'Tiền mặt', 'completed', 2, 25),
  (412, '2024-07-22 12:54:08', 2462000, 'Khách quen', 'Tiền mặt', 'completed', 1, 28),
  (413, '2024-07-23 08:36:18', 16247000, 'Khách quen', 'Chuyển khoản', 'completed', 2, 30),
  (414, '2024-07-24 08:20:58', 8581000, NULL, 'Chuyển khoản', 'completed', 3, 2),
  (415, '2024-07-24 16:34:03', 28606000, NULL, 'Chuyển khoản', 'completed', 2, 22),
  (416, '2024-07-25 11:08:01', 6900000, NULL, 'Tiền mặt', 'completed', 3, 19),
  (417, '2024-07-26 10:47:15', 20735000, NULL, 'Chuyển khoản', 'completed', 3, 4),
  (418, '2024-07-26 13:44:41', 2800000, NULL, 'Tiền mặt', 'completed', 1, 27),
  (419, '2024-07-26 15:25:22', 3683000, NULL, 'Chuyển khoản', 'completed', 3, 27),
  (420, '2024-07-27 08:06:38', 2892000, NULL, 'Chuyển khoản', 'completed', 3, 12),
  (421, '2024-07-27 18:34:53', 1248000, NULL, 'Tiền mặt', 'completed', 1, 12),
  (422, '2024-07-28 15:07:32', 35352000, NULL, 'Chuyển khoản', 'completed', 1, 14),
  (423, '2024-07-29 19:11:55', 28393000, NULL, 'Tiền mặt', 'completed', 3, 17),
  (424, '2024-07-29 13:59:38', 3290000, NULL, 'Tiền mặt', 'completed', 2, 10),
  (425, '2024-07-29 10:12:55', 1914000, NULL, 'Tiền mặt', 'completed', 3, 23),
  (426, '2024-07-30 13:55:28', 3214000, 'Giao buổi chiều', 'Tiền mặt', 'completed', 1, 27),
  (427, '2024-07-30 17:24:49', 126000, NULL, 'Chuyển khoản', 'completed', 1, 20),
  (428, '2024-07-30 09:23:42', 1649000, NULL, 'Tiền mặt', 'completed', 2, 4),
  (429, '2024-07-31 11:56:31', 7546000, NULL, 'Tiền mặt', 'completed', 2, 14),
  (430, '2024-08-01 08:32:26', 880000, NULL, 'Chuyển khoản', 'completed', 2, 19),
  (431, '2024-08-01 19:53:03', 4750000, NULL, 'Chuyển khoản', 'completed', 1, 15),
  (432, '2024-08-02 13:17:53', 28334000, NULL, 'Chuyển khoản', 'completed', 3, 22),
  (433, '2024-08-02 15:38:34', 19189000, NULL, 'Tiền mặt', 'completed', 3, 15),
  (434, '2024-08-02 17:40:10', 1729000, NULL, 'Tiền mặt', 'completed', 2, 5),
  (435, '2024-08-03 12:30:33', 6525000, NULL, 'Tiền mặt', 'completed', 2, 15),
  (436, '2024-08-04 10:09:43', 3599000, NULL, 'Tiền mặt', 'completed', 3, 18),
  (437, '2024-08-04 14:19:31', 1634000, NULL, 'Chuyển khoản', 'completed', 2, 12),
  (438, '2024-08-04 15:32:10', 5013000, NULL, 'Tiền mặt', 'completed', 1, 28),
  (439, '2024-08-05 14:05:39', 2875000, NULL, 'Tiền mặt', 'completed', 1, 14),
  (440, '2024-08-05 20:27:38', 13535000, NULL, 'Tiền mặt', 'completed', 2, 18),
  (441, '2024-08-05 17:31:09', 4784000, NULL, 'Chuyển khoản', 'completed', 3, 4),
  (442, '2024-08-06 13:00:10', 2850000, NULL, 'Tiền mặt', 'completed', 3, 17),
  (443, '2024-08-07 19:20:28', 4659000, 'Khách quen', 'Tiền mặt', 'completed', 2, 30),
  (444, '2024-08-08 17:14:39', 5425000, NULL, 'Chuyển khoản', 'completed', 3, 24),
  (445, '2024-08-08 18:50:49', 2175000, NULL, 'Tiền mặt', 'completed', 2, 2),
  (446, '2024-08-08 16:15:23', 372000, NULL, 'Chuyển khoản', 'completed', 2, 21),
  (447, '2024-08-09 11:49:07', 843000, NULL, 'Tiền mặt', 'completed', 1, 5),
  (448, '2024-08-10 20:13:31', 3896000, NULL, 'Chuyển khoản', 'completed', 1, 12),
  (449, '2024-08-10 16:15:04', 460000, NULL, 'Chuyển khoản', 'completed', 1, 15),
  (450, '2024-08-10 08:02:30', 540000, NULL, 'Chuyển khoản', 'completed', 2, 29),
  (451, '2024-08-11 10:51:41', 1399000, NULL, 'Tiền mặt', 'completed', 2, 5),
  (452, '2024-08-11 18:38:10', 20644000, NULL, 'Chuyển khoản', 'completed', 1, 29),
  (453, '2024-08-12 20:04:40', 3227000, NULL, 'Tiền mặt', 'completed', 3, 23),
  (454, '2024-08-12 08:17:00', 35240000, NULL, 'Tiền mặt', 'completed', 2, 2),
  (455, '2024-08-13 18:35:17', 17938000, NULL, 'Chuyển khoản', 'completed', 2, 21),
  (456, '2024-08-13 18:49:31', 3526000, 'Khách quen', 'Chuyển khoản', 'completed', 1, 2),
  (457, '2024-08-14 12:19:26', 1676000, NULL, 'Chuyển khoản', 'completed', 2, 16),
  (458, '2024-08-15 13:44:43', 1271000, 'Khách quen', 'Tiền mặt', 'completed', 1, 15),
  (459, '2024-08-15 19:03:51', 2165000, NULL, 'Chuyển khoản', 'completed', 3, 4),
  (460, '2024-08-16 18:50:12', 1780000, NULL, 'Tiền mặt', 'completed', 2, 6),
  (461, '2024-08-16 14:29:54', 155000, NULL, 'Tiền mặt', 'completed', 3, 25),
  (462, '2024-08-17 20:31:36', 2386000, 'Giao buổi tối', 'Tiền mặt', 'completed', 2, 16),
  (463, '2024-08-17 08:51:54', 3150000, NULL, 'Tiền mặt', 'completed', 1, 7),
  (464, '2024-08-18 10:20:18', 1027000, NULL, 'Chuyển khoản', 'completed', 3, 22),
  (465, '2024-08-18 14:27:17', 14428000, NULL, 'Chuyển khoản', 'completed', 2, 9),
  (466, '2024-08-18 14:54:20', 219000, 'Giao buổi tối', 'Chuyển khoản', 'completed', 3, 18),
  (467, '2024-08-19 16:31:56', 3119000, NULL, 'Tiền mặt', 'completed', 2, 30),
  (468, '2024-08-19 08:06:11', 652000, 'Giao buổi chiều', 'Tiền mặt', 'completed', 1, 19),
  (469, '2024-08-19 17:15:59', 1210000, NULL, 'Tiền mặt', 'completed', 1, 27),
  (470, '2024-08-20 10:54:25', 32965000, NULL, 'Chuyển khoản', 'completed', 2, 10),
  (471, '2024-08-20 08:39:00', 70000, NULL, 'Tiền mặt', 'completed', 3, 18),
  (472, '2024-08-21 14:34:48', 761000, NULL, 'Chuyển khoản', 'completed', 1, 13),
  (473, '2024-08-22 09:30:35', 34930000, NULL, 'Tiền mặt', 'completed', 1, 30),
  (474, '2024-08-22 11:54:14', 3696000, NULL, 'Tiền mặt', 'completed', 3, 22),
  (475, '2024-08-23 14:54:41', 575000, NULL, 'Chuyển khoản', 'completed', 2, 24),
  (476, '2024-08-24 14:18:34', 6166000, NULL, 'Tiền mặt', 'completed', 2, 9),
  (477, '2024-08-24 16:55:59', 5365000, NULL, 'Tiền mặt', 'completed', 1, 2),
  (478, '2024-08-24 16:45:38', 1350000, NULL, 'Chuyển khoản', 'completed', 1, 14),
  (479, '2024-08-25 12:59:51', 1386000, NULL, 'Tiền mặt', 'completed', 2, 1),
  (480, '2024-08-26 14:17:45', 1097000, 'Giao buổi tối', 'Chuyển khoản', 'completed', 3, 3),
  (481, '2024-08-27 15:22:10', 4292000, NULL, 'Tiền mặt', 'completed', 3, 16),
  (482, '2024-08-28 08:55:30', 1730000, NULL, 'Tiền mặt', 'completed', 2, 14),
  (483, '2024-08-28 11:47:40', 28509000, NULL, 'Chuyển khoản', 'completed', 1, 6),
  (484, '2024-08-29 14:03:03', 444000, NULL, 'Chuyển khoản', 'completed', 3, 8),
  (485, '2024-08-29 19:18:41', 4302000, NULL, 'Chuyển khoản', 'completed', 2, 27),
  (486, '2024-08-30 19:39:24', 5246000, NULL, 'Chuyển khoản', 'completed', 1, 25),
  (487, '2024-08-31 10:29:45', 84000, NULL, 'Chuyển khoản', 'completed', 3, 5),
  (488, '2024-08-31 17:58:27', 1909000, NULL, 'Chuyển khoản', 'completed', 1, 1),
  (489, '2024-08-31 08:50:10', 9554000, NULL, 'Tiền mặt', 'completed', 2, 23),
  (490, '2024-09-01 08:53:50', 1100000, NULL, 'Chuyển khoản', 'completed', 1, 1),
  (491, '2024-09-02 18:51:02', 19456000, NULL, 'Chuyển khoản', 'completed', 1, 20),
  (492, '2024-09-02 15:24:45', 2282000, NULL, 'Tiền mặt', 'completed', 3, 28),
  (493, '2024-09-03 20:16:50', 1424000, NULL, 'Chuyển khoản', 'completed', 2, 12),
  (494, '2024-09-04 09:28:43', 1920000, NULL, 'Chuyển khoản', 'completed', 2, 7),
  (495, '2024-09-04 16:11:43', 4252000, NULL, 'Chuyển khoản', 'completed', 1, 25),
  (496, '2024-09-04 12:49:18', 420000, NULL, 'Chuyển khoản', 'completed', 3, 2),
  (497, '2024-09-05 19:11:33', 12575000, NULL, 'Tiền mặt', 'completed', 2, 21),
  (498, '2024-09-05 14:13:03', 812000, 'Khách quen', 'Chuyển khoản', 'completed', 1, 3),
  (499, '2024-09-05 14:17:02', 340000, NULL, 'Chuyển khoản', 'completed', 3, 7),
  (500, '2024-09-06 13:08:03', 213000, NULL, 'Chuyển khoản', 'completed', 3, 12),
  (501, '2024-09-06 09:39:31', 4475000, NULL, 'Chuyển khoản', 'completed', 2, 20),
  (502, '2024-09-07 15:41:43', 267000, NULL, 'Chuyển khoản', 'completed', 2, 13),
  (503, '2024-09-08 08:09:19', 7122000, NULL, 'Chuyển khoản', 'completed', 1, 24),
  (504, '2024-09-08 11:48:03', 3733000, NULL, 'Chuyển khoản', 'completed', 2, 12),
  (505, '2024-09-08 18:58:00', 3057000, 'Giao buổi tối', 'Tiền mặt', 'completed', 3, 16),
  (506, '2024-09-09 19:54:06', 1220000, NULL, 'Tiền mặt', 'completed', 3, 16),
  (507, '2024-09-10 10:53:39', 5628000, NULL, 'Tiền mặt', 'completed', 2, 7),
  (508, '2024-09-11 10:08:46', 1184000, 'Giao buổi chiều', 'Chuyển khoản', 'completed', 1, 7),
  (509, '2024-09-12 18:59:45', 519000, 'Giao buổi chiều', 'Chuyển khoản', 'completed', 1, 15),
  (510, '2024-09-12 14:42:24', 34692000, NULL, 'Tiền mặt', 'completed', 3, 20),
  (511, '2024-09-12 16:29:48', 374000, NULL, 'Chuyển khoản', 'completed', 3, 30),
  (512, '2024-09-13 11:19:13', 2232000, NULL, 'Tiền mặt', 'completed', 2, 10),
  (513, '2024-09-13 15:11:07', 5320000, NULL, 'Chuyển khoản', 'completed', 1, 7),
  (514, '2024-09-13 08:34:15', 5845000, NULL, 'Chuyển khoản', 'completed', 2, 26),
  (515, '2024-09-14 13:23:05', 19565000, NULL, 'Tiền mặt', 'completed', 1, 20),
  (516, '2024-09-14 12:47:30', 146000, NULL, 'Tiền mặt', 'completed', 1, 21),
  (517, '2024-09-15 09:48:26', 1348000, 'Giao buổi chiều', 'Chuyển khoản', 'completed', 2, 25),
  (518, '2024-09-16 10:26:59', 5712000, NULL, 'Chuyển khoản', 'completed', 2, 23),
  (519, '2024-09-16 17:42:43', 2943000, NULL, 'Tiền mặt', 'completed', 3, 9),
  (520, '2024-09-17 15:22:06', 23440000, NULL, 'Tiền mặt', 'completed', 3, 10),
  (521, '2024-09-17 20:41:09', 3126000, NULL, 'Tiền mặt', 'completed', 2, 12),
  (522, '2024-09-17 10:42:59', 4545000, NULL, 'Tiền mặt', 'completed', 3, 25),
  (523, '2024-09-18 13:59:18', 4650000, NULL, 'Tiền mặt', 'completed', 1, 23),
  (524, '2024-09-19 09:34:58', 13832000, NULL, 'Tiền mặt', 'completed', 2, 17),
  (525, '2024-09-19 17:50:06', 307000, NULL, 'Tiền mặt', 'completed', 1, 23),
  (526, '2024-09-20 08:14:27', 10577000, NULL, 'Tiền mặt', 'completed', 1, 26),
  (527, '2024-09-20 12:07:59', 13950000, NULL, 'Tiền mặt', 'completed', 1, 24),
  (528, '2024-09-21 13:07:13', 4794000, NULL, 'Tiền mặt', 'completed', 2, 30),
  (529, '2024-09-22 12:24:42', 135000, NULL, 'Chuyển khoản', 'completed', 2, 28),
  (530, '2024-09-22 18:23:31', 3025000, NULL, 'Tiền mặt', 'completed', 3, 13),
  (531, '2024-09-22 08:25:13', 29307000, 'Giao buổi tối', 'Chuyển khoản', 'completed', 3, 9),
  (532, '2024-09-23 15:44:01', 213000, NULL, 'Tiền mặt', 'completed', 1, 23),
  (533, '2024-09-23 19:25:35', 3980000, NULL, 'Chuyển khoản', 'completed', 2, 13),
  (534, '2024-09-23 15:26:18', 1721000, 'Khách quen', 'Chuyển khoản', 'completed', 1, 24),
  (535, '2024-09-24 14:39:48', 820000, NULL, 'Chuyển khoản', 'completed', 2, 8),
  (536, '2024-09-25 14:36:09', 112000, NULL, 'Chuyển khoản', 'completed', 3, 21),
  (537, '2024-09-25 12:32:33', 784000, 'Giao buổi chiều', 'Tiền mặt', 'completed', 2, 7),
  (538, '2024-09-25 11:53:56', 407000, NULL, 'Chuyển khoản', 'completed', 2, 11),
  (539, '2024-09-26 12:35:47', 36236000, NULL, 'Chuyển khoản', 'completed', 2, 3),
  (540, '2024-09-26 15:30:26', 3508000, NULL, 'Chuyển khoản', 'completed', 1, 7),
  (541, '2024-09-27 15:57:22', 178000, NULL, 'Tiền mặt', 'completed', 3, 29),
  (542, '2024-09-28 16:41:34', 315000, 'Giao buổi chiều', 'Tiền mặt', 'completed', 2, 6),
  (543, '2024-09-29 10:58:38', 3150000, 'Giao buổi tối', 'Tiền mặt', 'completed', 1, 28),
  (544, '2024-09-29 15:38:08', 6042000, NULL, 'Chuyển khoản', 'completed', 1, 6),
  (545, '2024-09-30 18:11:17', 2758000, NULL, 'Chuyển khoản', 'completed', 1, 23),
  (546, '2024-09-30 13:05:53', 210000, 'Giao buổi tối', 'Chuyển khoản', 'completed', 1, 14),
  (547, '2024-10-01 17:23:09', 3293000, NULL, 'Tiền mặt', 'completed', 3, 8),
  (548, '2024-10-01 11:40:56', 2586000, 'Khách quen', 'Chuyển khoản', 'completed', 2, 19),
  (549, '2024-10-01 18:36:49', 326000, NULL, 'Tiền mặt', 'completed', 2, 7),
  (550, '2024-10-02 17:51:51', 2035000, NULL, 'Chuyển khoản', 'completed', 1, 1),
  (551, '2024-10-02 08:51:08', 1720000, NULL, 'Tiền mặt', 'completed', 2, 4),
  (552, '2024-10-03 19:14:06', 648000, NULL, 'Chuyển khoản', 'completed', 2, 4),
  (553, '2024-10-03 11:50:04', 2842000, NULL, 'Tiền mặt', 'completed', 3, 7),
  (554, '2024-10-04 08:08:06', 868000, NULL, 'Chuyển khoản', 'completed', 3, 27),
  (555, '2024-10-04 16:56:38', 5061000, NULL, 'Tiền mặt', 'completed', 3, 8),
  (556, '2024-10-04 11:03:36', 1691000, NULL, 'Tiền mặt', 'completed', 2, 11),
  (557, '2024-10-05 09:34:23', 450000, 'Giao buổi tối', 'Chuyển khoản', 'completed', 2, 15),
  (558, '2024-10-05 20:13:34', 1752000, 'Giao buổi tối', 'Chuyển khoản', 'completed', 2, 28),
  (559, '2024-10-05 11:00:29', 1910000, NULL, 'Tiền mặt', 'completed', 1, 28),
  (560, '2024-10-06 15:45:36', 35155000, 'Giao buổi tối', 'Tiền mặt', 'completed', 2, 27),
  (561, '2024-10-06 11:18:31', 562000, NULL, 'Chuyển khoản', 'completed', 3, 2),
  (562, '2024-10-06 09:13:06', 2955000, NULL, 'Chuyển khoản', 'completed', 2, 15),
  (563, '2024-10-07 11:04:25', 1910000, NULL, 'Chuyển khoản', 'completed', 3, 27),
  (564, '2024-10-07 10:02:24', 1319000, NULL, 'Chuyển khoản', 'completed', 1, 14),
  (565, '2024-10-07 19:33:24', 4770000, NULL, 'Tiền mặt', 'completed', 3, 16),
  (566, '2024-10-08 08:58:23', 33348000, NULL, 'Chuyển khoản', 'completed', 1, 2),
  (567, '2024-10-08 18:25:26', 1839000, NULL, 'Tiền mặt', 'completed', 2, 23),
  (568, '2024-10-09 19:07:17', 210000, NULL, 'Chuyển khoản', 'completed', 3, 9),
  (569, '2024-10-09 15:54:00', 3791000, NULL, 'Chuyển khoản', 'completed', 1, 10),
  (570, '2024-10-10 13:26:11', 1259000, NULL, 'Chuyển khoản', 'completed', 1, 17),
  (571, '2024-10-11 16:17:12', 5054000, 'Giao buổi tối', 'Tiền mặt', 'completed', 3, 10),
  (572, '2024-10-11 17:32:36', 2940000, NULL, 'Chuyển khoản', 'completed', 1, 17),
  (573, '2024-10-11 17:51:11', 1650000, NULL, 'Chuyển khoản', 'completed', 1, 21),
  (574, '2024-10-12 09:49:59', 2088000, NULL, 'Tiền mặt', 'completed', 3, 27),
  (575, '2024-10-12 12:31:38', 4440000, NULL, 'Tiền mặt', 'completed', 3, 17),
  (576, '2024-10-13 11:51:10', 2796000, NULL, 'Chuyển khoản', 'completed', 3, 30),
  (577, '2024-10-13 15:58:26', 895000, NULL, 'Tiền mặt', 'completed', 3, 18),
  (578, '2024-10-13 12:22:29', 598000, 'Giao buổi chiều', 'Chuyển khoản', 'completed', 1, 11),
  (579, '2024-10-14 09:32:25', 5234000, NULL, 'Tiền mặt', 'completed', 1, 11),
  (580, '2024-10-15 14:21:17', 20000, 'Khách quen', 'Tiền mặt', 'completed', 3, 23),
  (581, '2024-10-16 08:04:18', 230000, 'Giao buổi tối', 'Chuyển khoản', 'completed', 2, 9),
  (582, '2024-10-16 13:56:45', 6004000, 'Khách quen', 'Chuyển khoản', 'completed', 1, 28),
  (583, '2024-10-17 17:19:51', 157000, NULL, 'Chuyển khoản', 'completed', 3, 26),
  (584, '2024-10-17 18:07:05', 675000, NULL, 'Chuyển khoản', 'completed', 3, 26),
  (585, '2024-10-17 16:06:53', 1040000, NULL, 'Tiền mặt', 'completed', 2, 30),
  (586, '2024-10-18 16:45:42', 961000, NULL, 'Chuyển khoản', 'completed', 1, 5),
  (587, '2024-10-18 10:00:06', 14390000, NULL, 'Chuyển khoản', 'completed', 3, 7),
  (588, '2024-10-18 17:28:15', 1177000, NULL, 'Chuyển khoản', 'completed', 1, 20),
  (589, '2024-10-19 14:51:14', 1430000, NULL, 'Chuyển khoản', 'completed', 3, 14),
  (590, '2024-10-20 11:00:12', 3052000, NULL, 'Tiền mặt', 'completed', 1, 26),
  (591, '2024-10-21 08:36:08', 30902000, 'Giao buổi chiều', 'Tiền mặt', 'completed', 3, 22),
  (592, '2024-10-21 20:50:00', 1851000, NULL, 'Tiền mặt', 'completed', 3, 15),
  (593, '2024-10-22 13:33:43', 405000, NULL, 'Tiền mặt', 'completed', 1, 24),
  (594, '2024-10-23 12:34:45', 185000, NULL, 'Tiền mặt', 'completed', 2, 23),
  (595, '2024-10-23 20:15:23', 5224000, 'Giao buổi tối', 'Chuyển khoản', 'completed', 2, 25),
  (596, '2024-10-23 15:21:13', 6770000, NULL, 'Tiền mặt', 'completed', 2, 1),
  (597, '2024-10-24 10:18:48', 1328000, NULL, 'Tiền mặt', 'completed', 1, 3),
  (598, '2024-10-24 10:07:49', 3735000, NULL, 'Tiền mặt', 'completed', 2, 8),
  (599, '2024-10-25 15:40:32', 1975000, NULL, 'Tiền mặt', 'completed', 2, 11),
  (600, '2024-10-25 09:34:40', 16889000, NULL, 'Tiền mặt', 'completed', 3, 27),
  (601, '2024-10-26 09:12:34', 178000, NULL, 'Tiền mặt', 'completed', 3, 3),
  (602, '2024-10-26 10:18:27', 2036000, NULL, 'Tiền mặt', 'completed', 2, 24),
  (603, '2024-10-26 08:23:05', 2382000, 'Khách quen', 'Tiền mặt', 'completed', 3, 7),
  (604, '2024-10-27 11:42:31', 1470000, 'Giao buổi tối', 'Chuyển khoản', 'completed', 3, 6),
  (605, '2024-10-27 16:39:50', 1092000, 'Giao buổi chiều', 'Chuyển khoản', 'completed', 2, 25),
  (606, '2024-10-27 16:59:25', 2298000, 'Khách quen', 'Tiền mặt', 'completed', 2, 4),
  (607, '2024-10-28 18:49:58', 3574000, 'Giao buổi tối', 'Chuyển khoản', 'completed', 2, 24),
  (608, '2024-10-28 20:50:01', 1677000, 'Khách quen', 'Tiền mặt', 'completed', 3, 29),
  (609, '2024-10-28 18:46:51', 677000, NULL, 'Chuyển khoản', 'completed', 3, 5),
  (610, '2024-10-29 08:29:01', 14575000, NULL, 'Tiền mặt', 'completed', 1, 20),
  (611, '2024-10-29 16:52:32', 2757000, NULL, 'Tiền mặt', 'completed', 1, 21),
  (612, '2024-10-30 16:36:28', 6910000, 'Giao buổi tối', 'Tiền mặt', 'completed', 3, 27),
  (613, '2024-10-31 10:38:46', 135000, 'Giao buổi tối', 'Chuyển khoản', 'completed', 3, 5),
  (614, '2024-10-31 13:27:08', 35000, NULL, 'Chuyển khoản', 'completed', 2, 10),
  (615, '2024-11-01 13:53:30', 4430000, NULL, 'Chuyển khoản', 'completed', 3, 4),
  (616, '2024-11-02 09:17:46', 2550000, NULL, 'Tiền mặt', 'completed', 3, 16),
  (617, '2024-11-02 10:43:01', 334000, 'Khách quen', 'Tiền mặt', 'completed', 1, 6),
  (618, '2024-11-02 16:06:25', 751000, NULL, 'Chuyển khoản', 'completed', 2, 7),
  (619, '2024-11-03 20:24:01', 2090000, NULL, 'Tiền mặt', 'completed', 3, 16),
  (620, '2024-11-04 13:56:18', 34556000, NULL, 'Tiền mặt', 'completed', 2, 13),
  (621, '2024-11-04 18:27:25', 4875000, NULL, 'Tiền mặt', 'completed', 2, 25),
  (622, '2024-11-04 18:16:45', 30195000, NULL, 'Chuyển khoản', 'completed', 2, 2),
  (623, '2024-11-05 09:10:35', 21799000, NULL, 'Chuyển khoản', 'completed', 2, 10),
  (624, '2024-11-05 18:52:30', 2713000, NULL, 'Chuyển khoản', 'completed', 2, 17),
  (625, '2024-11-05 17:34:31', 3796000, NULL, 'Chuyển khoản', 'completed', 3, 27),
  (626, '2024-11-06 13:59:54', 20000, 'Khách quen', 'Tiền mặt', 'completed', 1, 10),
  (627, '2024-11-06 20:44:22', 1197000, 'Giao buổi tối', 'Chuyển khoản', 'completed', 3, 3),
  (628, '2024-11-07 14:38:35', 35357000, NULL, 'Chuyển khoản', 'completed', 1, 26),
  (629, '2024-11-07 09:17:54', 26589000, NULL, 'Chuyển khoản', 'completed', 1, 24),
  (630, '2024-11-07 20:47:31', 2630000, NULL, 'Chuyển khoản', 'completed', 2, 16),
  (631, '2024-11-08 16:55:08', 1576000, 'Khách quen', 'Tiền mặt', 'completed', 3, 25),
  (632, '2024-11-08 17:40:59', 750000, 'Giao buổi chiều', 'Tiền mặt', 'completed', 3, 4),
  (633, '2024-11-09 16:10:26', 1799000, NULL, 'Tiền mặt', 'completed', 1, 22),
  (634, '2024-11-10 08:46:01', 1100000, NULL, 'Chuyển khoản', 'completed', 2, 11),
  (635, '2024-11-10 08:14:53', 2469000, NULL, 'Tiền mặt', 'completed', 2, 21),
  (636, '2024-11-10 14:13:34', 3683000, NULL, 'Tiền mặt', 'completed', 3, 7),
  (637, '2024-11-11 10:57:42', 1733000, NULL, 'Chuyển khoản', 'completed', 3, 14),
  (638, '2024-11-11 12:46:15', 14189000, NULL, 'Chuyển khoản', 'completed', 1, 24),
  (639, '2024-11-12 09:52:27', 322000, 'Khách quen', 'Chuyển khoản', 'completed', 1, 16),
  (640, '2024-11-12 15:18:11', 4257000, NULL, 'Chuyển khoản', 'completed', 1, 8),
  (641, '2024-11-13 14:56:47', 550000, 'Giao buổi tối', 'Chuyển khoản', 'completed', 2, 12),
  (642, '2024-11-13 12:39:53', 1900000, NULL, 'Chuyển khoản', 'completed', 1, 2),
  (643, '2024-11-14 13:38:42', 23638000, 'Khách quen', 'Tiền mặt', 'completed', 1, 23),
  (644, '2024-11-14 12:15:34', 345000, NULL, 'Chuyển khoản', 'completed', 3, 5),
  (645, '2024-11-15 12:11:11', 1425000, NULL, 'Chuyển khoản', 'completed', 1, 12),
  (646, '2024-11-15 09:38:00', 3328000, NULL, 'Chuyển khoản', 'completed', 2, 7),
  (647, '2024-11-15 20:59:28', 4253000, NULL, 'Chuyển khoản', 'completed', 3, 14),
  (648, '2024-11-16 17:26:56', 1560000, NULL, 'Tiền mặt', 'completed', 2, 16),
  (649, '2024-11-16 20:53:54', 4628000, NULL, 'Tiền mặt', 'completed', 3, 24),
  (650, '2024-11-16 14:59:37', 2986000, NULL, 'Chuyển khoản', 'completed', 1, 26),
  (651, '2024-11-17 10:59:50', 515000, NULL, 'Chuyển khoản', 'completed', 3, 6),
  (652, '2024-11-18 08:46:48', 3300000, 'Giao buổi chiều', 'Tiền mặt', 'completed', 1, 16),
  (653, '2024-11-18 17:27:34', 698000, NULL, 'Chuyển khoản', 'completed', 3, 30),
  (654, '2024-11-18 14:17:04', 21875000, NULL, 'Tiền mặt', 'completed', 2, 29),
  (655, '2024-11-19 12:54:53', 334000, NULL, 'Chuyển khoản', 'completed', 1, 7),
  (656, '2024-11-19 09:41:07', 1116000, NULL, 'Chuyển khoản', 'completed', 1, 9),
  (657, '2024-11-20 17:44:35', 140000, 'Khách quen', 'Chuyển khoản', 'completed', 2, 26),
  (658, '2024-11-21 09:06:30', 1525000, NULL, 'Chuyển khoản', 'completed', 3, 28),
  (659, '2024-11-21 19:19:01', 32107000, 'Giao buổi chiều', 'Tiền mặt', 'completed', 3, 1),
  (660, '2024-11-21 08:03:22', 99000, 'Khách quen', 'Tiền mặt', 'completed', 1, 24),
  (661, '2024-11-22 15:51:32', 17791000, NULL, 'Chuyển khoản', 'completed', 2, 6),
  (662, '2024-11-22 12:32:54', 5824000, NULL, 'Chuyển khoản', 'completed', 2, 13),
  (663, '2024-11-22 12:53:54', 29402000, NULL, 'Tiền mặt', 'completed', 2, 22),
  (664, '2024-11-23 17:43:23', 4038000, NULL, 'Chuyển khoản', 'completed', 3, 27),
  (665, '2024-11-23 10:26:04', 3070000, NULL, 'Tiền mặt', 'completed', 3, 22),
  (666, '2024-11-24 18:57:28', 49000, 'Giao buổi tối', 'Chuyển khoản', 'completed', 2, 6),
  (667, '2024-11-24 19:08:04', 1950000, NULL, 'Chuyển khoản', 'completed', 2, 23),
  (668, '2024-11-24 10:54:46', 9230000, NULL, 'Chuyển khoản', 'completed', 2, 4),
  (669, '2024-11-25 10:35:40', 154000, NULL, 'Chuyển khoản', 'completed', 1, 4),
  (670, '2024-11-25 17:32:30', 398000, NULL, 'Chuyển khoản', 'completed', 3, 29),
  (671, '2024-11-26 10:44:32', 1393000, NULL, 'Tiền mặt', 'completed', 2, 17),
  (672, '2024-11-26 14:03:19', 175000, NULL, 'Tiền mặt', 'completed', 2, 16),
  (673, '2024-11-26 12:17:12', 38740000, 'Khách quen', 'Tiền mặt', 'completed', 2, 2),
  (674, '2024-11-27 08:14:44', 5234000, NULL, 'Chuyển khoản', 'completed', 3, 4),
  (675, '2024-11-27 10:24:21', 8000000, NULL, 'Tiền mặt', 'completed', 3, 11),
  (676, '2024-11-28 15:18:52', 6080000, NULL, 'Tiền mặt', 'completed', 3, 5),
  (677, '2024-11-28 19:10:35', 35261000, NULL, 'Chuyển khoản', 'completed', 1, 12),
  (678, '2024-11-28 15:58:43', 6117000, NULL, 'Chuyển khoản', 'completed', 2, 29),
  (679, '2024-11-29 10:05:23', 2816000, NULL, 'Chuyển khoản', 'completed', 3, 29),
  (680, '2024-11-30 16:14:13', 861000, NULL, 'Chuyển khoản', 'completed', 3, 17),
  (681, '2024-11-30 17:20:34', 675000, 'Giao buổi tối', 'Tiền mặt', 'completed', 1, 25),
  (682, '2024-11-30 15:12:11', 6151000, NULL, 'Tiền mặt', 'completed', 3, 29),
  (683, '2024-12-01 15:39:20', 17625000, 'Giao buổi tối', 'Tiền mặt', 'completed', 2, 19),
  (684, '2024-12-01 10:26:57', 91000, NULL, 'Chuyển khoản', 'completed', 3, 1),
  (685, '2024-12-02 18:32:56', 42000, NULL, 'Chuyển khoản', 'completed', 2, 26),
  (686, '2024-12-03 13:30:40', 28770000, NULL, 'Chuyển khoản', 'completed', 3, 10),
  (687, '2024-12-04 20:18:39', 2834000, NULL, 'Chuyển khoản', 'completed', 2, 21),
  (688, '2024-12-04 20:47:36', 2750000, NULL, 'Tiền mặt', 'completed', 1, 12),
  (689, '2024-12-05 19:15:29', 1106000, NULL, 'Tiền mặt', 'completed', 2, 29),
  (690, '2024-12-05 08:16:53', 2458000, NULL, 'Tiền mặt', 'completed', 1, 21),
  (691, '2024-12-06 12:39:05', 34960000, NULL, 'Chuyển khoản', 'completed', 2, 12),
  (692, '2024-12-07 09:19:08', 1030000, NULL, 'Tiền mặt', 'completed', 3, 5),
  (693, '2024-12-07 20:56:24', 2103000, NULL, 'Chuyển khoản', 'completed', 2, 2),
  (694, '2024-12-08 18:51:17', 7840000, 'Khách quen', 'Tiền mặt', 'completed', 2, 16),
  (695, '2024-12-09 11:03:03', 30450000, NULL, 'Tiền mặt', 'completed', 1, 28),
  (696, '2024-12-09 18:44:19', 1334000, NULL, 'Chuyển khoản', 'completed', 3, 1),
  (697, '2024-12-09 18:06:59', 608000, 'Giao buổi chiều', 'Chuyển khoản', 'completed', 1, 19),
  (698, '2024-12-10 16:14:20', 1076000, NULL, 'Tiền mặt', 'completed', 3, 4),
  (699, '2024-12-11 20:36:34', 4822000, NULL, 'Chuyển khoản', 'completed', 2, 26),
  (700, '2024-12-12 18:38:55', 921000, 'Giao buổi tối', 'Chuyển khoản', 'completed', 1, 27),
  (701, '2024-12-12 20:30:51', 8764000, NULL, 'Tiền mặt', 'completed', 2, 6),
  (702, '2024-12-13 15:56:17', 89000, NULL, 'Chuyển khoản', 'completed', 1, 29),
  (703, '2024-12-13 15:56:15', 10820000, 'Khách quen', 'Chuyển khoản', 'completed', 1, 24),
  (704, '2024-12-14 12:42:18', 910000, NULL, 'Chuyển khoản', 'completed', 2, 21),
  (705, '2024-12-14 12:17:29', 1276000, NULL, 'Tiền mặt', 'completed', 2, 20),
  (706, '2024-12-15 13:11:21', 6155000, 'Giao buổi tối', 'Chuyển khoản', 'completed', 3, 26),
  (707, '2024-12-15 20:28:26', 1260000, 'Giao buổi tối', 'Chuyển khoản', 'completed', 1, 27),
  (708, '2024-12-16 09:05:10', 31400000, NULL, 'Tiền mặt', 'completed', 1, 14),
  (709, '2024-12-16 08:24:00', 4839000, NULL, 'Tiền mặt', 'completed', 2, 6),
  (710, '2024-12-16 14:07:04', 28420000, NULL, 'Tiền mặt', 'completed', 3, 10),
  (711, '2024-12-17 13:01:27', 4465000, NULL, 'Tiền mặt', 'completed', 1, 19),
  (712, '2024-12-17 19:33:34', 14976000, NULL, 'Chuyển khoản', 'completed', 3, 27),
  (713, '2024-12-17 08:32:21', 311000, NULL, 'Tiền mặt', 'completed', 3, 16),
  (714, '2024-12-18 16:22:43', 1921000, NULL, 'Tiền mặt', 'completed', 3, 16),
  (715, '2024-12-18 15:19:35', 1672000, NULL, 'Tiền mặt', 'completed', 1, 24),
  (716, '2024-12-19 13:09:51', 3407000, NULL, 'Tiền mặt', 'completed', 2, 27),
  (717, '2024-12-19 14:32:56', 7589000, NULL, 'Chuyển khoản', 'completed', 3, 24),
  (718, '2024-12-19 17:28:22', 1100000, NULL, 'Tiền mặt', 'completed', 3, 14),
  (719, '2024-12-20 12:16:26', 345000, NULL, 'Tiền mặt', 'completed', 2, 16),
  (720, '2024-12-20 19:48:29', 650000, 'Giao buổi chiều', 'Chuyển khoản', 'completed', 3, 11),
  (721, '2024-12-21 08:09:06', 1195000, NULL, 'Tiền mặt', 'completed', 2, 6),
  (722, '2024-12-22 14:05:12', 2751000, NULL, 'Chuyển khoản', 'completed', 2, 17),
  (723, '2024-12-22 20:45:55', 6014000, NULL, 'Chuyển khoản', 'completed', 2, 17),
  (724, '2024-12-22 09:32:38', 3318000, NULL, 'Chuyển khoản', 'completed', 1, 10),
  (725, '2024-12-23 17:34:33', 4885000, NULL, 'Tiền mặt', 'completed', 2, 17),
  (726, '2024-12-24 09:21:52', 5186000, NULL, 'Chuyển khoản', 'completed', 2, 10),
  (727, '2024-12-25 08:31:46', 27758000, NULL, 'Tiền mặt', 'completed', 1, 19),
  (728, '2024-12-25 12:33:38', 1186000, 'Giao buổi tối', 'Tiền mặt', 'completed', 3, 19),
  (729, '2024-12-26 14:27:11', 1307000, 'Khách quen', 'Chuyển khoản', 'completed', 2, 12),
  (730, '2024-12-26 20:07:51', 26379000, NULL, 'Chuyển khoản', 'completed', 2, 13),
  (731, '2024-12-27 19:22:13', 1795000, NULL, 'Tiền mặt', 'completed', 2, 13),
  (732, '2024-12-28 08:24:14', 4056000, NULL, 'Chuyển khoản', 'completed', 1, 29),
  (733, '2024-12-28 13:04:35', 33054000, NULL, 'Tiền mặt', 'completed', 1, 2),
  (734, '2024-12-29 11:23:58', 2702000, NULL, 'Chuyển khoản', 'completed', 2, 30),
  (735, '2024-12-29 13:10:26', 2890000, NULL, 'Tiền mặt', 'completed', 2, 14),
  (736, '2024-12-30 09:53:02', 35650000, NULL, 'Chuyển khoản', 'completed', 2, 11),
  (737, '2024-12-31 10:34:06', 26362000, NULL, 'Chuyển khoản', 'completed', 3, 19),
  (738, '2024-12-31 15:36:57', 1681000, NULL, 'Tiền mặt', 'completed', 2, 27),
  (739, '2024-12-31 12:25:59', 1950000, NULL, 'Chuyển khoản', 'completed', 3, 17),
  (740, '2025-01-01 14:49:46', 1835000, NULL, 'Chuyển khoản', 'completed', 3, 7),
  (741, '2025-01-02 17:47:32', 25548000, 'Khách quen', 'Chuyển khoản', 'completed', 3, 8),
  (742, '2025-01-02 12:01:30', 5077000, NULL, 'Chuyển khoản', 'completed', 2, 18),
  (743, '2025-01-02 14:45:35', 580000, NULL, 'Chuyển khoản', 'completed', 3, 14),
  (744, '2025-01-03 20:33:36', 2521000, NULL, 'Chuyển khoản', 'completed', 2, 16),
  (745, '2025-01-03 09:57:36', 5000, NULL, 'Tiền mặt', 'completed', 2, 6),
  (746, '2025-01-04 09:31:11', 2305000, NULL, 'Tiền mặt', 'completed', 3, 21),
  (747, '2025-01-04 13:59:50', 4145000, 'Giao buổi tối', 'Tiền mặt', 'completed', 3, 8),
  (748, '2025-01-05 15:04:08', 3839000, 'Khách quen', 'Chuyển khoản', 'completed', 3, 5),
  (749, '2025-01-05 17:00:45', 2391000, NULL, 'Chuyển khoản', 'completed', 3, 22),
  (750, '2025-01-06 09:52:10', 426000, NULL, 'Tiền mặt', 'completed', 1, 7),
  (751, '2025-01-06 11:36:04', 3800000, NULL, 'Tiền mặt', 'completed', 2, 2),
  (752, '2025-01-06 11:53:10', 231000, NULL, 'Tiền mặt', 'completed', 2, 22),
  (753, '2025-01-07 15:12:15', 550000, NULL, 'Chuyển khoản', 'completed', 2, 27),
  (754, '2025-01-08 17:14:51', 4801000, NULL, 'Tiền mặt', 'completed', 1, 22),
  (755, '2025-01-08 17:06:29', 267000, 'Khách quen', 'Chuyển khoản', 'completed', 1, 6),
  (756, '2025-01-08 08:53:15', 4026000, 'Giao buổi chiều', 'Chuyển khoản', 'completed', 2, 17),
  (757, '2025-01-09 11:07:29', 661000, NULL, 'Chuyển khoản', 'completed', 1, 18),
  (758, '2025-01-10 08:29:40', 1662000, 'Khách quen', 'Chuyển khoản', 'completed', 1, 12),
  (759, '2025-01-10 12:01:17', 4310000, NULL, 'Chuyển khoản', 'completed', 3, 5),
  (760, '2025-01-10 11:13:18', 258000, NULL, 'Tiền mặt', 'completed', 3, 8),
  (761, '2025-01-11 14:52:05', 6202000, NULL, 'Tiền mặt', 'completed', 2, 6),
  (762, '2025-01-11 11:13:05', 4911000, NULL, 'Tiền mặt', 'completed', 2, 12),
  (763, '2025-01-12 13:07:25', 35133000, NULL, 'Tiền mặt', 'completed', 2, 3),
  (764, '2025-01-12 10:40:39', 267000, 'Giao buổi tối', 'Chuyển khoản', 'completed', 3, 25),
  (765, '2025-01-13 08:26:55', 8778000, NULL, 'Tiền mặt', 'completed', 3, 1),
  (766, '2025-01-13 20:00:55', 303000, NULL, 'Chuyển khoản', 'completed', 2, 9),
  (767, '2025-01-13 08:28:28', 3101000, NULL, 'Tiền mặt', 'completed', 2, 11),
  (768, '2025-01-14 11:18:34', 20700000, NULL, 'Tiền mặt', 'completed', 3, 10),
  (769, '2025-01-14 18:15:25', 890000, NULL, 'Tiền mặt', 'completed', 2, 12),
  (770, '2025-01-14 14:53:25', 1712000, NULL, 'Tiền mặt', 'completed', 2, 20),
  (771, '2025-01-15 11:38:39', 616000, NULL, 'Tiền mặt', 'completed', 1, 1),
  (772, '2025-01-15 08:13:48', 2127000, NULL, 'Chuyển khoản', 'completed', 3, 5),
  (773, '2025-01-15 20:57:54', 5000, NULL, 'Tiền mặt', 'completed', 2, 20),
  (774, '2025-01-16 18:09:02', 210000, NULL, 'Chuyển khoản', 'completed', 3, 7),
  (775, '2025-01-16 13:53:18', 905000, NULL, 'Tiền mặt', 'completed', 1, 18),
  (776, '2025-01-16 16:17:44', 160000, NULL, 'Chuyển khoản', 'completed', 2, 21),
  (777, '2025-01-17 09:02:49', 18000, NULL, 'Chuyển khoản', 'completed', 2, 4),
  (778, '2025-01-17 19:51:54', 2812000, NULL, 'Tiền mặt', 'completed', 3, 24),
  (779, '2025-01-17 09:39:05', 1742000, NULL, 'Tiền mặt', 'completed', 3, 9),
  (780, '2025-01-18 17:05:21', 1046000, NULL, 'Chuyển khoản', 'completed', 2, 18),
  (781, '2025-01-19 09:31:24', 36618000, NULL, 'Chuyển khoản', 'completed', 2, 2),
  (782, '2025-01-19 10:53:23', 1665000, NULL, 'Chuyển khoản', 'completed', 2, 11),
  (783, '2025-01-20 13:35:32', 30542000, NULL, 'Chuyển khoản', 'completed', 2, 27),
  (784, '2025-01-21 14:06:43', 34998000, NULL, 'Chuyển khoản', 'completed', 1, 24),
  (785, '2025-01-22 13:50:48', 2766000, NULL, 'Chuyển khoản', 'completed', 3, 27),
  (786, '2025-01-23 17:03:38', 985000, NULL, 'Chuyển khoản', 'completed', 3, 6),
  (787, '2025-01-23 11:46:06', 10877000, NULL, 'Tiền mặt', 'completed', 1, 11),
  (788, '2025-01-24 13:10:55', 15096000, NULL, 'Tiền mặt', 'completed', 3, 23),
  (789, '2025-01-24 19:13:32', 27635000, NULL, 'Chuyển khoản', 'completed', 1, 12),
  (790, '2025-01-25 08:42:03', 21576000, NULL, 'Chuyển khoản', 'completed', 1, 3),
  (791, '2025-01-26 19:04:03', 151000, NULL, 'Tiền mặt', 'completed', 3, 13),
  (792, '2025-01-27 20:04:55', 180000, 'Giao buổi tối', 'Chuyển khoản', 'completed', 3, 13),
  (793, '2025-01-28 15:26:28', 8709000, NULL, 'Tiền mặt', 'completed', 1, 24),
  (794, '2025-01-29 11:56:10', 2064000, NULL, 'Tiền mặt', 'completed', 2, 2),
  (795, '2025-01-29 19:45:00', 1192000, NULL, 'Chuyển khoản', 'completed', 3, 16),
  (796, '2025-01-30 09:13:38', 1173000, NULL, 'Chuyển khoản', 'completed', 3, 18),
  (797, '2025-01-30 14:27:33', 12768000, NULL, 'Chuyển khoản', 'completed', 2, 17),
  (798, '2025-01-31 09:20:09', 2827000, 'Giao buổi chiều', 'Chuyển khoản', 'completed', 2, 16),
  (799, '2025-01-31 19:45:04', 4559000, NULL, 'Tiền mặt', 'completed', 3, 11),
  (800, '2025-01-31 11:48:35', 32747000, NULL, 'Tiền mặt', 'completed', 2, 24),
  (801, '2025-02-01 12:37:57', 35044000, NULL, 'Tiền mặt', 'completed', 3, 17),
  (802, '2025-02-01 09:33:24', 28200000, NULL, 'Tiền mặt', 'completed', 3, 6),
  (803, '2025-02-02 18:19:01', 7639000, NULL, 'Chuyển khoản', 'completed', 2, 14),
  (804, '2025-02-02 14:23:45', 26653000, NULL, 'Tiền mặt', 'completed', 2, 2),
  (805, '2025-02-02 18:03:58', 618000, NULL, 'Tiền mặt', 'completed', 3, 24),
  (806, '2025-02-03 14:06:24', 2891000, NULL, 'Tiền mặt', 'completed', 2, 16),
  (807, '2025-02-03 09:16:19', 5537000, 'Khách quen', 'Chuyển khoản', 'completed', 2, 21),
  (808, '2025-02-03 16:46:50', 3291000, NULL, 'Tiền mặt', 'completed', 3, 8),
  (809, '2025-02-04 15:39:27', 15559000, NULL, 'Chuyển khoản', 'completed', 2, 29),
  (810, '2025-02-04 13:12:15', 36756000, NULL, 'Chuyển khoản', 'completed', 2, 15),
  (811, '2025-02-04 18:39:04', 968000, NULL, 'Tiền mặt', 'completed', 2, 28),
  (812, '2025-02-05 11:47:33', 767000, NULL, 'Tiền mặt', 'completed', 2, 11),
  (813, '2025-02-05 10:20:34', 4685000, NULL, 'Chuyển khoản', 'completed', 2, 11),
  (814, '2025-02-06 14:06:15', 1850000, 'Khách quen', 'Tiền mặt', 'completed', 2, 1),
  (815, '2025-02-06 18:17:43', 56000, NULL, 'Tiền mặt', 'completed', 3, 27),
  (816, '2025-02-07 13:24:06', 2307000, NULL, 'Chuyển khoản', 'completed', 2, 29),
  (817, '2025-02-07 10:39:49', 89000, NULL, 'Tiền mặt', 'completed', 3, 23),
  (818, '2025-02-08 17:52:31', 433000, 'Khách quen', 'Chuyển khoản', 'completed', 3, 22),
  (819, '2025-02-09 08:13:49', 94000, 'Giao buổi chiều', 'Chuyển khoản', 'completed', 1, 1),
  (820, '2025-02-09 16:39:36', 387000, NULL, 'Chuyển khoản', 'completed', 1, 8),
  (821, '2025-02-09 12:05:48', 883000, NULL, 'Tiền mặt', 'completed', 3, 30),
  (822, '2025-02-10 10:04:01', 29635000, NULL, 'Tiền mặt', 'completed', 1, 21),
  (823, '2025-02-11 14:47:04', 34845000, NULL, 'Tiền mặt', 'completed', 2, 10),
  (824, '2025-02-11 08:51:22', 16889000, NULL, 'Chuyển khoản', 'completed', 2, 22),
  (825, '2025-02-12 11:45:34', 2810000, 'Giao buổi tối', 'Tiền mặt', 'completed', 1, 22),
  (826, '2025-02-12 11:58:13', 290000, NULL, 'Tiền mặt', 'completed', 3, 5),
  (827, '2025-02-12 08:45:30', 194000, 'Giao buổi chiều', 'Tiền mặt', 'completed', 3, 16),
  (828, '2025-02-13 09:43:53', 19464000, NULL, 'Chuyển khoản', 'completed', 3, 20),
  (829, '2025-02-14 09:37:06', 4690000, 'Giao buổi chiều', 'Tiền mặt', 'completed', 3, 13),
  (830, '2025-02-14 15:00:46', 267000, NULL, 'Tiền mặt', 'completed', 2, 15),
  (831, '2025-02-15 09:56:12', 2568000, NULL, 'Tiền mặt', 'completed', 3, 5),
  (832, '2025-02-15 20:36:16', 1252000, 'Giao buổi tối', 'Chuyển khoản', 'completed', 3, 9),
  (833, '2025-02-16 19:40:30', 17346000, NULL, 'Chuyển khoản', 'completed', 1, 13),
  (834, '2025-02-17 11:52:21', 1100000, NULL, 'Tiền mặt', 'completed', 2, 7),
  (835, '2025-02-17 16:29:41', 188000, NULL, 'Tiền mặt', 'completed', 3, 7),
  (836, '2025-02-18 12:10:16', 10000, NULL, 'Tiền mặt', 'completed', 3, 17),
  (837, '2025-02-18 09:24:18', 1988000, NULL, 'Tiền mặt', 'completed', 3, 1),
  (838, '2025-02-18 16:24:19', 4961000, NULL, 'Chuyển khoản', 'completed', 3, 5),
  (839, '2025-02-19 18:11:43', 1900000, NULL, 'Chuyển khoản', 'completed', 3, 6),
  (840, '2025-02-20 16:30:39', 1298000, 'Giao buổi tối', 'Tiền mặt', 'completed', 1, 18),
  (841, '2025-02-21 13:09:26', 1046000, NULL, 'Chuyển khoản', 'completed', 2, 3),
  (842, '2025-02-22 11:17:45', 600000, NULL, 'Tiền mặt', 'completed', 2, 26),
  (843, '2025-02-22 20:55:35', 2066000, NULL, 'Chuyển khoản', 'completed', 3, 26),
  (844, '2025-02-22 17:13:34', 715000, NULL, 'Tiền mặt', 'completed', 1, 7),
  (845, '2025-02-23 14:21:54', 3706000, NULL, 'Chuyển khoản', 'completed', 1, 21),
  (846, '2025-02-24 15:57:22', 1723000, NULL, 'Chuyển khoản', 'completed', 2, 13),
  (847, '2025-02-24 12:46:23', 1028000, NULL, 'Tiền mặt', 'completed', 3, 25),
  (848, '2025-02-25 12:00:16', 20963000, NULL, 'Tiền mặt', 'completed', 3, 29),
  (849, '2025-02-26 13:51:25', 30469000, NULL, 'Tiền mặt', 'completed', 1, 6),
  (850, '2025-02-26 13:52:21', 9182000, 'Giao buổi tối', 'Chuyển khoản', 'completed', 2, 25),
  (851, '2025-02-27 16:53:28', 961000, NULL, 'Tiền mặt', 'completed', 1, 8),
  (852, '2025-02-28 19:01:10', 80000, NULL, 'Tiền mặt', 'completed', 1, 21),
  (853, '2025-03-01 18:36:10', 958000, 'Giao buổi tối', 'Tiền mặt', 'completed', 3, 8),
  (854, '2025-03-02 15:25:50', 1242000, 'Khách quen', 'Tiền mặt', 'completed', 2, 1),
  (855, '2025-03-03 10:51:04', 3158000, 'Giao buổi tối', 'Chuyển khoản', 'completed', 1, 22),
  (856, '2025-03-04 19:05:55', 2451000, NULL, 'Tiền mặt', 'completed', 2, 4),
  (857, '2025-03-05 09:47:49', 4387000, NULL, 'Chuyển khoản', 'completed', 2, 3),
  (858, '2025-03-06 15:20:34', 24267000, NULL, 'Tiền mặt', 'completed', 1, 21),
  (859, '2025-03-07 14:47:34', 2012000, NULL, 'Chuyển khoản', 'completed', 2, 27),
  (860, '2025-03-08 19:19:52', 2289000, NULL, 'Tiền mặt', 'completed', 1, 17),
  (861, '2025-03-08 17:56:57', 32779000, NULL, 'Tiền mặt', 'completed', 1, 15),
  (862, '2025-03-08 17:26:19', 1028000, NULL, 'Tiền mặt', 'completed', 2, 20),
  (863, '2025-03-09 12:22:44', 4156000, NULL, 'Tiền mặt', 'completed', 1, 7),
  (864, '2025-03-09 10:52:59', 272000, NULL, 'Tiền mặt', 'completed', 3, 7),
  (865, '2025-03-10 16:04:49', 37530000, 'Giao buổi tối', 'Chuyển khoản', 'completed', 1, 21),
  (866, '2025-03-11 14:26:03', 28655000, NULL, 'Tiền mặt', 'completed', 1, 28),
  (867, '2025-03-11 16:51:03', 5766000, NULL, 'Chuyển khoản', 'completed', 1, 7),
  (868, '2025-03-12 15:49:51', 188000, NULL, 'Chuyển khoản', 'completed', 3, 2),
  (869, '2025-03-12 17:22:48', 1924000, NULL, 'Chuyển khoản', 'completed', 2, 19),
  (870, '2025-03-12 20:34:25', 902000, NULL, 'Tiền mặt', 'completed', 1, 12),
  (871, '2025-03-13 13:44:44', 1485000, NULL, 'Chuyển khoản', 'completed', 3, 27),
  (872, '2025-03-14 15:22:21', 7035000, NULL, 'Tiền mặt', 'completed', 3, 26),
  (873, '2025-03-15 11:24:17', 3544000, NULL, 'Tiền mặt', 'completed', 2, 25),
  (874, '2025-03-15 17:21:13', 20625000, NULL, 'Tiền mặt', 'completed', 1, 23),
  (875, '2025-03-15 17:37:53', 4168000, NULL, 'Tiền mặt', 'completed', 1, 1),
  (876, '2025-03-16 17:08:42', 89000, NULL, 'Chuyển khoản', 'completed', 1, 4),
  (877, '2025-03-17 13:24:48', 5730000, NULL, 'Chuyển khoản', 'completed', 3, 28),
  (878, '2025-03-18 08:31:06', 1044000, NULL, 'Chuyển khoản', 'completed', 2, 18),
  (879, '2025-03-18 15:18:15', 6966000, NULL, 'Tiền mặt', 'completed', 3, 6),
  (880, '2025-03-19 09:13:31', 1154000, NULL, 'Chuyển khoản', 'completed', 2, 8),
  (881, '2025-03-19 18:15:24', 3345000, NULL, 'Chuyển khoản', 'completed', 3, 1),
  (882, '2025-03-20 20:24:54', 420000, NULL, 'Chuyển khoản', 'completed', 3, 16),
  (883, '2025-03-20 08:37:45', 1737000, NULL, 'Tiền mặt', 'completed', 1, 21),
  (884, '2025-03-21 16:26:18', 1683000, 'Giao buổi tối', 'Chuyển khoản', 'completed', 3, 19),
  (885, '2025-03-22 17:32:47', 1034000, NULL, 'Tiền mặt', 'completed', 1, 30),
  (886, '2025-03-22 20:48:17', 2394000, NULL, 'Tiền mặt', 'completed', 1, 13),
  (887, '2025-03-23 18:16:35', 1077000, NULL, 'Tiền mặt', 'completed', 1, 10),
  (888, '2025-03-23 12:57:37', 7445000, NULL, 'Chuyển khoản', 'completed', 1, 20),
  (889, '2025-03-24 18:32:13', 4863000, NULL, 'Chuyển khoản', 'completed', 1, 8),
  (890, '2025-03-24 13:48:16', 2294000, NULL, 'Chuyển khoản', 'completed', 3, 18),
  (891, '2025-03-25 11:32:09', 1662000, NULL, 'Chuyển khoản', 'completed', 1, 30),
  (892, '2025-03-25 10:20:25', 2597000, NULL, 'Chuyển khoản', 'completed', 3, 21),
  (893, '2025-03-25 11:10:38', 6601000, NULL, 'Chuyển khoản', 'completed', 3, 6),
  (894, '2025-03-26 10:30:33', 532000, NULL, 'Tiền mặt', 'completed', 3, 3),
  (895, '2025-03-26 18:30:50', 4450000, NULL, 'Chuyển khoản', 'completed', 2, 3),
  (896, '2025-03-27 10:45:00', 3405000, NULL, 'Tiền mặt', 'completed', 3, 1),
  (897, '2025-03-27 08:10:32', 517000, NULL, 'Chuyển khoản', 'completed', 2, 4),
  (898, '2025-03-27 12:04:09', 545000, 'Giao buổi chiều', 'Tiền mặt', 'completed', 3, 23),
  (899, '2025-03-28 16:17:08', 4634000, NULL, 'Chuyển khoản', 'completed', 3, 22),
  (900, '2025-03-29 15:03:27', 387000, 'Giao buổi chiều', 'Chuyển khoản', 'completed', 1, 9),
  (901, '2025-03-29 13:38:54', 7041000, NULL, 'Tiền mặt', 'completed', 2, 10),
  (902, '2025-03-30 20:35:27', 98000, 'Khách quen', 'Chuyển khoản', 'completed', 2, 26),
  (903, '2025-03-30 10:18:53', 3738000, NULL, 'Chuyển khoản', 'completed', 1, 18),
  (904, '2025-03-31 12:45:36', 4534000, NULL, 'Tiền mặt', 'completed', 1, 28),
  (905, '2025-03-31 12:51:27', 89000, NULL, 'Chuyển khoản', 'completed', 3, 3),
  (906, '2025-03-31 16:53:42', 613000, 'Giao buổi tối', 'Tiền mặt', 'completed', 2, 18),
  (907, '2025-04-01 15:40:00', 1883000, NULL, 'Chuyển khoản', 'completed', 1, 26),
  (908, '2025-04-01 20:56:07', 435000, 'Giao buổi tối', 'Tiền mặt', 'completed', 3, 28),
  (909, '2025-04-02 12:08:47', 5215000, NULL, 'Chuyển khoản', 'completed', 1, 29),
  (910, '2025-04-02 09:34:16', 2202000, NULL, 'Tiền mặt', 'completed', 1, 6),
  (911, '2025-04-03 16:24:46', 4100000, NULL, 'Chuyển khoản', 'completed', 1, 28),
  (912, '2025-04-03 15:01:33', 685000, NULL, 'Tiền mặt', 'completed', 2, 15),
  (913, '2025-04-04 08:56:59', 84000, NULL, 'Chuyển khoản', 'completed', 2, 18),
  (914, '2025-04-05 10:02:35', 677000, 'Khách quen', 'Tiền mặt', 'completed', 1, 30),
  (915, '2025-04-05 16:44:35', 1560000, 'Khách quen', 'Tiền mặt', 'completed', 1, 18),
  (916, '2025-04-05 17:22:26', 356000, NULL, 'Chuyển khoản', 'completed', 2, 26),
  (917, '2025-04-06 10:46:16', 13935000, NULL, 'Tiền mặt', 'completed', 3, 12),
  (918, '2025-04-06 09:51:50', 112000, NULL, 'Chuyển khoản', 'completed', 3, 21),
  (919, '2025-04-06 12:42:07', 22121000, NULL, 'Chuyển khoản', 'completed', 1, 29),
  (920, '2025-04-07 16:58:20', 932000, NULL, 'Chuyển khoản', 'completed', 3, 19),
  (921, '2025-04-08 17:27:22', 10310000, NULL, 'Chuyển khoản', 'completed', 3, 1),
  (922, '2025-04-09 08:27:28', 27204000, 'Khách quen', 'Tiền mặt', 'completed', 1, 4),
  (923, '2025-04-09 14:28:00', 1400000, NULL, 'Tiền mặt', 'completed', 3, 21),
  (924, '2025-04-10 13:42:03', 2873000, NULL, 'Tiền mặt', 'completed', 3, 2),
  (925, '2025-04-11 09:30:26', 947000, 'Khách quen', 'Chuyển khoản', 'completed', 3, 10),
  (926, '2025-04-12 15:58:01', 34500000, NULL, 'Tiền mặt', 'completed', 2, 19),
  (927, '2025-04-12 17:10:51', 417000, NULL, 'Tiền mặt', 'completed', 2, 30),
  (928, '2025-04-12 16:41:58', 10633000, NULL, 'Tiền mặt', 'completed', 3, 8),
  (929, '2025-04-13 13:43:47', 8076000, NULL, 'Chuyển khoản', 'completed', 3, 6),
  (930, '2025-04-13 16:04:54', 801000, NULL, 'Chuyển khoản', 'completed', 3, 4),
  (931, '2025-04-14 10:15:00', 35000, NULL, 'Tiền mặt', 'completed', 3, 3),
  (932, '2025-04-14 12:04:39', 5588000, NULL, 'Tiền mặt', 'completed', 1, 6),
  (933, '2025-04-14 10:07:58', 42000, NULL, 'Chuyển khoản', 'completed', 3, 10),
  (934, '2025-04-15 18:55:14', 2103000, NULL, 'Tiền mặt', 'completed', 3, 12),
  (935, '2025-04-15 17:35:04', 2850000, NULL, 'Tiền mặt', 'completed', 3, 14),
  (936, '2025-04-16 08:56:23', 6855000, NULL, 'Tiền mặt', 'completed', 2, 7),
  (937, '2025-04-16 13:44:40', 21979000, 'Giao buổi tối', 'Tiền mặt', 'completed', 1, 27),
  (938, '2025-04-17 08:06:24', 1280000, NULL, 'Chuyển khoản', 'completed', 2, 12),
  (939, '2025-04-17 18:39:17', 568000, NULL, 'Chuyển khoản', 'completed', 1, 15),
  (940, '2025-04-17 13:19:09', 32667000, NULL, 'Chuyển khoản', 'completed', 1, 30),
  (941, '2025-04-18 16:35:35', 14869000, NULL, 'Tiền mặt', 'completed', 1, 10),
  (942, '2025-04-18 20:03:11', 718000, NULL, 'Chuyển khoản', 'completed', 1, 29),
  (943, '2025-04-18 12:42:07', 3541000, NULL, 'Tiền mặt', 'completed', 2, 16),
  (944, '2025-04-19 12:17:58', 300000, NULL, 'Tiền mặt', 'completed', 3, 27),
  (945, '2025-04-20 17:46:32', 1529000, NULL, 'Tiền mặt', 'completed', 1, 27),
  (946, '2025-04-21 18:46:35', 84000, 'Giao buổi tối', 'Chuyển khoản', 'completed', 2, 10),
  (947, '2025-04-22 14:30:44', 1425000, NULL, 'Chuyển khoản', 'completed', 2, 3),
  (948, '2025-04-22 16:10:16', 415000, 'Khách quen', 'Chuyển khoản', 'completed', 1, 6),
  (949, '2025-04-22 11:55:10', 577000, 'Giao buổi chiều', 'Chuyển khoản', 'completed', 3, 5),
  (950, '2025-04-23 14:31:40', 26311000, NULL, 'Tiền mặt', 'completed', 2, 28),
  (951, '2025-04-24 10:01:45', 5020000, NULL, 'Tiền mặt', 'completed', 3, 14),
  (952, '2025-04-25 09:12:49', 2148000, NULL, 'Tiền mặt', 'completed', 1, 20),
  (953, '2025-04-25 09:24:33', 315000, NULL, 'Chuyển khoản', 'completed', 3, 27),
  (954, '2025-04-26 16:27:39', 5965000, NULL, 'Tiền mặt', 'completed', 3, 15),
  (955, '2025-04-26 08:46:41', 168000, NULL, 'Chuyển khoản', 'completed', 3, 11),
  (956, '2025-04-27 17:06:55', 29042000, NULL, 'Chuyển khoản', 'completed', 2, 11),
  (957, '2025-04-27 12:08:09', 23590000, NULL, 'Tiền mặt', 'completed', 2, 19),
  (958, '2025-04-28 17:25:33', 1959000, NULL, 'Tiền mặt', 'completed', 3, 18),
  (959, '2025-04-28 09:57:57', 20700000, NULL, 'Tiền mặt', 'completed', 2, 19),
  (960, '2025-04-29 13:53:09', 35232000, NULL, 'Tiền mặt', 'completed', 1, 21),
  (961, '2025-04-30 10:41:49', 7131000, NULL, 'Tiền mặt', 'completed', 1, 5),
  (962, '2025-05-01 14:17:31', 5049000, NULL, 'Tiền mặt', 'completed', 2, 19),
  (963, '2025-05-01 11:39:34', 1560000, NULL, 'Tiền mặt', 'completed', 2, 11),
  (964, '2025-05-01 08:43:52', 387000, 'Giao buổi chiều', 'Chuyển khoản', 'completed', 1, 2),
  (965, '2025-05-02 16:22:53', 1950000, NULL, 'Chuyển khoản', 'completed', 1, 20),
  (966, '2025-05-02 16:04:06', 25387000, NULL, 'Chuyển khoản', 'completed', 1, 13),
  (967, '2025-05-03 08:01:44', 513000, NULL, 'Tiền mặt', 'completed', 1, 30),
  (968, '2025-05-04 12:30:44', 6122000, NULL, 'Tiền mặt', 'completed', 3, 20),
  (969, '2025-05-05 14:35:36', 822000, 'Giao buổi chiều', 'Chuyển khoản', 'completed', 2, 5),
  (970, '2025-05-05 13:08:07', 37397000, 'Giao buổi chiều', 'Chuyển khoản', 'completed', 3, 16),
  (971, '2025-05-06 20:04:16', 215000, NULL, 'Chuyển khoản', 'completed', 2, 18),
  (972, '2025-05-07 15:10:01', 4434000, NULL, 'Chuyển khoản', 'completed', 2, 27),
  (973, '2025-05-07 12:45:16', 14230000, NULL, 'Tiền mặt', 'completed', 1, 6),
  (974, '2025-05-07 17:58:38', 2820000, 'Khách quen', 'Chuyển khoản', 'completed', 3, 4),
  (975, '2025-05-08 19:42:42', 3249000, NULL, 'Tiền mặt', 'completed', 1, 30),
  (976, '2025-05-09 20:31:53', 18164000, 'Giao buổi chiều', 'Tiền mặt', 'completed', 1, 6),
  (977, '2025-05-10 13:01:59', 4806000, NULL, 'Chuyển khoản', 'completed', 1, 16),
  (978, '2025-05-11 09:36:31', 121000, NULL, 'Tiền mặt', 'completed', 1, 4),
  (979, '2025-05-12 17:54:10', 2115000, NULL, 'Chuyển khoản', 'completed', 3, 29),
  (980, '2025-05-13 14:27:10', 28149000, NULL, 'Tiền mặt', 'completed', 1, 1),
  (981, '2025-05-13 17:18:26', 18543000, NULL, 'Chuyển khoản', 'completed', 2, 22),
  (982, '2025-05-13 16:05:36', 340000, NULL, 'Tiền mặt', 'completed', 3, 28),
  (983, '2025-05-14 15:57:36', 532000, NULL, 'Tiền mặt', 'completed', 1, 21),
  (984, '2025-05-15 13:09:22', 7866000, NULL, 'Tiền mặt', 'completed', 3, 28),
  (985, '2025-05-16 11:52:49', 2885000, NULL, 'Chuyển khoản', 'completed', 1, 29),
  (986, '2025-05-16 12:33:33', 3924000, 'Giao buổi tối', 'Chuyển khoản', 'completed', 1, 23),
  (987, '2025-05-16 16:27:15', 1775000, 'Giao buổi chiều', 'Chuyển khoản', 'completed', 1, 14),
  (988, '2025-05-17 14:33:03', 750000, 'Khách quen', 'Chuyển khoản', 'completed', 1, 26),
  (989, '2025-05-17 08:49:20', 2206000, NULL, 'Tiền mặt', 'completed', 1, 3),
  (990, '2025-05-17 08:24:57', 207000, NULL, 'Chuyển khoản', 'completed', 1, 28),
  (991, '2025-05-18 14:24:14', 11762000, NULL, 'Tiền mặt', 'completed', 3, 15),
  (992, '2025-05-19 14:52:30', 6343000, NULL, 'Tiền mặt', 'completed', 3, 25),
  (993, '2025-05-20 11:20:41', 11448000, NULL, 'Tiền mặt', 'completed', 1, 17),
  (994, '2025-05-20 16:06:16', 5925000, NULL, 'Chuyển khoản', 'completed', 1, 21),
  (995, '2025-05-21 16:39:51', 2706000, 'Giao buổi tối', 'Chuyển khoản', 'completed', 2, 20),
  (996, '2025-05-22 17:58:21', 619000, NULL, 'Chuyển khoản', 'completed', 2, 9),
  (997, '2025-05-22 13:26:32', 1916000, 'Khách quen', 'Tiền mặt', 'completed', 1, 24),
  (998, '2025-05-23 14:38:55', 3515000, NULL, 'Chuyển khoản', 'completed', 1, 30),
  (999, '2025-05-23 20:04:25', 432000, NULL, 'Chuyển khoản', 'completed', 3, 6),
  (1000, '2025-05-24 11:58:51', 5000, NULL, 'Tiền mặt', 'completed', 1, 23),
  (1001, '2025-05-24 19:43:48', 2598000, NULL, 'Tiền mặt', 'completed', 3, 26),
  (1002, '2025-05-25 18:09:50', 4513000, 'Giao buổi tối', 'Chuyển khoản', 'completed', 1, 26),
  (1003, '2025-05-25 11:13:25', 21551000, 'Giao buổi tối', 'Tiền mặt', 'completed', 2, 24),
  (1004, '2025-05-26 13:29:17', 123000, 'Giao buổi chiều', 'Chuyển khoản', 'completed', 1, 24),
  (1005, '2025-05-27 08:00:13', 2256000, NULL, 'Tiền mặt', 'completed', 2, 30),
  (1006, '2025-05-27 11:45:06', 4078000, NULL, 'Chuyển khoản', 'completed', 2, 14),
  (1007, '2025-05-27 12:06:22', 452000, NULL, 'Tiền mặt', 'completed', 2, 4),
  (1008, '2025-05-28 19:27:06', 2546000, NULL, 'Chuyển khoản', 'completed', 1, 16),
  (1009, '2025-05-28 11:09:08', 876000, NULL, 'Tiền mặt', 'completed', 3, 18),
  (1010, '2025-05-28 20:07:53', 8625000, NULL, 'Tiền mặt', 'completed', 1, 24),
  (1011, '2025-05-29 17:48:37', 4295000, 'Giao buổi chiều', 'Tiền mặt', 'completed', 3, 12),
  (1012, '2025-05-29 13:02:06', 678000, NULL, 'Tiền mặt', 'completed', 1, 9),
  (1013, '2025-05-29 14:29:09', 525000, NULL, 'Tiền mặt', 'completed', 1, 6),
  (1014, '2025-05-30 08:38:21', 637000, NULL, 'Tiền mặt', 'completed', 2, 16),
  (1015, '2025-05-31 18:51:29', 1156000, NULL, 'Tiền mặt', 'completed', 2, 20),
  (1016, '2025-06-01 15:56:05', 22195000, NULL, 'Chuyển khoản', 'completed', 3, 14),
  (1017, '2025-06-01 20:48:42', 25200000, NULL, 'Chuyển khoản', 'completed', 1, 9),
  (1018, '2025-06-01 09:10:16', 8205000, NULL, 'Tiền mặt', 'completed', 1, 6),
  (1019, '2025-06-02 10:58:28', 21133000, NULL, 'Tiền mặt', 'completed', 2, 20),
  (1020, '2025-06-03 16:42:24', 270000, NULL, 'Tiền mặt', 'completed', 2, 29),
  (1021, '2025-06-03 16:40:33', 831000, NULL, 'Tiền mặt', 'completed', 3, 23),
  (1022, '2025-06-04 09:05:37', 717000, NULL, 'Tiền mặt', 'completed', 1, 16),
  (1023, '2025-06-04 17:50:10', 94000, NULL, 'Chuyển khoản', 'completed', 3, 7),
  (1024, '2025-06-05 13:41:30', 32061000, NULL, 'Tiền mặt', 'completed', 2, 21),
  (1025, '2025-06-06 11:59:01', 1156000, 'Giao buổi tối', 'Tiền mặt', 'completed', 2, 15),
  (1026, '2025-06-06 20:40:46', 1617000, NULL, 'Tiền mặt', 'completed', 2, 30),
  (1027, '2025-06-06 15:21:02', 675000, 'Giao buổi chiều', 'Chuyển khoản', 'completed', 2, 5),
  (1028, '2025-06-07 11:12:06', 1992000, NULL, 'Tiền mặt', 'completed', 2, 8),
  (1029, '2025-06-08 09:16:02', 2188000, NULL, 'Chuyển khoản', 'completed', 3, 15),
  (1030, '2025-06-09 08:20:16', 680000, NULL, 'Chuyển khoản', 'completed', 3, 1),
  (1031, '2025-06-09 11:29:25', 7805000, 'Khách quen', 'Chuyển khoản', 'completed', 1, 2),
  (1032, '2025-06-09 14:14:33', 4803000, NULL, 'Tiền mặt', 'completed', 2, 23),
  (1033, '2025-06-10 14:49:03', 3440000, NULL, 'Tiền mặt', 'completed', 3, 1),
  (1034, '2025-06-10 19:58:08', 210000, NULL, 'Chuyển khoản', 'completed', 3, 25),
  (1035, '2025-06-11 10:37:43', 345000, NULL, 'Tiền mặt', 'completed', 2, 8),
  (1036, '2025-06-11 13:32:14', 4578000, NULL, 'Chuyển khoản', 'completed', 2, 11),
  (1037, '2025-06-12 10:34:18', 3800000, NULL, 'Chuyển khoản', 'completed', 3, 26),
  (1038, '2025-06-12 14:56:22', 1241000, NULL, 'Chuyển khoản', 'completed', 1, 23),
  (1039, '2025-06-13 15:35:08', 5753000, NULL, 'Chuyển khoản', 'completed', 2, 26),
  (1040, '2025-06-14 17:26:58', 178000, NULL, 'Tiền mặt', 'completed', 1, 12),
  (1041, '2025-06-14 09:47:34', 70000, 'Giao buổi chiều', 'Chuyển khoản', 'completed', 2, 25),
  (1042, '2025-06-14 19:19:47', 733000, NULL, 'Chuyển khoản', 'completed', 1, 23),
  (1043, '2025-06-15 15:19:41', 32661000, NULL, 'Chuyển khoản', 'completed', 1, 5),
  (1044, '2025-06-16 09:06:37', 1950000, NULL, 'Chuyển khoản', 'completed', 1, 3),
  (1045, '2025-06-17 19:46:54', 29801000, NULL, 'Tiền mặt', 'completed', 3, 27),
  (1046, '2025-06-17 12:56:32', 2686000, NULL, 'Tiền mặt', 'completed', 3, 15),
  (1047, '2025-06-18 19:54:34', 4066000, NULL, 'Tiền mặt', 'completed', 2, 25),
  (1048, '2025-06-18 09:19:41', 14613000, NULL, 'Chuyển khoản', 'completed', 3, 5),
  (1049, '2025-06-19 15:21:18', 13681000, NULL, 'Chuyển khoản', 'completed', 1, 20),
  (1050, '2025-06-19 08:57:44', 440000, NULL, 'Chuyển khoản', 'completed', 2, 13),
  (1051, '2025-06-20 16:57:30', 541000, NULL, 'Chuyển khoản', 'completed', 3, 13),
  (1052, '2025-06-20 14:14:10', 4808000, 'Khách quen', 'Chuyển khoản', 'completed', 3, 23),
  (1053, '2025-06-21 15:34:09', 3045000, 'Giao buổi tối', 'Chuyển khoản', 'completed', 3, 28),
  (1054, '2025-06-21 16:31:25', 290000, 'Giao buổi chiều', 'Chuyển khoản', 'completed', 2, 18),
  (1055, '2025-06-22 09:06:36', 1560000, 'Giao buổi tối', 'Tiền mặt', 'completed', 3, 1),
  (1056, '2025-06-22 13:19:22', 1923000, NULL, 'Tiền mặt', 'completed', 3, 15),
  (1057, '2025-06-22 08:06:21', 210000, NULL, 'Chuyển khoản', 'completed', 2, 20),
  (1058, '2025-06-23 09:53:50', 1263000, NULL, 'Chuyển khoản', 'completed', 1, 15),
  (1059, '2025-06-24 12:05:05', 4804000, NULL, 'Chuyển khoản', 'completed', 1, 26),
  (1060, '2025-06-24 16:48:10', 17419000, NULL, 'Chuyển khoản', 'completed', 3, 8),
  (1061, '2025-06-24 16:03:52', 125000, NULL, 'Tiền mặt', 'completed', 1, 27),
  (1062, '2025-06-25 18:57:25', 2980000, NULL, 'Tiền mặt', 'completed', 2, 29),
  (1063, '2025-06-25 14:46:21', 27620000, NULL, 'Tiền mặt', 'completed', 2, 16),
  (1064, '2025-06-26 18:37:23', 20700000, NULL, 'Chuyển khoản', 'completed', 3, 13),
  (1065, '2025-06-26 08:08:55', 1448000, NULL, 'Chuyển khoản', 'completed', 3, 11),
  (1066, '2025-06-27 12:27:23', 4575000, 'Giao buổi tối', 'Tiền mặt', 'completed', 1, 20),
  (1067, '2025-06-28 14:19:55', 4017000, NULL, 'Chuyển khoản', 'completed', 2, 18),
  (1068, '2025-06-28 08:54:59', 680000, NULL, 'Tiền mặt', 'completed', 3, 17),
  (1069, '2025-06-28 15:29:16', 210000, NULL, 'Chuyển khoản', 'completed', 2, 9),
  (1070, '2025-06-29 13:13:15', 4895000, NULL, 'Tiền mặt', 'completed', 2, 18),
  (1071, '2025-06-29 18:04:47', 988000, NULL, 'Chuyển khoản', 'completed', 2, 21),
  (1072, '2025-06-29 11:11:53', 2810000, NULL, 'Tiền mặt', 'completed', 1, 15),
  (1073, '2025-06-30 10:37:00', 354000, NULL, 'Chuyển khoản', 'completed', 2, 6),
  (1074, '2025-06-30 12:51:57', 451000, 'Giao buổi tối', 'Tiền mặt', 'completed', 3, 13),
  (1075, '2025-07-01 11:56:10', 29948000, NULL, 'Tiền mặt', 'completed', 3, 15),
  (1076, '2025-07-02 13:14:00', 5000, 'Khách quen', 'Chuyển khoản', 'completed', 1, 5),
  (1077, '2025-07-03 11:40:46', 2548000, 'Giao buổi tối', 'Chuyển khoản', 'completed', 2, 3),
  (1078, '2025-07-03 14:02:18', 28752000, NULL, 'Tiền mặt', 'completed', 1, 1),
  (1079, '2025-07-04 10:45:35', 2089000, NULL, 'Tiền mặt', 'completed', 1, 4),
  (1080, '2025-07-05 18:44:06', 3000000, NULL, 'Tiền mặt', 'completed', 2, 9),
  (1081, '2025-07-05 08:23:33', 3328000, 'Khách quen', 'Chuyển khoản', 'completed', 3, 20),
  (1082, '2025-07-06 20:05:29', 3264000, NULL, 'Chuyển khoản', 'completed', 3, 27),
  (1083, '2025-07-07 09:52:43', 5507000, NULL, 'Tiền mặt', 'completed', 1, 23),
  (1084, '2025-07-07 11:50:44', 4893000, NULL, 'Chuyển khoản', 'completed', 3, 12),
  (1085, '2025-07-07 14:27:22', 70000, NULL, 'Tiền mặt', 'completed', 2, 15),
  (1086, '2025-07-08 09:41:27', 306000, NULL, 'Tiền mặt', 'completed', 1, 6),
  (1087, '2025-07-08 10:23:19', 3120000, NULL, 'Tiền mặt', 'completed', 2, 23),
  (1088, '2025-07-08 09:11:09', 2610000, NULL, 'Tiền mặt', 'completed', 2, 22),
  (1089, '2025-07-09 19:29:58', 890000, 'Giao buổi tối', 'Tiền mặt', 'completed', 1, 10),
  (1090, '2025-07-09 14:23:45', 1560000, NULL, 'Chuyển khoản', 'completed', 2, 3),
  (1091, '2025-07-10 20:56:38', 1345000, NULL, 'Chuyển khoản', 'completed', 1, 15),
  (1092, '2025-07-10 13:27:13', 13133000, NULL, 'Tiền mặt', 'completed', 1, 20),
  (1093, '2025-07-10 13:23:05', 1848000, NULL, 'Chuyển khoản', 'completed', 2, 14),
  (1094, '2025-07-11 18:18:58', 920000, 'Giao buổi chiều', 'Tiền mặt', 'completed', 2, 23),
  (1095, '2025-07-12 16:21:33', 35000, NULL, 'Tiền mặt', 'completed', 2, 23),
  (1096, '2025-07-13 09:27:49', 2972000, 'Giao buổi tối', 'Tiền mặt', 'completed', 2, 24),
  (1097, '2025-07-13 08:36:09', 1920000, NULL, 'Chuyển khoản', 'completed', 3, 23),
  (1098, '2025-07-13 13:20:49', 420000, NULL, 'Chuyển khoản', 'completed', 1, 21),
  (1099, '2025-07-14 14:30:48', 4353000, 'Giao buổi tối', 'Tiền mặt', 'completed', 2, 21),
  (1100, '2025-07-14 15:28:23', 2319000, 'Giao buổi chiều', 'Tiền mặt', 'completed', 1, 28),
  (1101, '2025-07-14 14:05:46', 1374000, NULL, 'Chuyển khoản', 'completed', 2, 18),
  (1102, '2025-07-15 13:53:35', 1170000, NULL, 'Chuyển khoản', 'completed', 1, 19),
  (1103, '2025-07-15 17:18:37', 84000, 'Giao buổi tối', 'Chuyển khoản', 'completed', 1, 14),
  (1104, '2025-07-15 16:50:48', 22702000, 'Giao buổi chiều', 'Tiền mặt', 'completed', 2, 23),
  (1105, '2025-07-16 08:27:49', 6434000, 'Giao buổi tối', 'Chuyển khoản', 'completed', 3, 10),
  (1106, '2025-07-16 20:58:45', 2180000, NULL, 'Chuyển khoản', 'completed', 1, 2),
  (1107, '2025-07-16 10:23:48', 178000, 'Giao buổi tối', 'Tiền mặt', 'completed', 1, 8),
  (1108, '2025-07-17 10:39:31', 1630000, NULL, 'Tiền mặt', 'completed', 3, 18),
  (1109, '2025-07-18 20:06:44', 1639000, NULL, 'Tiền mặt', 'completed', 1, 29),
  (1110, '2025-07-18 14:37:29', 600000, NULL, 'Tiền mặt', 'completed', 2, 5),
  (1111, '2025-07-18 12:06:42', 750000, 'Giao buổi tối', 'Chuyển khoản', 'completed', 2, 17),
  (1112, '2025-07-19 12:28:40', 2889000, NULL, 'Tiền mặt', 'completed', 1, 28),
  (1113, '2025-07-19 10:20:56', 610000, NULL, 'Chuyển khoản', 'completed', 1, 25),
  (1114, '2025-07-19 17:37:42', 1526000, NULL, 'Chuyển khoản', 'completed', 3, 12),
  (1115, '2025-07-20 17:22:37', 1295000, NULL, 'Chuyển khoản', 'completed', 2, 7),
  (1116, '2025-07-20 14:41:18', 3620000, NULL, 'Tiền mặt', 'completed', 2, 27),
  (1117, '2025-07-21 17:38:25', 3032000, NULL, 'Tiền mặt', 'completed', 2, 9),
  (1118, '2025-07-21 14:27:21', 1138000, 'Giao buổi chiều', 'Chuyển khoản', 'completed', 2, 20),
  (1119, '2025-07-22 17:03:29', 5696000, NULL, 'Chuyển khoản', 'completed', 3, 29),
  (1120, '2025-07-22 16:36:43', 39387000, NULL, 'Tiền mặt', 'completed', 1, 24),
  (1121, '2025-07-23 17:15:56', 947000, NULL, 'Chuyển khoản', 'completed', 2, 15),
  (1122, '2025-07-24 17:50:08', 994000, NULL, 'Chuyển khoản', 'completed', 1, 15),
  (1123, '2025-07-25 20:35:42', 3948000, NULL, 'Chuyển khoản', 'completed', 1, 12),
  (1124, '2025-07-26 08:05:11', 4588000, NULL, 'Tiền mặt', 'completed', 3, 12),
  (1125, '2025-07-27 18:19:03', 540000, NULL, 'Tiền mặt', 'completed', 3, 23),
  (1126, '2025-07-28 13:07:23', 162000, NULL, 'Tiền mặt', 'completed', 2, 15),
  (1127, '2025-07-29 12:43:08', 11832000, NULL, 'Tiền mặt', 'completed', 3, 8),
  (1128, '2025-07-29 12:11:56', 1250000, NULL, 'Tiền mặt', 'completed', 3, 30),
  (1129, '2025-07-30 16:37:39', 862000, 'Giao buổi tối', 'Tiền mặt', 'completed', 3, 28),
  (1130, '2025-07-30 16:39:49', 738000, NULL, 'Tiền mặt', 'completed', 2, 14),
  (1131, '2025-07-30 13:19:25', 813000, NULL, 'Tiền mặt', 'completed', 1, 28),
  (1132, '2025-07-31 19:42:47', 2728000, 'Khách quen', 'Tiền mặt', 'completed', 1, 25),
  (1133, '2025-07-31 18:27:48', 876000, NULL, 'Chuyển khoản', 'completed', 3, 12),
  (1134, '2025-07-31 10:01:56', 5436000, NULL, 'Chuyển khoản', 'completed', 2, 8),
  (1135, '2025-08-01 17:46:09', 2809000, NULL, 'Chuyển khoản', 'completed', 3, 28),
  (1136, '2025-08-01 11:30:55', 4004000, 'Khách quen', 'Chuyển khoản', 'completed', 1, 30),
  (1137, '2025-08-01 10:01:13', 3667000, NULL, 'Chuyển khoản', 'completed', 1, 25),
  (1138, '2025-08-02 19:59:31', 4712000, 'Khách quen', 'Chuyển khoản', 'completed', 1, 2),
  (1139, '2025-08-03 10:44:28', 15693000, 'Giao buổi chiều', 'Tiền mặt', 'completed', 3, 14),
  (1140, '2025-08-03 08:43:31', 21936000, NULL, 'Chuyển khoản', 'completed', 2, 29),
  (1141, '2025-08-04 13:56:47', 35480000, NULL, 'Chuyển khoản', 'completed', 3, 13),
  (1142, '2025-08-04 09:56:09', 2162000, NULL, 'Chuyển khoản', 'completed', 2, 19),
  (1143, '2025-08-04 19:51:31', 2441000, NULL, 'Chuyển khoản', 'completed', 3, 26),
  (1144, '2025-08-05 13:21:25', 1576000, 'Giao buổi chiều', 'Chuyển khoản', 'completed', 1, 10),
  (1145, '2025-08-05 14:56:40', 1229000, NULL, 'Chuyển khoản', 'completed', 2, 5),
  (1146, '2025-08-05 11:55:15', 5211000, NULL, 'Tiền mặt', 'completed', 3, 11),
  (1147, '2025-08-06 09:27:18', 35777000, NULL, 'Tiền mặt', 'completed', 3, 22),
  (1148, '2025-08-06 11:48:33', 2047000, NULL, 'Chuyển khoản', 'completed', 3, 16),
  (1149, '2025-08-07 08:58:12', 89000, NULL, 'Tiền mặt', 'completed', 2, 8),
  (1150, '2025-08-07 12:51:06', 4104000, NULL, 'Chuyển khoản', 'completed', 1, 16),
  (1151, '2025-08-08 12:18:16', 405000, 'Giao buổi chiều', 'Tiền mặt', 'completed', 2, 30),
  (1152, '2025-08-09 10:46:09', 3299000, NULL, 'Chuyển khoản', 'completed', 2, 15),
  (1153, '2025-08-10 14:09:19', 15000, NULL, 'Tiền mặt', 'completed', 1, 16),
  (1154, '2025-08-10 11:52:23', 380000, NULL, 'Tiền mặt', 'completed', 2, 15),
  (1155, '2025-08-10 17:10:07', 2653000, NULL, 'Chuyển khoản', 'completed', 2, 17),
  (1156, '2025-08-11 09:34:52', 2049000, NULL, 'Tiền mặt', 'completed', 3, 16),
  (1157, '2025-08-11 11:33:44', 2855000, 'Giao buổi chiều', 'Chuyển khoản', 'completed', 1, 29),
  (1158, '2025-08-12 18:34:14', 2225000, NULL, 'Chuyển khoản', 'completed', 3, 21),
  (1159, '2025-08-12 08:39:59', 750000, NULL, 'Chuyển khoản', 'completed', 2, 23),
  (1160, '2025-08-13 18:29:32', 778000, NULL, 'Chuyển khoản', 'completed', 1, 2),
  (1161, '2025-08-13 20:25:47', 3623000, NULL, 'Tiền mặt', 'completed', 1, 1),
  (1162, '2025-08-13 18:32:14', 2231000, 'Giao buổi tối', 'Tiền mặt', 'completed', 1, 27),
  (1163, '2025-08-14 19:02:56', 35075000, NULL, 'Chuyển khoản', 'completed', 3, 29),
  (1164, '2025-08-14 20:45:31', 1860000, NULL, 'Tiền mặt', 'completed', 1, 4),
  (1165, '2025-08-15 20:30:42', 14466000, 'Khách quen', 'Chuyển khoản', 'completed', 1, 2),
  (1166, '2025-08-16 14:10:34', 21913000, 'Giao buổi tối', 'Chuyển khoản', 'completed', 2, 22),
  (1167, '2025-08-17 10:17:32', 3531000, NULL, 'Chuyển khoản', 'completed', 1, 7),
  (1168, '2025-08-17 11:52:56', 1055000, NULL, 'Tiền mặt', 'completed', 3, 28),
  (1169, '2025-08-17 14:13:14', 1832000, 'Giao buổi chiều', 'Chuyển khoản', 'completed', 2, 15),
  (1170, '2025-08-18 19:58:04', 1160000, NULL, 'Chuyển khoản', 'completed', 2, 12),
  (1171, '2025-08-18 19:33:50', 105000, NULL, 'Tiền mặt', 'completed', 3, 19),
  (1172, '2025-08-18 15:06:40', 643000, NULL, 'Tiền mặt', 'completed', 2, 7),
  (1173, '2025-08-19 10:28:40', 210000, 'Khách quen', 'Tiền mặt', 'completed', 2, 17),
  (1174, '2025-08-19 17:10:26', 1132000, 'Giao buổi chiều', 'Chuyển khoản', 'completed', 3, 12),
  (1175, '2025-08-20 19:21:00', 84000, NULL, 'Tiền mặt', 'completed', 1, 23),
  (1176, '2025-08-20 17:29:07', 51000, 'Khách quen', 'Tiền mặt', 'completed', 3, 18),
  (1177, '2025-08-20 12:04:21', 7217000, NULL, 'Chuyển khoản', 'completed', 3, 10),
  (1178, '2025-08-21 16:29:45', 34495000, NULL, 'Chuyển khoản', 'completed', 1, 4),
  (1179, '2025-08-21 08:41:19', 976000, NULL, 'Chuyển khoản', 'completed', 2, 18),
  (1180, '2025-08-22 18:04:45', 2873000, NULL, 'Chuyển khoản', 'completed', 3, 19),
  (1181, '2025-08-23 09:00:45', 43000, NULL, 'Tiền mặt', 'completed', 1, 18),
  (1182, '2025-08-23 18:16:28', 20884000, NULL, 'Chuyển khoản', 'completed', 1, 18),
  (1183, '2025-08-23 17:17:50', 762000, NULL, 'Tiền mặt', 'completed', 3, 19),
  (1184, '2025-08-24 09:14:47', 7210000, NULL, 'Chuyển khoản', 'completed', 1, 7),
  (1185, '2025-08-24 14:06:27', 30180000, NULL, 'Chuyển khoản', 'completed', 3, 4),
  (1186, '2025-08-24 11:33:01', 4729000, NULL, 'Chuyển khoản', 'completed', 2, 14),
  (1187, '2025-08-25 20:15:56', 20725000, 'Giao buổi tối', 'Tiền mặt', 'completed', 2, 5),
  (1188, '2025-08-25 12:05:14', 1812000, NULL, 'Chuyển khoản', 'completed', 3, 6),
  (1189, '2025-08-26 19:02:58', 4338000, NULL, 'Tiền mặt', 'completed', 1, 15),
  (1190, '2025-08-27 18:59:24', 683000, 'Giao buổi tối', 'Tiền mặt', 'completed', 2, 14),
  (1191, '2025-08-28 15:44:31', 320000, NULL, 'Chuyển khoản', 'completed', 3, 20),
  (1192, '2025-08-28 18:36:27', 1952000, NULL, 'Chuyển khoản', 'completed', 3, 12),
  (1193, '2025-08-28 18:40:25', 37185000, NULL, 'Chuyển khoản', 'completed', 3, 2),
  (1194, '2025-08-29 18:56:29', 328000, NULL, 'Tiền mặt', 'completed', 1, 14),
  (1195, '2025-08-29 20:59:02', 501000, NULL, 'Tiền mặt', 'completed', 2, 13),
  (1196, '2025-08-29 15:55:19', 122000, NULL, 'Chuyển khoản', 'completed', 1, 27),
  (1197, '2025-08-30 12:41:46', 348000, NULL, 'Chuyển khoản', 'completed', 1, 13),
  (1198, '2025-08-30 13:03:12', 36903000, 'Giao buổi tối', 'Chuyển khoản', 'completed', 2, 30),
  (1199, '2025-08-31 20:17:11', 8980000, NULL, 'Chuyển khoản', 'completed', 2, 21),
  (1200, '2025-08-31 14:52:29', 3037000, NULL, 'Tiền mặt', 'completed', 3, 14),
  (1201, '2025-09-01 08:28:02', 600000, NULL, 'Tiền mặt', 'completed', 1, 9),
  (1202, '2025-09-01 20:23:57', 178000, 'Giao buổi chiều', 'Chuyển khoản', 'completed', 2, 22),
  (1203, '2025-09-02 18:13:40', 1170000, 'Khách quen', 'Tiền mặt', 'completed', 3, 18),
  (1204, '2025-09-02 11:10:40', 48000, NULL, 'Tiền mặt', 'completed', 3, 20),
  (1205, '2025-09-02 17:16:23', 1900000, NULL, 'Chuyển khoản', 'completed', 1, 2),
  (1206, '2025-09-03 09:38:47', 2850000, 'Giao buổi tối', 'Tiền mặt', 'completed', 3, 10),
  (1207, '2025-09-04 11:11:43', 1144000, 'Giao buổi chiều', 'Chuyển khoản', 'completed', 1, 16),
  (1208, '2025-09-05 10:29:03', 2791000, NULL, 'Chuyển khoản', 'completed', 1, 5),
  (1209, '2025-09-05 15:45:30', 20304000, NULL, 'Chuyển khoản', 'completed', 1, 1),
  (1210, '2025-09-06 18:49:16', 3613000, NULL, 'Tiền mặt', 'completed', 2, 26),
  (1211, '2025-09-06 19:24:20', 2750000, NULL, 'Tiền mặt', 'completed', 2, 13),
  (1212, '2025-09-07 08:18:21', 10351000, NULL, 'Chuyển khoản', 'completed', 2, 3),
  (1213, '2025-09-08 20:31:40', 507000, NULL, 'Chuyển khoản', 'completed', 1, 28),
  (1214, '2025-09-09 11:56:03', 89000, NULL, 'Tiền mặt', 'completed', 3, 20),
  (1215, '2025-09-09 10:00:04', 2976000, NULL, 'Tiền mặt', 'completed', 1, 5),
  (1216, '2025-09-09 08:44:48', 776000, NULL, 'Tiền mặt', 'completed', 1, 3),
  (1217, '2025-09-10 15:47:45', 643000, NULL, 'Chuyển khoản', 'completed', 1, 14),
  (1218, '2025-09-11 09:50:22', 792000, 'Giao buổi chiều', 'Chuyển khoản', 'completed', 1, 8),
  (1219, '2025-09-12 16:01:55', 2050000, 'Khách quen', 'Tiền mặt', 'completed', 2, 8),
  (1220, '2025-09-12 20:07:44', 1088000, NULL, 'Tiền mặt', 'completed', 2, 30),
  (1221, '2025-09-12 09:56:15', 1606000, NULL, 'Tiền mặt', 'completed', 3, 9),
  (1222, '2025-09-13 18:15:33', 12522000, NULL, 'Tiền mặt', 'completed', 2, 7),
  (1223, '2025-09-13 13:50:39', 741000, 'Khách quen', 'Tiền mặt', 'completed', 1, 25),
  (1224, '2025-09-14 08:11:52', 191000, 'Giao buổi tối', 'Chuyển khoản', 'completed', 3, 4),
  (1225, '2025-09-14 11:37:42', 175000, NULL, 'Tiền mặt', 'completed', 1, 20),
  (1226, '2025-09-14 13:18:27', 2110000, 'Giao buổi tối', 'Tiền mặt', 'completed', 2, 27),
  (1227, '2025-09-15 10:16:53', 4561000, NULL, 'Chuyển khoản', 'completed', 3, 20),
  (1228, '2025-09-15 20:05:01', 2052000, NULL, 'Tiền mặt', 'completed', 2, 21),
  (1229, '2025-09-15 19:03:39', 565000, NULL, 'Chuyển khoản', 'completed', 2, 13),
  (1230, '2025-09-16 08:21:39', 477000, NULL, 'Tiền mặt', 'completed', 2, 28),
  (1231, '2025-09-17 09:07:54', 3099000, NULL, 'Tiền mặt', 'completed', 3, 17),
  (1232, '2025-09-17 12:24:18', 979000, 'Khách quen', 'Chuyển khoản', 'completed', 1, 29),
  (1233, '2025-09-17 15:29:04', 115000, NULL, 'Tiền mặt', 'completed', 1, 11),
  (1234, '2025-09-18 09:30:36', 4721000, NULL, 'Chuyển khoản', 'completed', 3, 12),
  (1235, '2025-09-18 14:34:08', 230000, NULL, 'Chuyển khoản', 'completed', 2, 30),
  (1236, '2025-09-18 12:38:18', 5381000, NULL, 'Chuyển khoản', 'completed', 3, 14),
  (1237, '2025-09-19 15:14:01', 34622000, NULL, 'Tiền mặt', 'completed', 3, 25),
  (1238, '2025-09-20 20:03:20', 1541000, NULL, 'Chuyển khoản', 'completed', 2, 13),
  (1239, '2025-09-20 09:25:00', 140000, NULL, 'Tiền mặt', 'completed', 1, 26),
  (1240, '2025-09-20 09:11:58', 21932000, 'Giao buổi tối', 'Tiền mặt', 'completed', 1, 18),
  (1241, '2025-09-21 08:36:23', 2330000, NULL, 'Tiền mặt', 'completed', 3, 24),
  (1242, '2025-09-22 18:58:53', 6928000, NULL, 'Chuyển khoản', 'completed', 3, 2),
  (1243, '2025-09-23 08:03:07', 5125000, NULL, 'Chuyển khoản', 'completed', 3, 4),
  (1244, '2025-09-24 11:46:34', 7803000, NULL, 'Tiền mặt', 'completed', 2, 22),
  (1245, '2025-09-24 11:09:00', 3472000, 'Giao buổi chiều', 'Chuyển khoản', 'completed', 2, 28),
  (1246, '2025-09-24 13:04:22', 780000, NULL, 'Chuyển khoản', 'completed', 1, 2),
  (1247, '2025-09-25 14:30:50', 17190000, NULL, 'Tiền mặt', 'completed', 2, 10),
  (1248, '2025-09-26 20:33:48', 712000, NULL, 'Chuyển khoản', 'completed', 2, 4),
  (1249, '2025-09-27 13:22:41', 26324000, NULL, 'Chuyển khoản', 'completed', 3, 2),
  (1250, '2025-09-28 16:09:40', 115000, NULL, 'Tiền mặt', 'completed', 3, 14),
  (1251, '2025-09-28 16:49:32', 890000, NULL, 'Tiền mặt', 'completed', 1, 23),
  (1252, '2025-09-28 11:40:56', 2891000, NULL, 'Tiền mặt', 'completed', 1, 27),
  (1253, '2025-09-29 19:26:08', 700000, NULL, 'Tiền mặt', 'completed', 2, 10),
  (1254, '2025-09-29 14:13:01', 5010000, NULL, 'Tiền mặt', 'completed', 2, 1),
  (1255, '2025-09-29 20:21:56', 6354000, NULL, 'Chuyển khoản', 'completed', 3, 17),
  (1256, '2025-09-30 18:28:41', 1950000, NULL, 'Tiền mặt', 'completed', 1, 2),
  (1257, '2025-09-30 08:33:53', 2389000, NULL, 'Tiền mặt', 'completed', 2, 25),
  (1258, '2025-10-01 16:08:58', 1780000, 'Giao buổi chiều', 'Chuyển khoản', 'completed', 3, 28),
  (1259, '2025-10-01 17:49:00', 7339000, 'Giao buổi tối', 'Chuyển khoản', 'completed', 3, 21),
  (1260, '2025-10-02 11:09:23', 2118000, NULL, 'Tiền mặt', 'completed', 3, 7),
  (1261, '2025-10-03 13:51:05', 38015000, 'Giao buổi chiều', 'Chuyển khoản', 'completed', 3, 11),
  (1262, '2025-10-03 12:01:12', 5449000, NULL, 'Tiền mặt', 'completed', 2, 16),
  (1263, '2025-10-04 18:52:14', 360000, NULL, 'Chuyển khoản', 'completed', 3, 13),
  (1264, '2025-10-04 12:04:52', 8494000, 'Khách quen', 'Tiền mặt', 'completed', 1, 24),
  (1265, '2025-10-04 08:40:06', 4750000, 'Khách quen', 'Tiền mặt', 'completed', 1, 5),
  (1266, '2025-10-05 09:26:36', 737000, NULL, 'Chuyển khoản', 'completed', 1, 28),
  (1267, '2025-10-05 10:15:45', 265000, 'Giao buổi tối', 'Tiền mặt', 'completed', 2, 28),
  (1268, '2025-10-06 18:58:13', 8610000, NULL, 'Tiền mặt', 'completed', 1, 11),
  (1269, '2025-10-06 10:18:46', 64000, NULL, 'Chuyển khoản', 'completed', 1, 10),
  (1270, '2025-10-07 17:18:57', 5668000, NULL, 'Chuyển khoản', 'completed', 3, 14),
  (1271, '2025-10-07 08:00:35', 1059000, 'Giao buổi chiều', 'Tiền mặt', 'completed', 1, 7),
  (1272, '2025-10-07 10:47:47', 850000, NULL, 'Tiền mặt', 'completed', 1, 13),
  (1273, '2025-10-08 11:32:40', 2006000, NULL, 'Tiền mặt', 'completed', 2, 17),
  (1274, '2025-10-08 11:01:16', 1546000, NULL, 'Chuyển khoản', 'completed', 2, 30),
  (1275, '2025-10-09 12:35:41', 31648000, NULL, 'Chuyển khoản', 'completed', 3, 16),
  (1276, '2025-10-09 16:51:22', 4847000, NULL, 'Tiền mặt', 'completed', 1, 25),
  (1277, '2025-10-09 19:04:21', 25000, NULL, 'Chuyển khoản', 'completed', 1, 21),
  (1278, '2025-10-10 08:03:12', 213000, 'Khách quen', 'Tiền mặt', 'completed', 2, 11),
  (1279, '2025-10-11 11:43:35', 460000, NULL, 'Tiền mặt', 'completed', 3, 6),
  (1280, '2025-10-11 20:34:05', 140000, NULL, 'Chuyển khoản', 'completed', 1, 12),
  (1281, '2025-10-12 15:04:11', 5227000, NULL, 'Chuyển khoản', 'completed', 2, 22),
  (1282, '2025-10-12 11:53:17', 550000, NULL, 'Chuyển khoản', 'completed', 1, 20),
  (1283, '2025-10-12 08:39:05', 1978000, 'Giao buổi tối', 'Tiền mặt', 'completed', 2, 24),
  (1284, '2025-10-13 18:36:47', 390000, NULL, 'Chuyển khoản', 'completed', 3, 21),
  (1285, '2025-10-13 20:47:59', 4995000, NULL, 'Chuyển khoản', 'completed', 1, 3),
  (1286, '2025-10-14 16:14:19', 717000, 'Giao buổi chiều', 'Chuyển khoản', 'completed', 1, 30),
  (1287, '2025-10-15 15:18:31', 15449000, NULL, 'Chuyển khoản', 'completed', 1, 2),
  (1288, '2025-10-15 18:08:35', 1015000, NULL, 'Tiền mặt', 'completed', 3, 21),
  (1289, '2025-10-16 20:21:30', 6510000, NULL, 'Tiền mặt', 'completed', 2, 26),
  (1290, '2025-10-16 14:10:25', 1417000, NULL, 'Chuyển khoản', 'completed', 1, 7),
  (1291, '2025-10-16 19:11:55', 4135000, NULL, 'Tiền mặt', 'completed', 3, 2),
  (1292, '2025-10-17 17:48:12', 4600000, NULL, 'Tiền mặt', 'completed', 1, 30),
  (1293, '2025-10-17 11:39:29', 9028000, 'Khách quen', 'Tiền mặt', 'completed', 3, 12),
  (1294, '2025-10-17 08:58:48', 34920000, NULL, 'Chuyển khoản', 'completed', 1, 1),
  (1295, '2025-10-18 09:20:16', 2919000, NULL, 'Chuyển khoản', 'completed', 3, 26),
  (1296, '2025-10-19 20:17:09', 4165000, 'Giao buổi chiều', 'Chuyển khoản', 'completed', 3, 7),
  (1297, '2025-10-19 09:06:01', 2770000, NULL, 'Chuyển khoản', 'completed', 3, 7),
  (1298, '2025-10-20 16:08:30', 4000000, NULL, 'Tiền mặt', 'completed', 1, 29),
  (1299, '2025-10-20 19:42:14', 1187000, NULL, 'Chuyển khoản', 'completed', 3, 4),
  (1300, '2025-10-21 10:55:20', 25107000, 'Giao buổi chiều', 'Tiền mặt', 'completed', 3, 28),
  (1301, '2025-10-21 17:33:06', 7985000, NULL, 'Tiền mặt', 'completed', 3, 4),
  (1302, '2025-10-21 19:09:47', 2455000, 'Khách quen', 'Chuyển khoản', 'completed', 3, 8),
  (1303, '2025-10-22 17:41:11', 3273000, 'Giao buổi chiều', 'Chuyển khoản', 'completed', 1, 7),
  (1304, '2025-10-23 09:10:01', 1787000, NULL, 'Tiền mặt', 'completed', 1, 9),
  (1305, '2025-10-24 15:23:06', 1126000, NULL, 'Chuyển khoản', 'completed', 1, 8),
  (1306, '2025-10-24 18:56:12', 73000, NULL, 'Chuyển khoản', 'completed', 1, 20),
  (1307, '2025-10-25 12:45:33', 887000, 'Giao buổi tối', 'Tiền mặt', 'completed', 3, 9),
  (1308, '2025-10-25 13:42:40', 6900000, NULL, 'Chuyển khoản', 'completed', 1, 9),
  (1309, '2025-10-25 10:40:33', 26195000, NULL, 'Tiền mặt', 'completed', 1, 22),
  (1310, '2025-10-26 14:03:20', 27336000, NULL, 'Chuyển khoản', 'completed', 3, 18),
  (1311, '2025-10-27 09:31:36', 31676000, NULL, 'Chuyển khoản', 'completed', 1, 14),
  (1312, '2025-10-28 13:11:52', 7794000, NULL, 'Tiền mặt', 'completed', 2, 30),
  (1313, '2025-10-29 08:16:57', 372000, 'Giao buổi chiều', 'Tiền mặt', 'completed', 3, 19),
  (1314, '2025-10-29 19:23:55', 3964000, NULL, 'Chuyển khoản', 'completed', 2, 25),
  (1315, '2025-10-29 11:52:05', 42000, NULL, 'Chuyển khoản', 'completed', 3, 17),
  (1316, '2025-10-30 09:15:25', 253000, NULL, 'Tiền mặt', 'completed', 1, 7),
  (1317, '2025-10-31 20:25:21', 11853000, NULL, 'Tiền mặt', 'completed', 1, 26),
  (1318, '2025-11-01 15:53:42', 3083000, NULL, 'Tiền mặt', 'completed', 2, 12),
  (1319, '2025-11-01 14:01:00', 7608000, NULL, 'Chuyển khoản', 'completed', 3, 5),
  (1320, '2025-11-01 19:06:12', 178000, NULL, 'Tiền mặt', 'completed', 1, 28),
  (1321, '2025-11-02 13:52:13', 3905000, NULL, 'Chuyển khoản', 'completed', 2, 7),
  (1322, '2025-11-03 14:21:02', 7609000, NULL, 'Chuyển khoản', 'completed', 3, 2),
  (1323, '2025-11-03 16:21:40', 503000, 'Khách quen', 'Chuyển khoản', 'completed', 3, 10),
  (1324, '2025-11-04 10:53:43', 3135000, 'Khách quen', 'Tiền mặt', 'completed', 3, 19),
  (1325, '2025-11-05 12:35:32', 20000, NULL, 'Tiền mặt', 'completed', 2, 10),
  (1326, '2025-11-06 18:07:56', 1348000, NULL, 'Chuyển khoản', 'completed', 1, 3),
  (1327, '2025-11-06 20:47:54', 510000, 'Giao buổi chiều', 'Chuyển khoản', 'completed', 3, 19),
  (1328, '2025-11-06 14:07:34', 840000, 'Khách quen', 'Chuyển khoản', 'completed', 1, 3),
  (1329, '2025-11-07 19:27:56', 3422000, NULL, 'Tiền mặt', 'completed', 1, 16),
  (1330, '2025-11-07 16:50:57', 8038000, NULL, 'Chuyển khoản', 'completed', 2, 26),
  (1331, '2025-11-08 17:35:05', 4868000, NULL, 'Chuyển khoản', 'completed', 2, 17),
  (1332, '2025-11-08 10:09:17', 1593000, NULL, 'Tiền mặt', 'completed', 2, 16),
  (1333, '2025-11-09 17:56:49', 561000, NULL, 'Tiền mặt', 'completed', 3, 29),
  (1334, '2025-11-09 16:28:20', 5583000, 'Giao buổi tối', 'Chuyển khoản', 'completed', 3, 25),
  (1335, '2025-11-10 10:35:34', 1240000, NULL, 'Tiền mặt', 'completed', 2, 28),
  (1336, '2025-11-11 08:42:28', 2356000, NULL, 'Chuyển khoản', 'completed', 3, 15),
  (1337, '2025-11-11 19:09:05', 305000, NULL, 'Chuyển khoản', 'completed', 3, 5),
  (1338, '2025-11-12 20:40:36', 28725000, NULL, 'Chuyển khoản', 'completed', 3, 21),
  (1339, '2025-11-13 18:32:58', 4129000, 'Khách quen', 'Chuyển khoản', 'completed', 2, 22),
  (1340, '2025-11-14 14:26:27', 2771000, NULL, 'Tiền mặt', 'completed', 1, 4),
  (1341, '2025-11-14 20:40:29', 264000, 'Giao buổi tối', 'Chuyển khoản', 'completed', 1, 6),
  (1342, '2025-11-15 20:58:53', 140000, NULL, 'Tiền mặt', 'completed', 3, 13),
  (1343, '2025-11-16 13:48:56', 2860000, NULL, 'Tiền mặt', 'completed', 3, 16),
  (1344, '2025-11-16 11:15:18', 4658000, 'Giao buổi chiều', 'Tiền mặt', 'completed', 3, 6),
  (1345, '2025-11-16 18:54:01', 403000, NULL, 'Tiền mặt', 'completed', 3, 11),
  (1346, '2025-11-17 13:57:56', 457000, NULL, 'Tiền mặt', 'completed', 3, 24),
  (1347, '2025-11-18 18:45:02', 31535000, NULL, 'Chuyển khoản', 'completed', 3, 8),
  (1348, '2025-11-18 19:29:01', 2410000, NULL, 'Chuyển khoản', 'completed', 3, 21),
  (1349, '2025-11-18 15:09:52', 4109000, 'Giao buổi tối', 'Tiền mặt', 'completed', 2, 30),
  (1350, '2025-11-19 10:44:35', 2597000, NULL, 'Chuyển khoản', 'completed', 1, 28),
  (1351, '2025-11-19 10:04:14', 885000, NULL, 'Chuyển khoản', 'completed', 3, 22),
  (1352, '2025-11-20 15:19:10', 9300000, 'Khách quen', 'Tiền mặt', 'completed', 2, 20),
  (1353, '2025-11-20 14:52:59', 2224000, 'Giao buổi chiều', 'Tiền mặt', 'completed', 3, 23),
  (1354, '2025-11-21 20:50:43', 2555000, NULL, 'Chuyển khoản', 'completed', 1, 12),
  (1355, '2025-11-21 13:05:43', 2631000, NULL, 'Chuyển khoản', 'completed', 1, 1),
  (1356, '2025-11-21 08:46:27', 175000, 'Khách quen', 'Chuyển khoản', 'completed', 1, 7),
  (1357, '2025-11-22 16:33:13', 1780000, NULL, 'Chuyển khoản', 'completed', 1, 28),
  (1358, '2025-11-22 10:21:35', 30223000, NULL, 'Chuyển khoản', 'completed', 3, 30),
  (1359, '2025-11-22 14:48:46', 30455000, NULL, 'Tiền mặt', 'completed', 3, 4),
  (1360, '2025-11-23 10:55:55', 5418000, NULL, 'Tiền mặt', 'completed', 1, 17),
  (1361, '2025-11-23 18:57:52', 4380000, NULL, 'Chuyển khoản', 'completed', 1, 5),
  (1362, '2025-11-23 08:53:16', 7305000, NULL, 'Tiền mặt', 'completed', 3, 29),
  (1363, '2025-11-24 16:45:00', 2303000, NULL, 'Tiền mặt', 'completed', 1, 24),
  (1364, '2025-11-25 12:38:42', 600000, NULL, 'Tiền mặt', 'completed', 2, 24),
  (1365, '2025-11-26 10:39:41', 1367000, NULL, 'Tiền mặt', 'completed', 3, 20),
  (1366, '2025-11-26 15:03:07', 336000, NULL, 'Tiền mặt', 'completed', 3, 9),
  (1367, '2025-11-26 09:19:35', 76000, NULL, 'Chuyển khoản', 'completed', 3, 13),
  (1368, '2025-11-27 12:16:32', 1330000, NULL, 'Chuyển khoản', 'completed', 3, 30),
  (1369, '2025-11-27 18:56:04', 261000, NULL, 'Tiền mặt', 'completed', 1, 2),
  (1370, '2025-11-28 10:42:55', 21786000, NULL, 'Chuyển khoản', 'completed', 1, 17),
  (1371, '2025-11-28 16:41:20', 2078000, 'Giao buổi tối', 'Tiền mặt', 'completed', 1, 15),
  (1372, '2025-11-28 13:59:06', 32768000, 'Khách quen', 'Tiền mặt', 'completed', 3, 20),
  (1373, '2025-11-29 10:18:21', 5207000, NULL, 'Tiền mặt', 'completed', 2, 25),
  (1374, '2025-11-29 20:54:35', 2081000, 'Khách quen', 'Chuyển khoản', 'completed', 2, 5),
  (1375, '2025-11-29 19:25:35', 42000, NULL, 'Chuyển khoản', 'completed', 2, 6),
  (1376, '2025-11-30 08:20:23', 73000, NULL, 'Chuyển khoản', 'completed', 1, 13),
  (1377, '2025-11-30 11:13:04', 417000, NULL, 'Tiền mặt', 'completed', 1, 4);

-- Order items
INSERT INTO order_items (id, quantity, unit_price, discount, order_id, product_id) VALUES
  (1, 2, 6900000, 1971000, 1, 4),
  (2, 4, 135000, 0, 1, 10),
  (3, 1, 28000, 0, 1, 13),
  (4, 2, 35000, 10000, 1, 14),
  (5, 3, 550000, 0, 2, 5),
  (6, 4, 115000, 0, 3, 11),
  (7, 2, 890000, 0, 3, 1),
  (8, 4, 28000, 0, 4, 13),
  (9, 4, 390000, 0, 4, 2),
  (10, 3, 5000, 0, 4, 8),
  (11, 4, 950000, 475000, 4, 3),
  (12, 5, 890000, 0, 4, 1),
  (13, 1, 89000, 7000, 5, 12),
  (14, 1, 950000, 130000, 5, 3),
  (15, 5, 135000, 0, 5, 10),
  (16, 5, 550000, 0, 5, 5),
  (17, 5, 390000, 267000, 5, 2),
  (18, 3, 390000, 0, 6, 2),
  (19, 4, 28000, 0, 6, 13),
  (20, 1, 550000, 0, 6, 5),
  (21, 3, 6900000, 0, 6, 4),
  (22, 1, 35000, 0, 6, 14),
  (23, 2, 150000, 0, 7, 6),
  (24, 2, 890000, 0, 7, 1),
  (25, 1, 42000, 0, 7, 15),
  (26, 5, 950000, 0, 8, 3),
  (27, 5, 115000, 0, 8, 11),
  (28, 2, 89000, 0, 9, 9),
  (29, 1, 42000, 0, 9, 15),
  (30, 2, 89000, 0, 10, 12),
  (31, 4, 950000, 0, 10, 3),
  (32, 3, 35000, 13000, 10, 14),
  (33, 4, 89000, 0, 10, 9),
  (34, 1, 28000, 0, 11, 13),
  (35, 5, 390000, 0, 12, 2),
  (36, 2, 35000, 0, 12, 14),
  (37, 3, 28000, 0, 12, 13),
  (38, 5, 150000, 0, 12, 6),
  (39, 3, 42000, 8000, 12, 15),
  (40, 2, 135000, 0, 13, 10),
  (41, 2, 28000, 0, 13, 13),
  (42, 4, 390000, 0, 14, 2),
  (43, 2, 135000, 23000, 14, 10),
  (44, 5, 950000, 0, 14, 3),
  (45, 2, 89000, 0, 14, 12),
  (46, 5, 89000, 59000, 14, 9),
  (47, 4, 115000, 0, 15, 11),
  (48, 3, 6900000, 3050000, 15, 4),
  (49, 4, 5000, 0, 16, 8),
  (50, 3, 28000, 0, 17, 13),
  (51, 1, 89000, 0, 17, 12),
  (52, 4, 5000, 0, 17, 8),
  (53, 3, 42000, 0, 17, 15),
  (54, 5, 115000, 45000, 18, 11),
  (55, 5, 950000, 423000, 18, 3),
  (56, 2, 5000, 0, 18, 8),
  (57, 4, 35000, 10000, 18, 14),
  (58, 4, 890000, 0, 19, 1),
  (59, 4, 150000, 52000, 19, 6),
  (60, 2, 42000, 0, 20, 15),
  (61, 4, 6900000, 2127000, 20, 4),
  (62, 3, 890000, 0, 20, 1),
  (63, 5, 105000, 0, 21, 7),
  (64, 4, 89000, 0, 21, 9),
  (65, 5, 950000, 421000, 21, 3),
  (66, 3, 150000, 0, 21, 6),
  (67, 4, 89000, 34000, 22, 12),
  (68, 2, 89000, 0, 23, 12),
  (69, 1, 89000, 0, 23, 9),
  (70, 2, 42000, 0, 23, 15),
  (71, 1, 390000, 0, 24, 2),
  (72, 4, 35000, 0, 24, 14),
  (73, 5, 5000, 3000, 24, 8),
  (74, 2, 890000, 0, 25, 1),
  (75, 4, 950000, 0, 25, 3),
  (76, 4, 89000, 0, 25, 9),
  (77, 4, 5000, 3000, 26, 8),
  (78, 2, 135000, 0, 27, 10),
  (79, 1, 390000, 0, 27, 2),
  (80, 3, 550000, 0, 27, 5),
  (81, 5, 5000, 0, 27, 8),
  (82, 4, 105000, 24000, 27, 7),
  (83, 4, 150000, 71000, 28, 6),
  (84, 2, 390000, 0, 28, 2),
  (85, 1, 890000, 0, 28, 1),
  (86, 2, 28000, 0, 28, 13),
  (87, 3, 135000, 0, 29, 10),
  (88, 3, 390000, 0, 30, 2),
  (89, 4, 890000, 278000, 31, 1),
  (90, 2, 135000, 0, 31, 10),
  (91, 1, 89000, 0, 31, 9),
  (92, 5, 390000, 236000, 31, 2),
  (93, 3, 42000, 11000, 31, 15),
  (94, 1, 890000, 0, 32, 1),
  (95, 3, 35000, 5000, 32, 14),
  (96, 2, 150000, 27000, 32, 6),
  (97, 5, 6900000, 0, 32, 4),
  (98, 5, 89000, 0, 32, 9),
  (99, 3, 115000, 0, 33, 11),
  (100, 3, 42000, 11000, 34, 15),
  (101, 1, 115000, 0, 34, 11),
  (102, 3, 28000, 0, 34, 13),
  (103, 4, 6900000, 2118000, 34, 4),
  (104, 4, 135000, 39000, 35, 10),
  (105, 4, 89000, 19000, 35, 12),
  (106, 2, 390000, 0, 35, 2),
  (107, 4, 5000, 0, 35, 8),
  (108, 1, 5000, 0, 36, 8),
  (109, 3, 35000, 0, 36, 14),
  (110, 4, 42000, 21000, 37, 15),
  (111, 2, 35000, 0, 37, 14),
  (112, 2, 150000, 20000, 37, 6),
  (113, 3, 89000, 0, 37, 9),
  (114, 4, 550000, 0, 37, 5),
  (115, 3, 89000, 0, 38, 12),
  (116, 4, 89000, 27000, 38, 9),
  (117, 2, 6900000, 1230000, 39, 4),
  (118, 5, 150000, 81000, 39, 6),
  (119, 5, 950000, 425000, 40, 3),
  (120, 2, 89000, 12000, 40, 12),
  (121, 4, 105000, 0, 40, 7),
  (122, 3, 89000, 15000, 40, 9),
  (123, 2, 890000, 158000, 40, 1),
  (124, 5, 35000, 0, 41, 14),
  (125, 2, 42000, 10000, 41, 15),
  (126, 2, 115000, 31000, 42, 11),
  (127, 2, 105000, 0, 42, 7),
  (128, 4, 6900000, 0, 42, 4),
  (129, 1, 890000, 53000, 43, 1),
  (130, 3, 89000, 0, 43, 9),
  (131, 5, 390000, 0, 43, 2),
  (132, 2, 115000, 32000, 43, 11),
  (133, 5, 89000, 0, 43, 12),
  (134, 4, 950000, 0, 44, 3),
  (135, 4, 390000, 0, 44, 2),
  (136, 2, 115000, 0, 45, 11),
  (137, 5, 6900000, 0, 46, 4),
  (138, 3, 42000, 0, 46, 15),
  (139, 2, 89000, 26000, 46, 9),
  (140, 5, 89000, 30000, 47, 12),
  (141, 2, 150000, 0, 47, 6),
  (142, 5, 42000, 16000, 48, 15),
  (143, 5, 35000, 9000, 48, 14),
  (144, 4, 135000, 0, 48, 10),
  (145, 3, 35000, 0, 49, 14),
  (146, 3, 42000, 0, 49, 15),
  (147, 2, 890000, 0, 49, 1),
  (148, 5, 28000, 0, 49, 13),
  (149, 2, 115000, 0, 50, 11),
  (150, 4, 6900000, 3592000, 50, 4),
  (151, 3, 135000, 47000, 50, 10),
  (152, 5, 28000, 0, 50, 13),
  (153, 4, 550000, 0, 50, 5),
  (154, 3, 115000, 0, 51, 11),
  (155, 4, 390000, 0, 51, 2),
  (156, 4, 5000, 0, 51, 8),
  (157, 2, 42000, 0, 51, 15),
  (158, 5, 890000, 0, 52, 1),
  (159, 2, 5000, 1000, 52, 8),
  (160, 1, 550000, 64000, 52, 5),
  (161, 4, 35000, 0, 52, 14),
  (162, 4, 150000, 0, 53, 6),
  (163, 5, 5000, 2000, 53, 8),
  (164, 3, 550000, 0, 53, 5),
  (165, 3, 115000, 0, 54, 11),
  (166, 3, 390000, 81000, 54, 2),
  (167, 2, 35000, 0, 54, 14),
  (168, 4, 550000, 0, 54, 5),
  (169, 5, 89000, 0, 54, 9),
  (170, 4, 105000, 48000, 55, 7),
  (171, 3, 42000, 0, 55, 15),
  (172, 4, 550000, 0, 55, 5),
  (173, 5, 5000, 0, 56, 8),
  (174, 3, 28000, 8000, 56, 13),
  (175, 3, 550000, 0, 57, 5),
  (176, 5, 42000, 22000, 57, 15),
  (177, 2, 105000, 13000, 57, 7),
  (178, 3, 890000, 0, 58, 1),
  (179, 5, 6900000, 0, 58, 4),
  (180, 4, 105000, 0, 58, 7),
  (181, 2, 42000, 0, 58, 15),
  (182, 5, 135000, 0, 59, 10),
  (183, 1, 42000, 6000, 60, 15),
  (184, 1, 115000, 9000, 61, 11),
  (185, 3, 390000, 0, 61, 2),
  (186, 3, 550000, 0, 61, 5),
  (187, 1, 150000, 0, 62, 6),
  (188, 3, 89000, 0, 62, 12),
  (189, 5, 550000, 0, 62, 5),
  (190, 5, 105000, 0, 62, 7),
  (191, 1, 150000, 0, 63, 6),
  (192, 2, 5000, 0, 63, 8),
  (193, 4, 89000, 0, 63, 9),
  (194, 1, 89000, 0, 63, 12),
  (195, 4, 550000, 118000, 63, 5),
  (196, 2, 390000, 0, 64, 2),
  (197, 5, 42000, 0, 64, 15),
  (198, 1, 890000, 0, 64, 1),
  (199, 5, 89000, 0, 65, 12),
  (200, 5, 35000, 18000, 65, 14),
  (201, 2, 28000, 0, 65, 13),
  (202, 4, 150000, 0, 65, 6),
  (203, 1, 150000, 0, 66, 6),
  (204, 5, 135000, 0, 66, 10),
  (205, 1, 105000, 15000, 66, 7),
  (206, 3, 890000, 397000, 66, 1),
  (207, 5, 150000, 0, 67, 6),
  (208, 4, 89000, 53000, 67, 9),
  (209, 1, 135000, 19000, 67, 10),
  (210, 2, 890000, 107000, 67, 1),
  (211, 2, 115000, 23000, 67, 11),
  (212, 4, 150000, 0, 68, 6),
  (213, 2, 35000, 0, 68, 14),
  (214, 2, 5000, 1000, 68, 8),
  (215, 1, 115000, 12000, 68, 11),
  (216, 1, 6900000, 0, 68, 4),
  (217, 5, 150000, 0, 69, 6),
  (218, 3, 42000, 0, 69, 15),
  (219, 3, 89000, 0, 69, 12),
  (220, 4, 115000, 66000, 69, 11),
  (221, 5, 42000, 0, 70, 15),
  (222, 3, 6900000, 0, 71, 4),
  (223, 4, 105000, 0, 71, 7),
  (224, 4, 42000, 0, 71, 15),
  (225, 1, 550000, 0, 71, 5),
  (226, 5, 550000, 0, 72, 5),
  (227, 5, 35000, 13000, 72, 14),
  (228, 2, 5000, 0, 73, 8),
  (229, 4, 35000, 20000, 73, 14),
  (230, 4, 105000, 0, 73, 7),
  (231, 1, 890000, 0, 73, 1),
  (232, 4, 135000, 0, 74, 10),
  (233, 1, 5000, 0, 74, 8),
  (234, 3, 150000, 0, 75, 6),
  (235, 5, 35000, 21000, 75, 14),
  (236, 3, 89000, 29000, 75, 9),
  (237, 5, 950000, 0, 76, 3),
  (238, 5, 115000, 36000, 77, 11),
  (239, 5, 35000, 0, 77, 14),
  (240, 2, 390000, 0, 78, 2),
  (241, 1, 89000, 0, 78, 9),
  (242, 3, 890000, 0, 78, 1),
  (243, 3, 115000, 47000, 79, 11),
  (244, 4, 135000, 0, 79, 10),
  (245, 2, 105000, 0, 79, 7),
  (246, 3, 5000, 0, 80, 8),
  (247, 1, 550000, 0, 80, 5),
  (248, 3, 89000, 0, 80, 12),
  (249, 1, 390000, 0, 80, 2),
  (250, 1, 135000, 0, 80, 10),
  (251, 4, 105000, 0, 81, 7),
  (252, 5, 28000, 0, 81, 13),
  (253, 2, 35000, 4000, 81, 14),
  (254, 1, 890000, 0, 81, 1),
  (255, 3, 950000, 384000, 81, 3),
  (256, 1, 950000, 0, 82, 3),
  (257, 5, 89000, 0, 82, 12),
  (258, 3, 35000, 0, 82, 14),
  (259, 1, 5000, 0, 82, 8),
  (260, 3, 390000, 0, 82, 2),
  (261, 4, 5000, 2000, 83, 8),
  (262, 1, 950000, 0, 84, 3),
  (263, 5, 6900000, 0, 84, 4),
  (264, 4, 42000, 0, 84, 15),
  (265, 2, 135000, 19000, 84, 10),
  (266, 1, 35000, 0, 85, 14),
  (267, 2, 150000, 0, 85, 6),
  (268, 1, 950000, 0, 85, 3),
  (269, 5, 89000, 0, 85, 9),
  (270, 1, 89000, 10000, 86, 12),
  (271, 2, 89000, 0, 86, 9),
  (272, 2, 150000, 0, 87, 6),
  (273, 4, 135000, 0, 87, 10),
  (274, 5, 390000, 0, 87, 2),
  (275, 3, 550000, 208000, 87, 5),
  (276, 5, 6900000, 0, 88, 4),
  (277, 4, 390000, 0, 89, 2),
  (278, 2, 105000, 0, 89, 7),
  (279, 3, 35000, 13000, 89, 14),
  (280, 4, 550000, 0, 90, 5),
  (281, 3, 6900000, 0, 90, 4),
  (282, 1, 35000, 3000, 90, 14),
  (283, 2, 28000, 0, 91, 13),
  (284, 1, 89000, 8000, 91, 12),
  (285, 1, 105000, 0, 91, 7),
  (286, 1, 42000, 0, 91, 15),
  (287, 1, 42000, 2000, 92, 15),
  (288, 4, 150000, 0, 92, 6),
  (289, 1, 105000, 11000, 93, 7),
  (290, 3, 5000, 0, 93, 8),
  (291, 2, 89000, 0, 93, 9),
  (292, 4, 115000, 0, 94, 11),
  (293, 4, 390000, 132000, 94, 2),
  (294, 5, 550000, 0, 94, 5),
  (295, 3, 42000, 0, 95, 15),
  (296, 1, 89000, 0, 95, 12),
  (297, 3, 150000, 0, 95, 6),
  (298, 3, 6900000, 2538000, 96, 4),
  (299, 5, 150000, 83000, 96, 6),
  (300, 5, 35000, 0, 96, 14),
  (301, 1, 550000, 0, 97, 5),
  (302, 2, 28000, 0, 97, 13),
  (303, 3, 390000, 0, 97, 2),
  (304, 2, 42000, 0, 98, 15),
  (305, 5, 890000, 0, 98, 1),
  (306, 1, 150000, 9000, 98, 6),
  (307, 4, 550000, 0, 98, 5),
  (308, 2, 42000, 0, 99, 15),
  (309, 4, 89000, 0, 99, 12),
  (310, 4, 35000, 14000, 99, 14),
  (311, 3, 150000, 57000, 99, 6),
  (312, 4, 950000, 0, 100, 3),
  (313, 5, 115000, 0, 101, 11),
  (314, 2, 890000, 0, 101, 1),
  (315, 1, 890000, 83000, 102, 1),
  (316, 5, 42000, 0, 102, 15),
  (317, 2, 28000, 0, 102, 13),
  (318, 3, 390000, 0, 102, 2),
  (319, 4, 135000, 0, 102, 10),
  (320, 1, 35000, 0, 103, 14),
  (321, 2, 950000, 0, 103, 3),
  (322, 2, 890000, 240000, 104, 1),
  (323, 3, 5000, 0, 104, 8),
  (324, 5, 105000, 0, 104, 7),
  (325, 1, 28000, 0, 104, 13),
  (326, 5, 390000, 0, 104, 2),
  (327, 4, 28000, 0, 105, 13),
  (328, 1, 89000, 0, 105, 9),
  (329, 3, 150000, 40000, 105, 6),
  (330, 4, 105000, 27000, 105, 7),
  (331, 4, 550000, 138000, 106, 5),
  (332, 2, 105000, 0, 106, 7),
  (333, 2, 150000, 28000, 107, 6),
  (334, 4, 150000, 0, 108, 6),
  (335, 5, 89000, 0, 108, 12),
  (336, 1, 5000, 0, 109, 8),
  (337, 5, 890000, 0, 109, 1),
  (338, 5, 115000, 0, 109, 11),
  (339, 4, 6900000, 3036000, 109, 4),
  (340, 2, 28000, 0, 109, 13),
  (341, 5, 105000, 0, 110, 7),
  (342, 1, 890000, 0, 110, 1),
  (343, 5, 28000, 0, 110, 13),
  (344, 1, 89000, 0, 110, 12),
  (345, 1, 135000, 19000, 111, 10),
  (346, 4, 105000, 30000, 112, 7),
  (347, 5, 89000, 53000, 112, 12),
  (348, 5, 950000, 0, 112, 3),
  (349, 4, 89000, 0, 112, 9),
  (350, 1, 550000, 38000, 112, 5),
  (351, 2, 89000, 0, 113, 9),
  (352, 5, 135000, 0, 114, 10),
  (353, 4, 42000, 0, 114, 15),
  (354, 4, 390000, 0, 114, 2),
  (355, 5, 150000, 75000, 114, 6),
  (356, 1, 550000, 0, 114, 5),
  (357, 4, 135000, 60000, 115, 10),
  (358, 1, 42000, 0, 115, 15),
  (359, 2, 150000, 0, 115, 6),
  (360, 5, 115000, 0, 115, 11),
  (361, 5, 35000, 0, 115, 14),
  (362, 5, 5000, 0, 116, 8),
  (363, 1, 28000, 3000, 116, 13),
  (364, 2, 42000, 0, 116, 15),
  (365, 2, 890000, 165000, 116, 1),
  (366, 2, 135000, 0, 116, 10),
  (367, 5, 42000, 0, 117, 15),
  (368, 5, 390000, 287000, 117, 2),
  (369, 2, 890000, 266000, 118, 1),
  (370, 2, 950000, 0, 118, 3),
  (371, 1, 35000, 0, 118, 14),
  (372, 5, 115000, 0, 118, 11),
  (373, 4, 105000, 0, 118, 7),
  (374, 3, 135000, 0, 119, 10),
  (375, 5, 950000, 0, 119, 3),
  (376, 2, 5000, 1000, 119, 8),
  (377, 1, 28000, 0, 120, 13),
  (378, 1, 890000, 0, 120, 1),
  (379, 4, 390000, 0, 121, 2),
  (380, 4, 150000, 0, 121, 6),
  (381, 3, 105000, 19000, 121, 7),
  (382, 2, 890000, 126000, 121, 1),
  (383, 2, 6900000, 2000000, 122, 4),
  (384, 2, 28000, 0, 122, 13),
  (385, 4, 5000, 2000, 122, 8),
  (386, 1, 150000, 8000, 122, 6),
  (387, 5, 135000, 0, 123, 10),
  (388, 4, 6900000, 0, 123, 4),
  (389, 3, 89000, 0, 123, 12),
  (390, 3, 89000, 0, 124, 12),
  (391, 4, 950000, 0, 124, 3),
  (392, 4, 890000, 0, 124, 1),
  (393, 2, 89000, 20000, 125, 9),
  (394, 4, 28000, 0, 125, 13),
  (395, 5, 6900000, 0, 125, 4),
  (396, 1, 42000, 3000, 125, 15),
  (397, 2, 950000, 0, 126, 3),
  (398, 1, 89000, 11000, 126, 12),
  (399, 2, 150000, 0, 126, 6),
  (400, 2, 42000, 0, 126, 15),
  (401, 1, 5000, 0, 126, 8),
  (402, 5, 6900000, 0, 127, 4),
  (403, 3, 950000, 0, 127, 3),
  (404, 1, 105000, 0, 127, 7),
  (405, 4, 950000, 0, 128, 3),
  (406, 4, 105000, 0, 128, 7),
  (407, 2, 115000, 0, 128, 11),
  (408, 4, 5000, 1000, 128, 8),
  (409, 2, 6900000, 1192000, 128, 4),
  (410, 1, 135000, 0, 129, 10),
  (411, 5, 42000, 18000, 129, 15),
  (412, 1, 890000, 0, 129, 1),
  (413, 3, 115000, 0, 129, 11),
  (414, 1, 28000, 0, 130, 13),
  (415, 4, 150000, 43000, 130, 6),
  (416, 4, 35000, 11000, 130, 14),
  (417, 2, 890000, 0, 130, 1),
  (418, 4, 42000, 0, 131, 15),
  (419, 1, 135000, 0, 132, 10),
  (420, 4, 42000, 0, 133, 15),
  (421, 2, 390000, 51000, 133, 2),
  (422, 2, 6900000, 0, 133, 4),
  (423, 3, 5000, 2000, 133, 8),
  (424, 1, 89000, 5000, 134, 12),
  (425, 1, 42000, 0, 135, 15),
  (426, 3, 89000, 0, 135, 9),
  (427, 2, 6900000, 0, 135, 4),
  (428, 3, 28000, 0, 135, 13),
  (429, 5, 35000, 14000, 136, 14),
  (430, 3, 150000, 42000, 136, 6),
  (431, 2, 89000, 22000, 136, 9),
  (432, 5, 115000, 34000, 136, 11),
  (433, 4, 89000, 0, 136, 12),
  (434, 5, 390000, 213000, 137, 2),
  (435, 4, 135000, 0, 137, 10),
  (436, 5, 35000, 0, 137, 14),
  (437, 3, 950000, 0, 137, 3),
  (438, 2, 5000, 0, 138, 8),
  (439, 4, 390000, 142000, 138, 2),
  (440, 2, 950000, 0, 138, 3),
  (441, 3, 135000, 0, 138, 10),
  (442, 2, 150000, 0, 139, 6),
  (443, 5, 89000, 0, 139, 12),
  (444, 5, 390000, 0, 140, 2),
  (445, 1, 135000, 13000, 140, 10),
  (446, 4, 950000, 535000, 141, 3),
  (447, 4, 550000, 0, 141, 5),
  (448, 2, 35000, 0, 141, 14),
  (449, 1, 950000, 49000, 142, 3),
  (450, 5, 28000, 11000, 142, 13),
  (451, 5, 390000, 180000, 142, 2),
  (452, 4, 135000, 0, 142, 10),
  (453, 5, 35000, 13000, 143, 14),
  (454, 2, 890000, 0, 143, 1),
  (455, 2, 150000, 29000, 143, 6),
  (456, 5, 950000, 561000, 143, 3),
  (457, 4, 6900000, 3155000, 143, 4),
  (458, 3, 42000, 0, 144, 15),
  (459, 5, 950000, 0, 145, 3),
  (460, 3, 89000, 0, 145, 9),
  (461, 3, 150000, 0, 145, 6),
  (462, 3, 550000, 0, 146, 5),
  (463, 2, 89000, 12000, 146, 9),
  (464, 4, 105000, 0, 147, 7),
  (465, 4, 89000, 0, 147, 12),
  (466, 1, 28000, 2000, 148, 13),
  (467, 1, 35000, 4000, 148, 14),
  (468, 5, 42000, 21000, 148, 15),
  (469, 4, 150000, 0, 148, 6),
  (470, 4, 390000, 0, 148, 2),
  (471, 4, 6900000, 0, 149, 4),
  (472, 5, 105000, 58000, 149, 7),
  (473, 2, 89000, 26000, 149, 12),
  (474, 2, 550000, 67000, 149, 5),
  (475, 2, 89000, 22000, 149, 9),
  (476, 3, 89000, 0, 150, 12),
  (477, 4, 890000, 0, 150, 1),
  (478, 4, 89000, 0, 151, 12),
  (479, 5, 28000, 0, 151, 13),
  (480, 5, 6900000, 4356000, 152, 4),
  (481, 4, 135000, 0, 152, 10),
  (482, 5, 42000, 0, 152, 15),
  (483, 5, 390000, 250000, 152, 2),
  (484, 5, 5000, 0, 152, 8),
  (485, 5, 6900000, 5109000, 153, 4),
  (486, 2, 35000, 4000, 153, 14),
  (487, 5, 5000, 3000, 153, 8),
  (488, 1, 150000, 0, 154, 6),
  (489, 3, 89000, 0, 154, 12),
  (490, 3, 390000, 159000, 155, 2),
  (491, 4, 550000, 0, 155, 5),
  (492, 4, 35000, 0, 156, 14),
  (493, 4, 550000, 232000, 156, 5),
  (494, 3, 150000, 66000, 157, 6),
  (495, 4, 5000, 0, 157, 8),
  (496, 3, 35000, 13000, 157, 14),
  (497, 3, 42000, 0, 157, 15),
  (498, 5, 89000, 0, 157, 9),
  (499, 1, 35000, 4000, 158, 14),
  (500, 2, 105000, 0, 158, 7),
  (501, 3, 5000, 0, 158, 8),
  (502, 3, 89000, 0, 158, 12),
  (503, 2, 390000, 65000, 158, 2),
  (504, 3, 35000, 0, 159, 14),
  (505, 2, 890000, 171000, 159, 1),
  (506, 4, 950000, 0, 159, 3),
  (507, 2, 35000, 0, 160, 14),
  (508, 3, 28000, 0, 160, 13),
  (509, 5, 89000, 0, 160, 12),
  (510, 2, 115000, 0, 161, 11),
  (511, 4, 5000, 2000, 161, 8),
  (512, 3, 105000, 0, 161, 7),
  (513, 2, 890000, 0, 161, 1),
  (514, 1, 28000, 0, 161, 13),
  (515, 3, 28000, 0, 162, 13),
  (516, 2, 115000, 0, 163, 11),
  (517, 3, 5000, 2000, 164, 8),
  (518, 5, 28000, 17000, 164, 13),
  (519, 1, 115000, 0, 164, 11),
  (520, 1, 135000, 0, 164, 10),
  (521, 4, 890000, 0, 165, 1),
  (522, 2, 89000, 0, 165, 9),
  (523, 5, 890000, 0, 166, 1),
  (524, 5, 6900000, 0, 167, 4),
  (525, 4, 150000, 0, 167, 6),
  (526, 1, 390000, 38000, 168, 2),
  (527, 5, 89000, 0, 169, 9),
  (528, 5, 42000, 0, 169, 15),
  (529, 3, 5000, 0, 169, 8),
  (530, 3, 150000, 0, 170, 6),
  (531, 2, 89000, 0, 170, 12),
  (532, 4, 89000, 0, 171, 9),
  (533, 4, 105000, 26000, 171, 7),
  (534, 5, 950000, 554000, 171, 3),
  (535, 5, 135000, 0, 172, 10),
  (536, 5, 89000, 49000, 172, 12),
  (537, 1, 6900000, 0, 172, 4),
  (538, 4, 550000, 0, 172, 5),
  (539, 2, 42000, 10000, 172, 15),
  (540, 2, 35000, 9000, 173, 14),
  (541, 3, 550000, 0, 174, 5),
  (542, 1, 89000, 0, 174, 12),
  (543, 3, 35000, 0, 174, 14),
  (544, 1, 28000, 0, 174, 13),
  (545, 2, 115000, 0, 174, 11),
  (546, 1, 550000, 41000, 175, 5),
  (547, 1, 390000, 43000, 175, 2),
  (548, 4, 135000, 0, 175, 10),
  (549, 3, 28000, 0, 175, 13),
  (550, 2, 115000, 0, 175, 11),
  (551, 4, 135000, 0, 176, 10),
  (552, 3, 89000, 0, 176, 9),
  (553, 2, 890000, 192000, 176, 1),
  (554, 5, 115000, 69000, 176, 11),
  (555, 3, 150000, 0, 177, 6),
  (556, 2, 28000, 0, 177, 13),
  (557, 4, 89000, 0, 177, 12),
  (558, 4, 35000, 0, 178, 14),
  (559, 5, 115000, 0, 179, 11),
  (560, 3, 28000, 0, 179, 13),
  (561, 5, 89000, 35000, 179, 12),
  (562, 5, 390000, 0, 179, 2),
  (563, 5, 89000, 0, 180, 9),
  (564, 2, 115000, 0, 180, 11),
  (565, 5, 6900000, 0, 180, 4),
  (566, 5, 28000, 16000, 180, 13),
  (567, 5, 890000, 380000, 180, 1),
  (568, 5, 28000, 0, 181, 13),
  (569, 2, 890000, 0, 181, 1),
  (570, 5, 115000, 0, 182, 11),
  (571, 1, 89000, 0, 182, 9),
  (572, 5, 105000, 0, 182, 7),
  (573, 5, 950000, 0, 182, 3),
  (574, 2, 6900000, 0, 183, 4),
  (575, 3, 950000, 0, 183, 3),
  (576, 1, 89000, 0, 183, 9),
  (577, 4, 550000, 0, 183, 5),
  (578, 3, 6900000, 0, 184, 4),
  (579, 4, 115000, 0, 184, 11),
  (580, 5, 890000, 0, 185, 1),
  (581, 2, 89000, 0, 185, 12),
  (582, 3, 115000, 0, 185, 11),
  (583, 2, 28000, 5000, 185, 13),
  (584, 2, 950000, 130000, 185, 3),
  (585, 3, 890000, 177000, 186, 1),
  (586, 2, 89000, 0, 186, 9),
  (587, 2, 42000, 6000, 187, 15),
  (588, 4, 6900000, 4115000, 187, 4),
  (589, 1, 35000, 0, 187, 14),
  (590, 3, 115000, 0, 187, 11),
  (591, 3, 150000, 0, 187, 6),
  (592, 1, 35000, 0, 188, 14),
  (593, 4, 89000, 0, 189, 9),
  (594, 1, 390000, 0, 189, 2),
  (595, 1, 135000, 0, 189, 10),
  (596, 1, 150000, 0, 189, 6),
  (597, 2, 115000, 0, 189, 11),
  (598, 2, 105000, 24000, 190, 7),
  (599, 3, 390000, 139000, 190, 2),
  (600, 4, 42000, 24000, 190, 15),
  (601, 4, 5000, 0, 190, 8),
  (602, 1, 89000, 12000, 190, 9),
  (603, 3, 89000, 21000, 191, 9),
  (604, 1, 28000, 0, 191, 13),
  (605, 4, 105000, 0, 192, 7),
  (606, 2, 950000, 0, 193, 3),
  (607, 2, 105000, 0, 194, 7),
  (608, 1, 89000, 0, 195, 12),
  (609, 2, 28000, 0, 196, 13),
  (610, 2, 115000, 0, 196, 11),
  (611, 3, 890000, 0, 197, 1),
  (612, 2, 390000, 0, 197, 2),
  (613, 5, 150000, 0, 197, 6),
  (614, 2, 550000, 0, 197, 5),
  (615, 1, 6900000, 450000, 198, 4),
  (616, 1, 42000, 0, 199, 15),
  (617, 1, 35000, 0, 199, 14),
  (618, 5, 390000, 0, 199, 2),
  (619, 4, 5000, 2000, 199, 8),
  (620, 2, 105000, 11000, 200, 7),
  (621, 5, 35000, 0, 200, 14),
  (622, 3, 6900000, 0, 200, 4),
  (623, 1, 89000, 0, 200, 12),
  (624, 4, 135000, 46000, 200, 10),
  (625, 3, 150000, 59000, 201, 6),
  (626, 2, 28000, 3000, 201, 13),
  (627, 5, 550000, 0, 201, 5),
  (628, 3, 89000, 0, 202, 12),
  (629, 1, 550000, 57000, 202, 5),
  (630, 3, 28000, 9000, 203, 13),
  (631, 4, 105000, 0, 203, 7),
  (632, 2, 950000, 0, 203, 3),
  (633, 2, 550000, 69000, 203, 5),
  (634, 4, 89000, 0, 203, 9),
  (635, 5, 35000, 0, 204, 14),
  (636, 3, 89000, 0, 205, 12),
  (637, 3, 550000, 183000, 205, 5),
  (638, 5, 105000, 77000, 205, 7),
  (639, 1, 390000, 0, 205, 2),
  (640, 1, 28000, 0, 205, 13),
  (641, 4, 6900000, 0, 206, 4),
  (642, 1, 89000, 0, 207, 9),
  (643, 3, 6900000, 2731000, 207, 4),
  (644, 5, 6900000, 3182000, 208, 4),
  (645, 3, 28000, 0, 208, 13),
  (646, 3, 89000, 0, 208, 9),
  (647, 1, 135000, 8000, 209, 10),
  (648, 5, 89000, 0, 209, 9),
  (649, 5, 890000, 0, 209, 1),
  (650, 4, 89000, 0, 210, 9),
  (651, 5, 550000, 384000, 210, 5),
  (652, 5, 105000, 0, 210, 7),
  (653, 5, 115000, 65000, 210, 11),
  (654, 3, 150000, 0, 210, 6),
  (655, 4, 390000, 0, 211, 2),
  (656, 2, 42000, 0, 211, 15),
  (657, 3, 6900000, 0, 211, 4),
  (658, 3, 89000, 0, 212, 12),
  (659, 1, 150000, 0, 212, 6),
  (660, 2, 35000, 4000, 212, 14),
  (661, 1, 550000, 0, 213, 5),
  (662, 4, 115000, 61000, 213, 11),
  (663, 3, 6900000, 0, 214, 4),
  (664, 2, 550000, 0, 215, 5),
  (665, 1, 42000, 5000, 215, 15),
  (666, 3, 950000, 317000, 215, 3),
  (667, 4, 35000, 10000, 216, 14),
  (668, 1, 115000, 16000, 216, 11),
  (669, 4, 5000, 1000, 216, 8),
  (670, 5, 42000, 0, 217, 15),
  (671, 1, 35000, 0, 218, 14),
  (672, 5, 6900000, 0, 218, 4),
  (673, 1, 390000, 44000, 218, 2),
  (674, 4, 115000, 0, 218, 11),
  (675, 3, 550000, 0, 218, 5),
  (676, 5, 890000, 0, 219, 1),
  (677, 5, 390000, 254000, 220, 2),
  (678, 3, 115000, 46000, 220, 11),
  (679, 1, 5000, 0, 220, 8),
  (680, 4, 950000, 0, 220, 3),
  (681, 3, 89000, 0, 220, 9),
  (682, 2, 135000, 0, 221, 10),
  (683, 3, 5000, 0, 221, 8),
  (684, 2, 28000, 0, 221, 13),
  (685, 4, 890000, 279000, 221, 1),
  (686, 2, 390000, 51000, 222, 2),
  (687, 4, 550000, 0, 222, 5),
  (688, 5, 105000, 0, 222, 7),
  (689, 1, 105000, 0, 223, 7),
  (690, 5, 135000, 0, 224, 10),
  (691, 3, 89000, 0, 224, 9),
  (692, 5, 42000, 22000, 224, 15),
  (693, 4, 115000, 0, 224, 11),
  (694, 4, 35000, 0, 225, 14),
  (695, 2, 550000, 0, 225, 5),
  (696, 1, 950000, 0, 225, 3),
  (697, 1, 390000, 50000, 226, 2),
  (698, 3, 5000, 2000, 226, 8),
  (699, 5, 150000, 0, 226, 6),
  (700, 3, 5000, 0, 227, 8),
  (701, 5, 390000, 0, 227, 2),
  (702, 5, 550000, 0, 227, 5),
  (703, 4, 5000, 0, 228, 8),
  (704, 4, 150000, 41000, 228, 6),
  (705, 5, 35000, 0, 228, 14),
  (706, 5, 28000, 0, 229, 13),
  (707, 2, 42000, 0, 229, 15),
  (708, 1, 5000, 0, 229, 8),
  (709, 5, 135000, 69000, 229, 10),
  (710, 4, 6900000, 2074000, 229, 4),
  (711, 5, 950000, 0, 230, 3),
  (712, 4, 390000, 0, 231, 2),
  (713, 1, 115000, 0, 231, 11),
  (714, 5, 390000, 160000, 232, 2),
  (715, 2, 950000, 223000, 232, 3),
  (716, 1, 42000, 0, 232, 15),
  (717, 2, 5000, 0, 232, 8),
  (718, 5, 550000, 0, 232, 5),
  (719, 3, 105000, 0, 233, 7),
  (720, 1, 28000, 0, 233, 13),
  (721, 3, 5000, 1000, 233, 8),
  (722, 1, 89000, 0, 233, 12),
  (723, 5, 28000, 0, 234, 13),
  (724, 2, 6900000, 0, 235, 4),
  (725, 2, 135000, 19000, 236, 10),
  (726, 1, 6900000, 551000, 236, 4),
  (727, 3, 89000, 0, 236, 12),
  (728, 1, 150000, 15000, 236, 6),
  (729, 2, 89000, 0, 236, 9),
  (730, 5, 89000, 30000, 237, 9),
  (731, 2, 28000, 6000, 237, 13),
  (732, 1, 135000, 19000, 237, 10),
  (733, 4, 28000, 0, 238, 13),
  (734, 1, 890000, 48000, 238, 1),
  (735, 5, 950000, 610000, 238, 3),
  (736, 3, 35000, 0, 238, 14),
  (737, 3, 89000, 0, 239, 9),
  (738, 3, 550000, 199000, 239, 5),
  (739, 5, 42000, 0, 239, 15),
  (740, 1, 105000, 0, 240, 7),
  (741, 4, 42000, 0, 240, 15),
  (742, 5, 28000, 0, 240, 13),
  (743, 2, 35000, 0, 241, 14),
  (744, 1, 550000, 0, 241, 5),
  (745, 1, 5000, 0, 241, 8),
  (746, 5, 890000, 0, 241, 1),
  (747, 2, 42000, 5000, 241, 15),
  (748, 1, 890000, 0, 242, 1),
  (749, 5, 950000, 0, 243, 3),
  (750, 5, 28000, 21000, 243, 13),
  (751, 4, 550000, 323000, 244, 5),
  (752, 2, 390000, 0, 244, 2),
  (753, 1, 89000, 0, 245, 12),
  (754, 1, 35000, 4000, 245, 14),
  (755, 4, 950000, 0, 245, 3),
  (756, 5, 115000, 0, 246, 11),
  (757, 1, 390000, 0, 246, 2),
  (758, 4, 890000, 0, 247, 1),
  (759, 1, 105000, 0, 247, 7),
  (760, 2, 105000, 0, 248, 7),
  (761, 5, 89000, 0, 248, 12),
  (762, 5, 890000, 0, 248, 1),
  (763, 5, 390000, 0, 248, 2),
  (764, 2, 89000, 21000, 248, 9),
  (765, 2, 135000, 33000, 249, 10),
  (766, 5, 390000, 0, 250, 2),
  (767, 5, 950000, 0, 250, 3),
  (768, 2, 135000, 0, 250, 10),
  (769, 4, 35000, 0, 250, 14),
  (770, 1, 135000, 0, 251, 10),
  (771, 2, 89000, 0, 251, 9),
  (772, 4, 890000, 0, 252, 1),
  (773, 3, 35000, 0, 252, 14),
  (774, 2, 115000, 0, 252, 11),
  (775, 5, 950000, 0, 252, 3),
  (776, 4, 390000, 0, 252, 2),
  (777, 3, 6900000, 1047000, 253, 4),
  (778, 4, 89000, 0, 253, 9),
  (779, 3, 390000, 76000, 254, 2),
  (780, 1, 28000, 0, 254, 13),
  (781, 1, 5000, 0, 255, 8),
  (782, 1, 150000, 21000, 255, 6),
  (783, 2, 105000, 0, 255, 7),
  (784, 4, 135000, 0, 256, 10),
  (785, 3, 5000, 1000, 256, 8),
  (786, 5, 890000, 228000, 257, 1),
  (787, 5, 390000, 0, 258, 2),
  (788, 5, 35000, 0, 258, 14),
  (789, 4, 89000, 0, 259, 9),
  (790, 4, 42000, 12000, 259, 15),
  (791, 2, 6900000, 0, 259, 4),
  (792, 5, 550000, 0, 259, 5),
  (793, 1, 105000, 12000, 259, 7),
  (794, 5, 89000, 0, 260, 9),
  (795, 3, 35000, 8000, 260, 14),
  (796, 4, 105000, 0, 260, 7),
  (797, 1, 42000, 0, 260, 15),
  (798, 2, 89000, 0, 261, 12),
  (799, 5, 5000, 2000, 262, 8),
  (800, 5, 390000, 141000, 262, 2),
  (801, 4, 105000, 0, 262, 7),
  (802, 1, 42000, 0, 262, 15),
  (803, 4, 28000, 0, 262, 13),
  (804, 1, 28000, 0, 263, 13),
  (805, 4, 135000, 50000, 263, 10),
  (806, 4, 890000, 361000, 264, 1),
  (807, 4, 5000, 0, 265, 8),
  (808, 5, 89000, 0, 265, 12),
  (809, 2, 105000, 0, 265, 7),
  (810, 3, 135000, 0, 265, 10),
  (811, 4, 135000, 80000, 266, 10),
  (812, 5, 35000, 19000, 266, 14),
  (813, 5, 35000, 0, 267, 14),
  (814, 4, 550000, 307000, 267, 5),
  (815, 2, 550000, 0, 268, 5),
  (816, 1, 115000, 0, 268, 11),
  (817, 5, 390000, 205000, 269, 2),
  (818, 2, 135000, 27000, 269, 10),
  (819, 2, 28000, 0, 269, 13),
  (820, 1, 42000, 0, 270, 15),
  (821, 2, 5000, 0, 270, 8),
  (822, 3, 115000, 0, 270, 11),
  (823, 2, 950000, 159000, 271, 3),
  (824, 5, 550000, 0, 271, 5),
  (825, 5, 150000, 86000, 272, 6),
  (826, 4, 150000, 0, 273, 6),
  (827, 2, 890000, 161000, 273, 1),
  (828, 3, 550000, 0, 274, 5),
  (829, 4, 135000, 0, 274, 10),
  (830, 4, 6900000, 2202000, 274, 4),
  (831, 4, 135000, 0, 275, 10),
  (832, 4, 105000, 0, 276, 7),
  (833, 2, 115000, 0, 276, 11),
  (834, 5, 950000, 322000, 277, 3),
  (835, 3, 28000, 12000, 277, 13),
  (836, 4, 890000, 0, 278, 1),
  (837, 5, 890000, 600000, 279, 1),
  (838, 5, 950000, 0, 279, 3),
  (839, 2, 89000, 0, 279, 9),
  (840, 2, 105000, 0, 280, 7),
  (841, 3, 6900000, 2290000, 280, 4),
  (842, 4, 89000, 0, 281, 9),
  (843, 3, 115000, 0, 281, 11),
  (844, 5, 390000, 0, 282, 2),
  (845, 4, 950000, 0, 282, 3),
  (846, 3, 115000, 0, 283, 11),
  (847, 4, 89000, 20000, 283, 12),
  (848, 3, 6900000, 0, 283, 4),
  (849, 5, 390000, 0, 283, 2),
  (850, 1, 890000, 0, 284, 1),
  (851, 5, 28000, 0, 284, 13),
  (852, 5, 35000, 0, 284, 14),
  (853, 4, 105000, 0, 284, 7),
  (854, 5, 115000, 0, 284, 11),
  (855, 3, 89000, 36000, 285, 12),
  (856, 3, 42000, 9000, 286, 15),
  (857, 2, 390000, 116000, 287, 2),
  (858, 3, 135000, 0, 287, 10),
  (859, 4, 105000, 0, 287, 7),
  (860, 2, 950000, 0, 287, 3),
  (861, 4, 150000, 51000, 288, 6),
  (862, 5, 89000, 22000, 288, 12),
  (863, 4, 28000, 13000, 288, 13),
  (864, 3, 135000, 39000, 289, 10),
  (865, 4, 42000, 17000, 289, 15),
  (866, 3, 550000, 125000, 289, 5),
  (867, 3, 950000, 183000, 289, 3),
  (868, 4, 89000, 30000, 289, 9),
  (869, 2, 950000, 0, 290, 3),
  (870, 4, 890000, 0, 290, 1),
  (871, 5, 550000, 0, 290, 5),
  (872, 2, 5000, 0, 290, 8),
  (873, 3, 28000, 0, 290, 13),
  (874, 4, 115000, 27000, 291, 11),
  (875, 5, 89000, 41000, 291, 9),
  (876, 4, 105000, 25000, 291, 7),
  (877, 2, 150000, 0, 292, 6),
  (878, 4, 890000, 246000, 292, 1),
  (879, 2, 135000, 33000, 292, 10),
  (880, 5, 6900000, 3852000, 292, 4),
  (881, 3, 89000, 0, 292, 9),
  (882, 2, 115000, 0, 293, 11),
  (883, 1, 89000, 0, 293, 9),
  (884, 5, 105000, 0, 293, 7),
  (885, 3, 890000, 0, 294, 1),
  (886, 1, 390000, 0, 294, 2),
  (887, 1, 89000, 0, 294, 12),
  (888, 3, 89000, 0, 295, 9),
  (889, 3, 42000, 0, 295, 15),
  (890, 2, 105000, 0, 295, 7),
  (891, 4, 135000, 0, 295, 10),
  (892, 5, 950000, 0, 296, 3),
  (893, 4, 550000, 0, 296, 5),
  (894, 4, 115000, 0, 296, 11),
  (895, 4, 35000, 9000, 297, 14),
  (896, 5, 135000, 68000, 297, 10),
  (897, 4, 105000, 22000, 297, 7),
  (898, 1, 5000, 0, 297, 8),
  (899, 2, 42000, 0, 298, 15),
  (900, 1, 950000, 0, 298, 3),
  (901, 3, 115000, 0, 298, 11),
  (902, 3, 6900000, 0, 298, 4),
  (903, 2, 950000, 106000, 299, 3),
  (904, 4, 35000, 0, 299, 14),
  (905, 1, 89000, 0, 299, 12),
  (906, 1, 890000, 0, 299, 1),
  (907, 4, 390000, 226000, 299, 2),
  (908, 2, 105000, 0, 300, 7),
  (909, 5, 42000, 31000, 300, 15),
  (910, 3, 35000, 0, 300, 14),
  (911, 4, 135000, 0, 300, 10),
  (912, 3, 89000, 18000, 300, 12),
  (913, 5, 28000, 11000, 301, 13),
  (914, 3, 115000, 0, 301, 11),
  (915, 4, 150000, 0, 301, 6),
  (916, 3, 135000, 0, 301, 10),
  (917, 3, 5000, 1000, 301, 8),
  (918, 3, 89000, 24000, 302, 12),
  (919, 4, 35000, 0, 302, 14),
  (920, 3, 550000, 174000, 302, 5),
  (921, 3, 890000, 0, 302, 1),
  (922, 5, 150000, 0, 302, 6),
  (923, 2, 35000, 0, 303, 14),
  (924, 3, 89000, 27000, 304, 9),
  (925, 1, 42000, 6000, 304, 15),
  (926, 2, 35000, 0, 304, 14),
  (927, 4, 890000, 0, 304, 1),
  (928, 5, 35000, 10000, 305, 14),
  (929, 2, 115000, 0, 305, 11),
  (930, 4, 6900000, 0, 305, 4),
  (931, 1, 105000, 0, 306, 7),
  (932, 4, 89000, 0, 306, 12),
  (933, 1, 115000, 14000, 306, 11),
  (934, 1, 890000, 0, 306, 1),
  (935, 5, 5000, 0, 306, 8),
  (936, 5, 390000, 0, 307, 2),
  (937, 3, 6900000, 1038000, 307, 4),
  (938, 1, 89000, 0, 307, 9),
  (939, 3, 42000, 0, 307, 15),
  (940, 5, 390000, 0, 308, 2),
  (941, 4, 35000, 0, 308, 14),
  (942, 2, 950000, 0, 308, 3),
  (943, 2, 42000, 0, 309, 15),
  (944, 1, 28000, 0, 310, 13),
  (945, 1, 950000, 54000, 310, 3),
  (946, 4, 150000, 0, 311, 6),
  (947, 3, 35000, 0, 312, 14),
  (948, 1, 89000, 0, 313, 9),
  (949, 2, 390000, 0, 313, 2),
  (950, 5, 950000, 0, 314, 3),
  (951, 5, 42000, 0, 314, 15),
  (952, 4, 89000, 0, 315, 9),
  (953, 4, 150000, 64000, 315, 6),
  (954, 5, 89000, 0, 315, 12),
  (955, 2, 115000, 23000, 315, 11),
  (956, 5, 6900000, 3509000, 315, 4),
  (957, 5, 5000, 0, 316, 8),
  (958, 4, 390000, 0, 316, 2),
  (959, 2, 150000, 0, 316, 6),
  (960, 1, 5000, 0, 317, 8),
  (961, 1, 6900000, 0, 317, 4),
  (962, 2, 135000, 0, 317, 10),
  (963, 2, 550000, 0, 317, 5),
  (964, 5, 550000, 301000, 318, 5),
  (965, 4, 89000, 0, 318, 12),
  (966, 2, 6900000, 1952000, 318, 4),
  (967, 4, 105000, 0, 318, 7),
  (968, 5, 42000, 0, 319, 15),
  (969, 3, 89000, 0, 319, 9),
  (970, 1, 950000, 54000, 320, 3),
  (971, 5, 550000, 0, 320, 5),
  (972, 1, 150000, 21000, 320, 6),
  (973, 4, 105000, 61000, 320, 7),
  (974, 3, 35000, 0, 320, 14),
  (975, 5, 105000, 41000, 321, 7),
  (976, 2, 28000, 7000, 322, 13),
  (977, 2, 35000, 10000, 322, 14),
  (978, 5, 150000, 79000, 322, 6),
  (979, 2, 135000, 0, 322, 10),
  (980, 4, 105000, 0, 322, 7),
  (981, 4, 35000, 0, 323, 14),
  (982, 2, 42000, 10000, 323, 15),
  (983, 2, 950000, 0, 323, 3),
  (984, 1, 28000, 0, 323, 13),
  (985, 1, 115000, 11000, 324, 11),
  (986, 4, 390000, 0, 324, 2),
  (987, 5, 35000, 0, 324, 14),
  (988, 3, 5000, 0, 324, 8),
  (989, 1, 5000, 0, 325, 8),
  (990, 1, 89000, 0, 325, 9),
  (991, 3, 890000, 0, 325, 1),
  (992, 4, 42000, 10000, 326, 15),
  (993, 1, 135000, 10000, 326, 10),
  (994, 1, 5000, 0, 326, 8),
  (995, 3, 89000, 0, 326, 9),
  (996, 3, 150000, 0, 327, 6),
  (997, 4, 890000, 0, 328, 1),
  (998, 4, 5000, 3000, 328, 8),
  (999, 3, 150000, 0, 328, 6),
  (1000, 1, 89000, 8000, 328, 9),
  (1001, 5, 89000, 56000, 329, 12),
  (1002, 1, 28000, 0, 329, 13),
  (1003, 1, 550000, 0, 329, 5),
  (1004, 1, 42000, 4000, 329, 15),
  (1005, 4, 550000, 0, 330, 5),
  (1006, 4, 28000, 0, 330, 13),
  (1007, 3, 89000, 0, 330, 9),
  (1008, 1, 6900000, 0, 330, 4),
  (1009, 1, 105000, 0, 331, 7),
  (1010, 4, 550000, 189000, 332, 5),
  (1011, 4, 105000, 0, 332, 7),
  (1012, 3, 890000, 0, 332, 1),
  (1013, 4, 150000, 0, 332, 6),
  (1014, 1, 89000, 0, 332, 12),
  (1015, 5, 105000, 0, 333, 7),
  (1016, 4, 89000, 0, 334, 9),
  (1017, 1, 6900000, 0, 335, 4),
  (1018, 3, 6900000, 0, 336, 4),
  (1019, 4, 950000, 0, 336, 3),
  (1020, 1, 550000, 0, 337, 5),
  (1021, 3, 6900000, 0, 337, 4),
  (1022, 2, 89000, 0, 337, 12),
  (1023, 1, 42000, 0, 338, 15),
  (1024, 4, 6900000, 0, 338, 4),
  (1025, 5, 135000, 0, 338, 10),
  (1026, 2, 105000, 0, 338, 7),
  (1027, 4, 6900000, 0, 339, 4),
  (1028, 1, 105000, 11000, 339, 7),
  (1029, 4, 105000, 57000, 340, 7),
  (1030, 4, 105000, 0, 341, 7),
  (1031, 2, 390000, 0, 341, 2),
  (1032, 4, 42000, 0, 341, 15),
  (1033, 4, 35000, 0, 341, 14),
  (1034, 5, 890000, 0, 342, 1),
  (1035, 4, 28000, 0, 342, 13),
  (1036, 2, 135000, 38000, 342, 10),
  (1037, 1, 35000, 0, 342, 14),
  (1038, 5, 105000, 0, 342, 7),
  (1039, 5, 5000, 0, 343, 8),
  (1040, 4, 950000, 0, 343, 3),
  (1041, 1, 35000, 2000, 343, 14),
  (1042, 2, 89000, 0, 343, 12),
  (1043, 1, 890000, 0, 344, 1),
  (1044, 4, 390000, 0, 344, 2),
  (1045, 4, 150000, 0, 344, 6),
  (1046, 4, 28000, 17000, 345, 13),
  (1047, 5, 6900000, 0, 345, 4),
  (1048, 5, 950000, 0, 346, 3),
  (1049, 2, 42000, 0, 347, 15),
  (1050, 4, 89000, 0, 348, 12),
  (1051, 4, 42000, 0, 348, 15),
  (1052, 1, 135000, 0, 348, 10),
  (1053, 1, 5000, 0, 348, 8),
  (1054, 1, 5000, 0, 349, 8),
  (1055, 4, 35000, 10000, 350, 14),
  (1056, 5, 42000, 0, 350, 15),
  (1057, 5, 35000, 0, 351, 14),
  (1058, 1, 89000, 0, 351, 12),
  (1059, 3, 150000, 39000, 351, 6),
  (1060, 3, 105000, 0, 352, 7),
  (1061, 1, 42000, 0, 352, 15),
  (1062, 3, 89000, 0, 352, 12),
  (1063, 1, 150000, 0, 352, 6),
  (1064, 3, 89000, 14000, 353, 9),
  (1065, 2, 5000, 0, 353, 8),
  (1066, 3, 135000, 57000, 354, 10),
  (1067, 4, 105000, 0, 354, 7),
  (1068, 3, 89000, 28000, 354, 12),
  (1069, 5, 35000, 0, 355, 14),
  (1070, 1, 115000, 10000, 355, 11),
  (1071, 4, 390000, 80000, 355, 2),
  (1072, 4, 135000, 0, 355, 10),
  (1073, 4, 550000, 0, 355, 5),
  (1074, 3, 6900000, 1279000, 356, 4),
  (1075, 4, 550000, 0, 357, 5),
  (1076, 4, 115000, 43000, 357, 11),
  (1077, 3, 89000, 0, 358, 9),
  (1078, 3, 115000, 0, 358, 11),
  (1079, 1, 35000, 2000, 358, 14),
  (1080, 5, 6900000, 3374000, 359, 4),
  (1081, 1, 5000, 0, 360, 8),
  (1082, 5, 35000, 21000, 360, 14),
  (1083, 4, 105000, 0, 360, 7),
  (1084, 3, 105000, 0, 361, 7),
  (1085, 5, 89000, 0, 361, 12),
  (1086, 3, 390000, 0, 361, 2),
  (1087, 4, 550000, 0, 362, 5),
  (1088, 4, 950000, 0, 362, 3),
  (1089, 5, 115000, 0, 363, 11),
  (1090, 5, 42000, 11000, 363, 15),
  (1091, 4, 150000, 0, 363, 6),
  (1092, 1, 89000, 9000, 363, 9),
  (1093, 1, 150000, 15000, 364, 6),
  (1094, 4, 550000, 0, 364, 5),
  (1095, 2, 105000, 19000, 365, 7),
  (1096, 4, 35000, 0, 365, 14),
  (1097, 2, 950000, 269000, 365, 3),
  (1098, 3, 89000, 23000, 366, 12),
  (1099, 2, 105000, 16000, 367, 7),
  (1100, 5, 42000, 0, 367, 15),
  (1101, 4, 550000, 0, 367, 5),
  (1102, 4, 950000, 197000, 367, 3),
  (1103, 2, 28000, 0, 368, 13),
  (1104, 1, 5000, 0, 369, 8),
  (1105, 2, 950000, 0, 369, 3),
  (1106, 3, 28000, 0, 369, 13),
  (1107, 5, 89000, 0, 370, 12),
  (1108, 5, 28000, 0, 370, 13),
  (1109, 1, 150000, 0, 370, 6),
  (1110, 3, 6900000, 2630000, 370, 4),
  (1111, 3, 890000, 0, 370, 1),
  (1112, 1, 28000, 3000, 371, 13),
  (1113, 4, 890000, 0, 371, 1),
  (1114, 5, 550000, 0, 371, 5),
  (1115, 1, 135000, 0, 371, 10),
  (1116, 5, 550000, 0, 372, 5),
  (1117, 2, 105000, 0, 372, 7),
  (1118, 1, 135000, 0, 372, 10),
  (1119, 2, 390000, 59000, 372, 2),
  (1120, 5, 42000, 0, 373, 15),
  (1121, 1, 5000, 0, 373, 8),
  (1122, 1, 390000, 0, 373, 2),
  (1123, 5, 550000, 190000, 373, 5),
  (1124, 2, 135000, 0, 373, 10),
  (1125, 1, 89000, 0, 374, 12),
  (1126, 5, 42000, 0, 374, 15),
  (1127, 2, 115000, 33000, 374, 11),
  (1128, 4, 5000, 2000, 374, 8),
  (1129, 1, 890000, 0, 374, 1),
  (1130, 2, 890000, 0, 375, 1),
  (1131, 2, 42000, 4000, 375, 15),
  (1132, 4, 950000, 372000, 375, 3),
  (1133, 1, 115000, 0, 375, 11),
  (1134, 4, 35000, 0, 376, 14),
  (1135, 2, 890000, 101000, 376, 1),
  (1136, 2, 150000, 0, 376, 6),
  (1137, 5, 35000, 12000, 377, 14),
  (1138, 1, 150000, 0, 378, 6),
  (1139, 2, 135000, 0, 378, 10),
  (1140, 2, 115000, 0, 378, 11),
  (1141, 1, 105000, 13000, 378, 7),
  (1142, 2, 35000, 0, 379, 14),
  (1143, 1, 135000, 7000, 379, 10),
  (1144, 1, 105000, 15000, 379, 7),
  (1145, 3, 890000, 340000, 379, 1),
  (1146, 2, 28000, 0, 379, 13),
  (1147, 1, 6900000, 0, 380, 4),
  (1148, 1, 135000, 0, 381, 10),
  (1149, 4, 89000, 0, 381, 9),
  (1150, 1, 890000, 0, 382, 1),
  (1151, 4, 35000, 0, 382, 14),
  (1152, 4, 35000, 11000, 383, 14),
  (1153, 2, 6900000, 1613000, 383, 4),
  (1154, 5, 135000, 0, 384, 10),
  (1155, 4, 6900000, 0, 385, 4),
  (1156, 2, 135000, 30000, 385, 10),
  (1157, 4, 89000, 30000, 385, 12),
  (1158, 5, 390000, 0, 385, 2),
  (1159, 3, 135000, 0, 386, 10),
  (1160, 5, 150000, 0, 386, 6),
  (1161, 1, 28000, 0, 387, 13),
  (1162, 4, 6900000, 3611000, 387, 4),
  (1163, 4, 550000, 0, 387, 5),
  (1164, 3, 115000, 25000, 387, 11),
  (1165, 1, 135000, 0, 388, 10),
  (1166, 1, 390000, 0, 388, 2),
  (1167, 3, 550000, 0, 388, 5),
  (1168, 4, 105000, 0, 388, 7),
  (1169, 2, 28000, 0, 389, 13),
  (1170, 3, 42000, 0, 389, 15),
  (1171, 2, 105000, 0, 389, 7),
  (1172, 1, 150000, 19000, 389, 6),
  (1173, 1, 950000, 0, 389, 3),
  (1174, 4, 115000, 0, 390, 11),
  (1175, 4, 6900000, 0, 390, 4),
  (1176, 4, 390000, 0, 390, 2),
  (1177, 3, 35000, 0, 391, 14),
  (1178, 4, 135000, 0, 391, 10),
  (1179, 3, 5000, 2000, 391, 8),
  (1180, 2, 89000, 0, 391, 12),
  (1181, 1, 6900000, 0, 391, 4),
  (1182, 4, 105000, 0, 392, 7),
  (1183, 2, 6900000, 0, 392, 4),
  (1184, 2, 115000, 0, 393, 11),
  (1185, 3, 89000, 0, 393, 12),
  (1186, 5, 89000, 64000, 393, 9),
  (1187, 1, 42000, 5000, 393, 15),
  (1188, 3, 135000, 40000, 393, 10),
  (1189, 4, 550000, 269000, 394, 5),
  (1190, 5, 5000, 2000, 395, 8),
  (1191, 1, 28000, 1000, 395, 13),
  (1192, 3, 390000, 0, 395, 2),
  (1193, 5, 89000, 0, 395, 9),
  (1194, 4, 135000, 0, 396, 10),
  (1195, 4, 5000, 0, 397, 8),
  (1196, 2, 89000, 20000, 397, 12),
  (1197, 3, 105000, 0, 397, 7),
  (1198, 3, 6900000, 2216000, 397, 4),
  (1199, 5, 6900000, 0, 398, 4),
  (1200, 5, 42000, 0, 398, 15),
  (1201, 2, 89000, 0, 398, 12),
  (1202, 5, 890000, 0, 398, 1),
  (1203, 4, 890000, 0, 399, 1),
  (1204, 2, 390000, 0, 399, 2),
  (1205, 4, 28000, 14000, 399, 13),
  (1206, 3, 42000, 0, 399, 15),
  (1207, 1, 42000, 0, 400, 15),
  (1208, 1, 89000, 0, 400, 12),
  (1209, 5, 5000, 0, 400, 8),
  (1210, 5, 135000, 46000, 400, 10),
  (1211, 4, 115000, 53000, 401, 11),
  (1212, 4, 950000, 423000, 401, 3),
  (1213, 1, 35000, 3000, 401, 14),
  (1214, 4, 150000, 0, 402, 6),
  (1215, 5, 390000, 220000, 402, 2),
  (1216, 3, 6900000, 0, 403, 4),
  (1217, 4, 89000, 0, 404, 9),
  (1218, 5, 35000, 0, 404, 14),
  (1219, 3, 115000, 0, 404, 11),
  (1220, 2, 28000, 0, 404, 13),
  (1221, 2, 890000, 0, 404, 1),
  (1222, 5, 150000, 71000, 405, 6),
  (1223, 5, 89000, 0, 405, 9),
  (1224, 2, 42000, 0, 406, 15),
  (1225, 1, 390000, 0, 406, 2),
  (1226, 4, 42000, 16000, 407, 15),
  (1227, 2, 105000, 0, 407, 7),
  (1228, 2, 390000, 0, 407, 2),
  (1229, 1, 135000, 9000, 407, 10),
  (1230, 5, 150000, 84000, 407, 6),
  (1231, 4, 28000, 8000, 408, 13),
  (1232, 1, 42000, 0, 408, 15),
  (1233, 2, 105000, 25000, 408, 7),
  (1234, 3, 390000, 0, 408, 2),
  (1235, 2, 6900000, 0, 408, 4),
  (1236, 5, 35000, 0, 409, 14),
  (1237, 4, 42000, 11000, 409, 15),
  (1238, 1, 150000, 8000, 409, 6),
  (1239, 4, 6900000, 2622000, 409, 4),
  (1240, 4, 42000, 0, 410, 15),
  (1241, 1, 150000, 10000, 411, 6),
  (1242, 2, 115000, 0, 412, 11),
  (1243, 4, 390000, 0, 412, 2),
  (1244, 1, 150000, 0, 412, 6),
  (1245, 4, 89000, 0, 412, 9),
  (1246, 5, 35000, 9000, 412, 14),
  (1247, 1, 89000, 0, 413, 9),
  (1248, 2, 89000, 0, 413, 12),
  (1249, 2, 6900000, 0, 413, 4),
  (1250, 2, 115000, 0, 413, 11),
  (1251, 5, 390000, 0, 413, 2),
  (1252, 4, 89000, 0, 414, 9),
  (1253, 4, 135000, 0, 414, 10),
  (1254, 1, 6900000, 0, 414, 4),
  (1255, 5, 42000, 0, 414, 15),
  (1256, 5, 115000, 0, 414, 11),
  (1257, 1, 135000, 19000, 415, 10),
  (1258, 4, 6900000, 0, 415, 4),
  (1259, 1, 890000, 0, 415, 1),
  (1260, 1, 6900000, 0, 416, 4),
  (1261, 3, 6900000, 0, 417, 4),
  (1262, 1, 35000, 0, 417, 14),
  (1263, 4, 550000, 0, 418, 5),
  (1264, 4, 150000, 0, 418, 6),
  (1265, 4, 390000, 0, 419, 2),
  (1266, 3, 89000, 0, 419, 12),
  (1267, 2, 890000, 180000, 419, 1),
  (1268, 4, 35000, 8000, 419, 14),
  (1269, 5, 28000, 16000, 419, 13),
  (1270, 3, 135000, 0, 420, 10),
  (1271, 4, 150000, 0, 420, 6),
  (1272, 1, 890000, 103000, 420, 1),
  (1273, 2, 550000, 0, 420, 5),
  (1274, 2, 550000, 0, 421, 5),
  (1275, 3, 35000, 0, 421, 14),
  (1276, 3, 5000, 0, 421, 8),
  (1277, 1, 28000, 0, 421, 13),
  (1278, 5, 6900000, 0, 422, 4),
  (1279, 4, 35000, 0, 422, 14),
  (1280, 5, 89000, 0, 422, 9),
  (1281, 3, 89000, 0, 422, 12),
  (1282, 4, 6900000, 0, 423, 4),
  (1283, 4, 105000, 0, 423, 7),
  (1284, 1, 28000, 0, 423, 13),
  (1285, 3, 115000, 0, 423, 11),
  (1286, 5, 550000, 0, 424, 5),
  (1287, 5, 105000, 0, 424, 7),
  (1288, 3, 5000, 0, 424, 8),
  (1289, 3, 35000, 0, 425, 14),
  (1290, 3, 135000, 0, 425, 10),
  (1291, 5, 89000, 0, 425, 9),
  (1292, 5, 42000, 31000, 425, 15),
  (1293, 2, 390000, 0, 425, 2),
  (1294, 1, 890000, 0, 426, 1),
  (1295, 5, 35000, 17000, 426, 14),
  (1296, 5, 150000, 0, 426, 6),
  (1297, 3, 390000, 0, 426, 2),
  (1298, 3, 89000, 21000, 426, 9),
  (1299, 3, 42000, 0, 427, 15),
  (1300, 4, 390000, 0, 428, 2),
  (1301, 1, 89000, 0, 428, 9),
  (1302, 2, 5000, 1000, 429, 8),
  (1303, 1, 6900000, 0, 429, 4),
  (1304, 5, 135000, 38000, 429, 10),
  (1305, 2, 115000, 0, 430, 11),
  (1306, 4, 28000, 0, 430, 13),
  (1307, 1, 135000, 7000, 430, 10),
  (1308, 2, 150000, 30000, 430, 6),
  (1309, 4, 35000, 0, 430, 14),
  (1310, 5, 950000, 0, 431, 3),
  (1311, 4, 390000, 0, 432, 2),
  (1312, 1, 890000, 0, 432, 1),
  (1313, 4, 6900000, 1716000, 432, 4),
  (1314, 1, 105000, 0, 433, 7),
  (1315, 3, 6900000, 1731000, 433, 4),
  (1316, 1, 115000, 0, 433, 11),
  (1317, 1, 89000, 0, 434, 12),
  (1318, 5, 5000, 0, 434, 8),
  (1319, 1, 950000, 0, 434, 3),
  (1320, 4, 89000, 0, 434, 9),
  (1321, 3, 115000, 36000, 434, 11),
  (1322, 3, 150000, 43000, 435, 6),
  (1323, 1, 42000, 4000, 435, 15),
  (1324, 5, 890000, 0, 435, 1),
  (1325, 4, 115000, 0, 435, 11),
  (1326, 3, 390000, 0, 435, 2),
  (1327, 3, 89000, 0, 436, 12),
  (1328, 3, 890000, 0, 436, 1),
  (1329, 1, 550000, 0, 436, 5),
  (1330, 4, 28000, 0, 436, 13),
  (1331, 2, 890000, 146000, 437, 1),
  (1332, 4, 89000, 49000, 438, 12),
  (1333, 4, 950000, 442000, 438, 3),
  (1334, 2, 89000, 0, 438, 9),
  (1335, 3, 390000, 0, 438, 2),
  (1336, 5, 5000, 0, 439, 8),
  (1337, 3, 950000, 0, 439, 3),
  (1338, 1, 390000, 0, 440, 2),
  (1339, 3, 35000, 9000, 440, 14),
  (1340, 1, 28000, 0, 440, 13),
  (1341, 2, 6900000, 1319000, 440, 4),
  (1342, 4, 135000, 0, 440, 10),
  (1343, 4, 550000, 320000, 441, 5),
  (1344, 4, 135000, 0, 441, 10),
  (1345, 5, 89000, 31000, 441, 9),
  (1346, 5, 390000, 0, 441, 2),
  (1347, 3, 950000, 0, 442, 3),
  (1348, 2, 950000, 0, 443, 3),
  (1349, 3, 890000, 0, 443, 1),
  (1350, 1, 89000, 0, 443, 12),
  (1351, 5, 890000, 386000, 444, 1),
  (1352, 3, 115000, 30000, 444, 11),
  (1353, 4, 89000, 0, 444, 9),
  (1354, 1, 150000, 0, 444, 6),
  (1355, 4, 135000, 0, 444, 10),
  (1356, 2, 890000, 180000, 445, 1),
  (1357, 5, 115000, 0, 445, 11),
  (1358, 3, 89000, 0, 446, 12),
  (1359, 3, 35000, 0, 446, 14),
  (1360, 5, 135000, 0, 447, 10),
  (1361, 4, 42000, 0, 447, 15),
  (1362, 2, 89000, 0, 448, 12),
  (1363, 4, 28000, 0, 448, 13),
  (1364, 4, 150000, 45000, 448, 6),
  (1365, 5, 135000, 0, 448, 10),
  (1366, 5, 550000, 374000, 448, 5),
  (1367, 4, 115000, 0, 449, 11),
  (1368, 4, 135000, 0, 450, 10),
  (1369, 1, 89000, 0, 451, 12),
  (1370, 3, 390000, 0, 451, 2),
  (1371, 5, 28000, 0, 451, 13),
  (1372, 5, 890000, 0, 452, 1),
  (1373, 2, 6900000, 1129000, 452, 4),
  (1374, 5, 390000, 102000, 452, 2),
  (1375, 3, 550000, 0, 452, 5),
  (1376, 5, 5000, 0, 452, 8),
  (1377, 3, 890000, 178000, 453, 1),
  (1378, 1, 135000, 0, 453, 10),
  (1379, 4, 150000, 0, 453, 6),
  (1380, 5, 6900000, 0, 454, 4),
  (1381, 1, 89000, 0, 454, 9),
  (1382, 5, 115000, 0, 454, 11),
  (1383, 3, 28000, 8000, 454, 13),
  (1384, 3, 89000, 0, 455, 12),
  (1385, 4, 890000, 469000, 455, 1),
  (1386, 2, 390000, 0, 455, 2),
  (1387, 2, 6900000, 0, 455, 4),
  (1388, 4, 89000, 0, 456, 12),
  (1389, 5, 550000, 0, 456, 5),
  (1390, 4, 105000, 0, 456, 7),
  (1391, 5, 390000, 274000, 457, 2),
  (1392, 2, 550000, 109000, 458, 5),
  (1393, 4, 35000, 0, 458, 14),
  (1394, 5, 28000, 0, 458, 13),
  (1395, 5, 89000, 0, 459, 9),
  (1396, 3, 390000, 0, 459, 2),
  (1397, 1, 550000, 0, 459, 5),
  (1398, 2, 890000, 0, 460, 1),
  (1399, 3, 5000, 0, 461, 8),
  (1400, 5, 28000, 0, 461, 13),
  (1401, 3, 550000, 214000, 462, 5),
  (1402, 3, 150000, 42000, 462, 6),
  (1403, 2, 115000, 24000, 462, 11),
  (1404, 1, 390000, 54000, 462, 2),
  (1405, 2, 890000, 0, 463, 1),
  (1406, 4, 105000, 0, 463, 7),
  (1407, 1, 950000, 0, 463, 3),
  (1408, 4, 5000, 2000, 464, 8),
  (1409, 4, 42000, 20000, 464, 15),
  (1410, 1, 950000, 89000, 464, 3),
  (1411, 1, 28000, 0, 465, 13),
  (1412, 2, 6900000, 0, 465, 4),
  (1413, 4, 150000, 0, 465, 6),
  (1414, 5, 42000, 0, 466, 15),
  (1415, 2, 5000, 1000, 466, 8),
  (1416, 3, 5000, 0, 467, 8),
  (1417, 3, 115000, 0, 467, 11),
  (1418, 1, 89000, 0, 467, 9),
  (1419, 3, 890000, 0, 467, 1),
  (1420, 5, 105000, 36000, 468, 7),
  (1421, 2, 89000, 15000, 468, 9),
  (1422, 3, 105000, 0, 469, 7),
  (1423, 5, 135000, 0, 469, 10),
  (1424, 5, 35000, 11000, 469, 14),
  (1425, 2, 28000, 0, 469, 13),
  (1426, 5, 6900000, 2095000, 470, 4),
  (1427, 2, 35000, 6000, 470, 14),
  (1428, 4, 28000, 13000, 470, 13),
  (1429, 4, 115000, 63000, 470, 11),
  (1430, 2, 35000, 0, 471, 14),
  (1431, 4, 89000, 0, 472, 9),
  (1432, 3, 135000, 0, 472, 10),
  (1433, 3, 135000, 0, 473, 10),
  (1434, 5, 6900000, 0, 473, 4),
  (1435, 5, 5000, 0, 473, 8),
  (1436, 4, 950000, 447000, 474, 3),
  (1437, 1, 390000, 47000, 474, 2),
  (1438, 3, 115000, 0, 475, 11),
  (1439, 3, 35000, 13000, 475, 14),
  (1440, 2, 28000, 7000, 475, 13),
  (1441, 1, 89000, 0, 475, 12),
  (1442, 2, 550000, 129000, 476, 5),
  (1443, 5, 950000, 0, 476, 3),
  (1444, 5, 89000, 0, 476, 12),
  (1445, 1, 115000, 0, 477, 11),
  (1446, 4, 150000, 0, 477, 6),
  (1447, 5, 550000, 0, 477, 5),
  (1448, 2, 950000, 0, 477, 3),
  (1449, 1, 42000, 0, 478, 15),
  (1450, 2, 150000, 16000, 478, 6),
  (1451, 5, 135000, 0, 478, 10),
  (1452, 1, 105000, 0, 478, 7),
  (1453, 3, 89000, 23000, 478, 9),
  (1454, 4, 89000, 30000, 479, 12),
  (1455, 1, 950000, 0, 479, 3),
  (1456, 3, 42000, 16000, 479, 15),
  (1457, 1, 890000, 55000, 480, 1),
  (1458, 2, 89000, 0, 480, 9),
  (1459, 2, 42000, 0, 480, 15),
  (1460, 4, 950000, 0, 481, 3),
  (1461, 5, 115000, 83000, 481, 11),
  (1462, 3, 89000, 15000, 482, 12),
  (1463, 4, 135000, 0, 482, 10),
  (1464, 1, 550000, 0, 482, 5),
  (1465, 5, 42000, 0, 482, 15),
  (1466, 2, 89000, 0, 482, 9),
  (1467, 3, 89000, 0, 483, 12),
  (1468, 5, 135000, 0, 483, 10),
  (1469, 4, 6900000, 1618000, 483, 4),
  (1470, 4, 5000, 0, 483, 8),
  (1471, 3, 550000, 85000, 483, 5),
  (1472, 3, 115000, 0, 484, 11),
  (1473, 3, 28000, 0, 484, 13),
  (1474, 3, 5000, 0, 484, 8),
  (1475, 4, 890000, 0, 485, 1),
  (1476, 5, 5000, 0, 485, 8),
  (1477, 1, 28000, 0, 485, 13),
  (1478, 1, 89000, 0, 485, 12),
  (1479, 4, 150000, 0, 485, 6),
  (1480, 2, 950000, 0, 486, 3),
  (1481, 2, 150000, 0, 486, 6),
  (1482, 4, 5000, 1000, 486, 8),
  (1483, 5, 550000, 0, 486, 5),
  (1484, 3, 105000, 38000, 486, 7),
  (1485, 2, 42000, 0, 487, 15),
  (1486, 5, 135000, 0, 488, 10),
  (1487, 2, 35000, 6000, 488, 14),
  (1488, 3, 390000, 0, 488, 2),
  (1489, 3, 105000, 0, 489, 7),
  (1490, 1, 6900000, 346000, 489, 4),
  (1491, 3, 5000, 0, 489, 8),
  (1492, 3, 890000, 0, 489, 1),
  (1493, 2, 550000, 0, 490, 5),
  (1494, 4, 5000, 0, 491, 8),
  (1495, 3, 89000, 0, 491, 12),
  (1496, 1, 89000, 0, 491, 9),
  (1497, 3, 6900000, 1620000, 491, 4),
  (1498, 2, 150000, 26000, 492, 6),
  (1499, 4, 105000, 0, 492, 7),
  (1500, 1, 89000, 0, 492, 12),
  (1501, 1, 28000, 0, 492, 13),
  (1502, 3, 550000, 179000, 492, 5),
  (1503, 3, 89000, 0, 493, 12),
  (1504, 4, 135000, 63000, 493, 10),
  (1505, 5, 115000, 0, 493, 11),
  (1506, 3, 35000, 0, 493, 14),
  (1507, 5, 105000, 33000, 494, 7),
  (1508, 3, 115000, 19000, 494, 11),
  (1509, 3, 42000, 10000, 494, 15),
  (1510, 5, 135000, 45000, 494, 10),
  (1511, 4, 89000, 0, 494, 12),
  (1512, 5, 950000, 498000, 495, 3),
  (1513, 4, 105000, 0, 496, 7),
  (1514, 3, 35000, 0, 497, 14),
  (1515, 2, 6900000, 1409000, 497, 4),
  (1516, 3, 28000, 5000, 497, 13),
  (1517, 5, 35000, 0, 498, 14),
  (1518, 3, 28000, 8000, 498, 13),
  (1519, 4, 150000, 39000, 498, 6),
  (1520, 2, 150000, 16000, 499, 6),
  (1521, 2, 28000, 0, 499, 13),
  (1522, 2, 115000, 17000, 500, 11),
  (1523, 4, 950000, 0, 501, 3),
  (1524, 5, 105000, 0, 501, 7),
  (1525, 1, 150000, 0, 501, 6),
  (1526, 3, 89000, 0, 502, 12),
  (1527, 4, 5000, 0, 503, 8),
  (1528, 5, 950000, 549000, 503, 3),
  (1529, 4, 150000, 0, 503, 6),
  (1530, 1, 115000, 14000, 503, 11),
  (1531, 4, 550000, 0, 503, 5),
  (1532, 3, 950000, 0, 504, 3),
  (1533, 3, 89000, 23000, 504, 9),
  (1534, 2, 35000, 6000, 504, 14),
  (1535, 5, 115000, 0, 504, 11),
  (1536, 1, 28000, 2000, 505, 13),
  (1537, 1, 950000, 0, 505, 3),
  (1538, 4, 550000, 119000, 505, 5),
  (1539, 3, 89000, 0, 506, 12),
  (1540, 4, 115000, 47000, 506, 11),
  (1541, 4, 135000, 0, 506, 10),
  (1542, 4, 42000, 0, 507, 15),
  (1543, 3, 105000, 0, 507, 7),
  (1544, 5, 5000, 0, 507, 8),
  (1545, 4, 890000, 0, 507, 1),
  (1546, 4, 390000, 0, 507, 2),
  (1547, 1, 890000, 0, 508, 1),
  (1548, 3, 28000, 0, 508, 13),
  (1549, 2, 105000, 0, 508, 7),
  (1550, 4, 150000, 81000, 509, 6),
  (1551, 5, 6900000, 0, 510, 4),
  (1552, 1, 42000, 0, 510, 15),
  (1553, 1, 150000, 0, 510, 6),
  (1554, 4, 28000, 0, 511, 13),
  (1555, 1, 89000, 0, 511, 9),
  (1556, 4, 42000, 0, 511, 15),
  (1557, 1, 5000, 0, 511, 8),
  (1558, 5, 390000, 245000, 512, 2),
  (1559, 5, 89000, 23000, 512, 9),
  (1560, 1, 105000, 0, 512, 7),
  (1561, 5, 950000, 0, 513, 3),
  (1562, 4, 5000, 0, 513, 8),
  (1563, 2, 150000, 0, 513, 6),
  (1564, 3, 89000, 17000, 513, 12),
  (1565, 3, 150000, 0, 514, 6),
  (1566, 4, 89000, 0, 514, 12),
  (1567, 5, 890000, 0, 514, 1),
  (1568, 3, 135000, 0, 514, 10),
  (1569, 5, 42000, 26000, 514, 15),
  (1570, 4, 950000, 0, 515, 3),
  (1571, 3, 135000, 0, 515, 10),
  (1572, 2, 6900000, 0, 515, 4),
  (1573, 4, 390000, 0, 515, 2),
  (1574, 2, 35000, 0, 516, 14),
  (1575, 1, 89000, 13000, 516, 9),
  (1576, 2, 89000, 0, 517, 12),
  (1577, 3, 390000, 0, 517, 2),
  (1578, 2, 135000, 28000, 518, 10),
  (1579, 2, 950000, 0, 518, 3),
  (1580, 2, 5000, 0, 518, 8),
  (1581, 4, 890000, 0, 518, 1),
  (1582, 5, 5000, 2000, 519, 8),
  (1583, 2, 35000, 0, 519, 14),
  (1584, 3, 950000, 0, 519, 3),
  (1585, 4, 135000, 0, 520, 10),
  (1586, 3, 6900000, 0, 520, 4),
  (1587, 4, 550000, 0, 520, 5),
  (1588, 5, 115000, 53000, 521, 11),
  (1589, 3, 105000, 0, 521, 7),
  (1590, 4, 550000, 0, 521, 5),
  (1591, 1, 89000, 0, 521, 12),
  (1592, 1, 135000, 0, 522, 10),
  (1593, 2, 150000, 0, 522, 6),
  (1594, 1, 550000, 0, 522, 5),
  (1595, 4, 890000, 0, 522, 1),
  (1596, 2, 950000, 0, 523, 3),
  (1597, 5, 550000, 0, 523, 5),
  (1598, 1, 35000, 3000, 524, 14),
  (1599, 2, 6900000, 0, 524, 4),
  (1600, 3, 115000, 38000, 525, 11),
  (1601, 4, 35000, 13000, 526, 14),
  (1602, 4, 550000, 210000, 526, 5),
  (1603, 5, 950000, 0, 526, 3),
  (1604, 4, 890000, 0, 526, 1),
  (1605, 1, 150000, 0, 526, 6),
  (1606, 2, 6900000, 0, 527, 4),
  (1607, 1, 150000, 0, 527, 6),
  (1608, 3, 135000, 0, 528, 10),
  (1609, 2, 150000, 0, 528, 6),
  (1610, 4, 890000, 0, 528, 1),
  (1611, 2, 105000, 0, 528, 7),
  (1612, 4, 89000, 37000, 528, 12),
  (1613, 1, 135000, 0, 529, 10),
  (1614, 2, 390000, 0, 530, 2),
  (1615, 3, 115000, 0, 530, 11),
  (1616, 2, 950000, 0, 530, 3),
  (1617, 3, 390000, 0, 531, 2),
  (1618, 5, 28000, 0, 531, 13),
  (1619, 4, 6900000, 0, 531, 4),
  (1620, 3, 105000, 0, 531, 7),
  (1621, 1, 89000, 7000, 531, 12),
  (1622, 2, 42000, 6000, 532, 15),
  (1623, 1, 135000, 0, 532, 10),
  (1624, 4, 890000, 0, 533, 1),
  (1625, 4, 105000, 0, 533, 7),
  (1626, 2, 390000, 0, 534, 2),
  (1627, 3, 89000, 0, 534, 12),
  (1628, 4, 135000, 57000, 534, 10),
  (1629, 5, 35000, 20000, 534, 14),
  (1630, 1, 42000, 6000, 534, 15),
  (1631, 1, 550000, 0, 535, 5),
  (1632, 2, 135000, 0, 535, 10),
  (1633, 4, 28000, 0, 536, 13),
  (1634, 1, 89000, 0, 537, 9),
  (1635, 4, 89000, 36000, 537, 12),
  (1636, 3, 35000, 0, 537, 14),
  (1637, 2, 135000, 0, 537, 10),
  (1638, 3, 89000, 0, 538, 12),
  (1639, 2, 28000, 6000, 538, 13),
  (1640, 3, 5000, 0, 538, 8),
  (1641, 2, 42000, 9000, 538, 15),
  (1642, 1, 390000, 40000, 539, 2),
  (1643, 5, 89000, 65000, 539, 12),
  (1644, 2, 28000, 0, 539, 13),
  (1645, 1, 950000, 0, 539, 3),
  (1646, 5, 6900000, 0, 539, 4),
  (1647, 5, 89000, 0, 540, 12),
  (1648, 3, 135000, 0, 540, 10),
  (1649, 3, 950000, 192000, 540, 3),
  (1650, 2, 89000, 0, 541, 9),
  (1651, 1, 28000, 0, 542, 13),
  (1652, 4, 5000, 0, 542, 8),
  (1653, 3, 89000, 0, 542, 9),
  (1654, 3, 42000, 0, 543, 15),
  (1655, 2, 35000, 9000, 543, 14),
  (1656, 3, 550000, 247000, 543, 5),
  (1657, 4, 390000, 0, 543, 2),
  (1658, 5, 89000, 0, 544, 9),
  (1659, 1, 5000, 0, 544, 8),
  (1660, 1, 42000, 0, 544, 15),
  (1661, 2, 550000, 0, 544, 5),
  (1662, 5, 890000, 0, 544, 1),
  (1663, 3, 89000, 30000, 545, 9),
  (1664, 3, 115000, 29000, 545, 11),
  (1665, 3, 550000, 0, 545, 5),
  (1666, 1, 135000, 0, 545, 10),
  (1667, 4, 105000, 0, 545, 7),
  (1668, 5, 42000, 0, 546, 15),
  (1669, 3, 150000, 49000, 547, 6),
  (1670, 1, 42000, 0, 547, 15),
  (1671, 3, 950000, 0, 547, 3),
  (1672, 3, 150000, 0, 548, 6),
  (1673, 2, 950000, 0, 548, 3),
  (1674, 3, 89000, 31000, 548, 12),
  (1675, 3, 115000, 19000, 549, 11),
  (1676, 1, 135000, 0, 550, 10),
  (1677, 2, 950000, 0, 550, 3),
  (1678, 2, 105000, 0, 551, 7),
  (1679, 5, 42000, 0, 551, 15),
  (1680, 3, 150000, 40000, 551, 6),
  (1681, 1, 890000, 0, 551, 1),
  (1682, 2, 28000, 8000, 552, 13),
  (1683, 4, 150000, 0, 552, 6),
  (1684, 3, 89000, 26000, 553, 12),
  (1685, 3, 390000, 0, 553, 2),
  (1686, 3, 5000, 0, 553, 8),
  (1687, 2, 550000, 0, 553, 5),
  (1688, 4, 89000, 40000, 553, 9),
  (1689, 5, 42000, 29000, 554, 15),
  (1690, 3, 89000, 0, 554, 12),
  (1691, 4, 105000, 0, 554, 7),
  (1692, 3, 89000, 0, 555, 9),
  (1693, 3, 890000, 386000, 555, 1),
  (1694, 1, 950000, 0, 555, 3),
  (1695, 4, 390000, 0, 555, 2),
  (1696, 5, 150000, 0, 556, 6),
  (1697, 1, 105000, 0, 556, 7),
  (1698, 2, 390000, 0, 556, 2),
  (1699, 2, 28000, 0, 556, 13),
  (1700, 3, 150000, 0, 557, 6),
  (1701, 3, 550000, 165000, 558, 5),
  (1702, 3, 89000, 0, 558, 9),
  (1703, 5, 390000, 124000, 559, 2),
  (1704, 2, 42000, 0, 559, 15),
  (1705, 5, 89000, 45000, 560, 9),
  (1706, 1, 115000, 0, 560, 11),
  (1707, 5, 28000, 0, 560, 13),
  (1708, 5, 6900000, 0, 560, 4),
  (1709, 4, 89000, 0, 561, 12),
  (1710, 1, 35000, 4000, 561, 14),
  (1711, 5, 5000, 0, 561, 8),
  (1712, 4, 42000, 18000, 561, 15),
  (1713, 4, 28000, 0, 562, 13),
  (1714, 2, 890000, 157000, 562, 1),
  (1715, 2, 135000, 0, 562, 10),
  (1716, 1, 950000, 0, 562, 3),
  (1717, 2, 5000, 0, 563, 8),
  (1718, 2, 950000, 0, 563, 3),
  (1719, 1, 550000, 0, 564, 5),
  (1720, 2, 105000, 26000, 564, 7),
  (1721, 3, 150000, 32000, 564, 6),
  (1722, 5, 35000, 17000, 564, 14),
  (1723, 2, 5000, 1000, 564, 8),
  (1724, 4, 5000, 0, 565, 8),
  (1725, 5, 950000, 0, 565, 3),
  (1726, 4, 950000, 0, 566, 3),
  (1727, 4, 6900000, 0, 566, 4),
  (1728, 4, 42000, 0, 566, 15),
  (1729, 2, 890000, 0, 566, 1),
  (1730, 2, 890000, 143000, 567, 1),
  (1731, 4, 28000, 15000, 567, 13),
  (1732, 3, 35000, 0, 567, 14),
  (1733, 5, 42000, 0, 568, 15),
  (1734, 5, 42000, 23000, 569, 15),
  (1735, 4, 950000, 196000, 569, 3),
  (1736, 5, 135000, 91000, 570, 10),
  (1737, 5, 42000, 0, 570, 15),
  (1738, 3, 5000, 0, 570, 8),
  (1739, 3, 150000, 0, 570, 6),
  (1740, 2, 150000, 0, 571, 6),
  (1741, 3, 42000, 0, 571, 15),
  (1742, 2, 89000, 0, 571, 12),
  (1743, 5, 890000, 0, 571, 1),
  (1744, 1, 890000, 0, 572, 1),
  (1745, 4, 105000, 0, 572, 7),
  (1746, 3, 390000, 0, 572, 2),
  (1747, 4, 115000, 0, 572, 11),
  (1748, 3, 550000, 0, 573, 5),
  (1749, 2, 890000, 142000, 574, 1),
  (1750, 3, 150000, 0, 574, 6),
  (1751, 1, 35000, 0, 575, 14),
  (1752, 4, 135000, 51000, 575, 10),
  (1753, 4, 89000, 0, 575, 9),
  (1754, 4, 890000, 0, 575, 1),
  (1755, 3, 42000, 0, 576, 15),
  (1756, 3, 890000, 0, 576, 1),
  (1757, 1, 950000, 55000, 577, 3),
  (1758, 3, 89000, 0, 578, 9),
  (1759, 4, 89000, 25000, 578, 12),
  (1760, 3, 89000, 33000, 579, 12),
  (1761, 5, 890000, 0, 579, 1),
  (1762, 1, 550000, 0, 579, 5),
  (1763, 4, 5000, 0, 580, 8),
  (1764, 2, 115000, 0, 581, 11),
  (1765, 5, 42000, 0, 582, 15),
  (1766, 3, 890000, 0, 582, 1),
  (1767, 1, 28000, 3000, 582, 13),
  (1768, 3, 150000, 0, 582, 6),
  (1769, 3, 950000, 201000, 582, 3),
  (1770, 4, 42000, 11000, 583, 15),
  (1771, 2, 150000, 20000, 584, 6),
  (1772, 2, 89000, 0, 584, 12),
  (1773, 1, 42000, 3000, 584, 15),
  (1774, 2, 89000, 0, 584, 9),
  (1775, 4, 135000, 0, 585, 10),
  (1776, 1, 35000, 0, 585, 14),
  (1777, 3, 89000, 0, 585, 12),
  (1778, 2, 105000, 12000, 585, 7),
  (1779, 5, 115000, 0, 586, 11),
  (1780, 1, 28000, 0, 586, 13),
  (1781, 5, 42000, 20000, 586, 15),
  (1782, 2, 89000, 10000, 586, 9),
  (1783, 5, 5000, 3000, 587, 8),
  (1784, 2, 6900000, 1552000, 587, 4),
  (1785, 1, 950000, 0, 587, 3),
  (1786, 3, 390000, 0, 587, 2),
  (1787, 1, 105000, 7000, 588, 7),
  (1788, 2, 390000, 95000, 588, 2),
  (1789, 2, 5000, 0, 588, 8),
  (1790, 3, 89000, 0, 588, 9),
  (1791, 3, 42000, 9000, 588, 15),
  (1792, 3, 550000, 220000, 589, 5),
  (1793, 5, 35000, 17000, 590, 14),
  (1794, 1, 89000, 0, 590, 9),
  (1795, 5, 115000, 0, 590, 11),
  (1796, 3, 150000, 0, 590, 6),
  (1797, 2, 890000, 0, 590, 1),
  (1798, 2, 550000, 0, 591, 5),
  (1799, 3, 5000, 1000, 591, 8),
  (1800, 5, 390000, 222000, 591, 2),
  (1801, 4, 6900000, 0, 591, 4),
  (1802, 4, 115000, 0, 591, 11),
  (1803, 3, 42000, 10000, 592, 15),
  (1804, 2, 390000, 0, 592, 2),
  (1805, 5, 89000, 0, 592, 9),
  (1806, 3, 135000, 0, 592, 10),
  (1807, 1, 105000, 0, 592, 7),
  (1808, 3, 150000, 45000, 593, 6),
  (1809, 1, 35000, 0, 594, 14),
  (1810, 1, 150000, 0, 594, 6),
  (1811, 3, 390000, 0, 595, 2),
  (1812, 4, 950000, 0, 595, 3),
  (1813, 4, 5000, 0, 595, 8),
  (1814, 2, 42000, 0, 595, 15),
  (1815, 1, 150000, 0, 595, 6),
  (1816, 5, 890000, 0, 596, 1),
  (1817, 2, 950000, 0, 596, 3),
  (1818, 4, 105000, 0, 596, 7),
  (1819, 5, 35000, 0, 597, 14),
  (1820, 5, 5000, 0, 597, 8),
  (1821, 1, 950000, 0, 597, 3),
  (1822, 2, 89000, 0, 597, 12),
  (1823, 5, 89000, 61000, 598, 9),
  (1824, 4, 115000, 0, 598, 11),
  (1825, 2, 950000, 0, 598, 3),
  (1826, 1, 890000, 0, 598, 1),
  (1827, 4, 28000, 11000, 598, 13),
  (1828, 5, 390000, 0, 599, 2),
  (1829, 5, 5000, 0, 599, 8),
  (1830, 2, 6900000, 0, 600, 4),
  (1831, 1, 5000, 1000, 600, 8),
  (1832, 3, 950000, 185000, 600, 3),
  (1833, 4, 105000, 0, 600, 7),
  (1834, 2, 89000, 0, 601, 9),
  (1835, 3, 89000, 26000, 602, 9),
  (1836, 2, 950000, 235000, 602, 3),
  (1837, 5, 5000, 0, 602, 8),
  (1838, 1, 105000, 0, 602, 7),
  (1839, 4, 550000, 0, 603, 5),
  (1840, 1, 35000, 0, 603, 14),
  (1841, 1, 150000, 8000, 603, 6),
  (1842, 1, 5000, 0, 603, 8),
  (1843, 3, 42000, 0, 604, 15),
  (1844, 2, 550000, 0, 604, 5),
  (1845, 2, 115000, 0, 604, 11),
  (1846, 3, 5000, 1000, 604, 8),
  (1847, 5, 89000, 33000, 605, 12),
  (1848, 1, 550000, 0, 605, 5),
  (1849, 4, 35000, 10000, 605, 14),
  (1850, 1, 390000, 0, 606, 2),
  (1851, 2, 890000, 190000, 606, 1),
  (1852, 2, 89000, 16000, 606, 12),
  (1853, 4, 42000, 12000, 606, 15),
  (1854, 3, 5000, 1000, 607, 8),
  (1855, 4, 890000, 0, 607, 1),
  (1856, 1, 135000, 13000, 608, 10),
  (1857, 1, 115000, 10000, 608, 11),
  (1858, 5, 42000, 0, 608, 15),
  (1859, 5, 28000, 0, 608, 13),
  (1860, 2, 550000, 0, 608, 5),
  (1861, 2, 390000, 103000, 609, 2),
  (1862, 2, 6900000, 0, 610, 4),
  (1863, 2, 115000, 0, 610, 11),
  (1864, 2, 42000, 0, 610, 15),
  (1865, 4, 135000, 79000, 610, 10),
  (1866, 1, 390000, 54000, 611, 2),
  (1867, 5, 550000, 329000, 611, 5),
  (1868, 1, 6900000, 0, 612, 4),
  (1869, 2, 5000, 0, 612, 8),
  (1870, 1, 135000, 0, 613, 10),
  (1871, 1, 35000, 0, 614, 14),
  (1872, 2, 390000, 0, 615, 2),
  (1873, 3, 115000, 0, 615, 11),
  (1874, 3, 950000, 0, 615, 3),
  (1875, 3, 105000, 0, 615, 7),
  (1876, 4, 35000, 0, 615, 14),
  (1877, 4, 150000, 0, 616, 6),
  (1878, 2, 550000, 0, 616, 5),
  (1879, 5, 135000, 0, 616, 10),
  (1880, 5, 35000, 0, 616, 14),
  (1881, 4, 89000, 22000, 617, 12),
  (1882, 5, 89000, 36000, 618, 12),
  (1883, 5, 35000, 11000, 618, 14),
  (1884, 2, 89000, 0, 618, 9),
  (1885, 5, 135000, 0, 619, 10),
  (1886, 1, 890000, 0, 619, 1),
  (1887, 2, 35000, 10000, 619, 14),
  (1888, 4, 5000, 0, 619, 8),
  (1889, 5, 89000, 0, 619, 9),
  (1890, 2, 28000, 0, 620, 13),
  (1891, 5, 6900000, 0, 620, 4),
  (1892, 5, 890000, 0, 621, 1),
  (1893, 3, 150000, 30000, 621, 6),
  (1894, 1, 5000, 0, 621, 8),
  (1895, 4, 550000, 0, 622, 5),
  (1896, 4, 6900000, 0, 622, 4),
  (1897, 1, 5000, 0, 622, 8),
  (1898, 1, 390000, 0, 622, 2),
  (1899, 3, 6900000, 0, 623, 4),
  (1900, 5, 105000, 0, 623, 7),
  (1901, 3, 135000, 0, 623, 10),
  (1902, 2, 89000, 9000, 623, 9),
  (1903, 5, 28000, 17000, 624, 13),
  (1904, 1, 390000, 0, 624, 2),
  (1905, 4, 550000, 0, 624, 5),
  (1906, 3, 150000, 67000, 625, 6),
  (1907, 3, 89000, 0, 625, 12),
  (1908, 2, 89000, 17000, 625, 9),
  (1909, 3, 890000, 0, 625, 1),
  (1910, 3, 105000, 0, 625, 7),
  (1911, 4, 5000, 0, 626, 8),
  (1912, 2, 135000, 0, 627, 10),
  (1913, 1, 550000, 28000, 627, 5),
  (1914, 4, 115000, 55000, 627, 11),
  (1915, 4, 42000, 0, 628, 15),
  (1916, 1, 89000, 0, 628, 12),
  (1917, 5, 6900000, 0, 628, 4),
  (1918, 4, 150000, 0, 628, 6),
  (1919, 5, 28000, 0, 629, 13),
  (1920, 3, 6900000, 0, 629, 4),
  (1921, 4, 550000, 0, 629, 5),
  (1922, 4, 950000, 251000, 629, 3),
  (1923, 4, 105000, 0, 630, 7),
  (1924, 4, 89000, 0, 630, 12),
  (1925, 2, 115000, 26000, 630, 11),
  (1926, 3, 550000, 0, 630, 5),
  (1927, 1, 5000, 1000, 631, 8),
  (1928, 4, 42000, 19000, 631, 15),
  (1929, 1, 950000, 0, 631, 3),
  (1930, 5, 89000, 0, 631, 12),
  (1931, 1, 28000, 0, 631, 13),
  (1932, 5, 150000, 0, 632, 6),
  (1933, 1, 28000, 0, 633, 13),
  (1934, 5, 150000, 0, 633, 6),
  (1935, 2, 550000, 79000, 633, 5),
  (1936, 3, 35000, 0, 634, 14),
  (1937, 1, 550000, 0, 634, 5),
  (1938, 5, 89000, 0, 634, 9),
  (1939, 2, 115000, 26000, 635, 11),
  (1940, 4, 550000, 0, 635, 5),
  (1941, 2, 35000, 5000, 635, 14),
  (1942, 1, 89000, 8000, 636, 9),
  (1943, 4, 890000, 0, 636, 1),
  (1944, 1, 42000, 0, 636, 15),
  (1945, 2, 42000, 0, 637, 15),
  (1946, 4, 390000, 0, 637, 2),
  (1947, 1, 89000, 0, 637, 9),
  (1948, 1, 89000, 0, 638, 9),
  (1949, 5, 550000, 0, 638, 5),
  (1950, 5, 890000, 0, 638, 1),
  (1951, 1, 6900000, 0, 638, 4),
  (1952, 4, 28000, 0, 639, 13),
  (1953, 2, 105000, 0, 639, 7),
  (1954, 3, 89000, 17000, 640, 9),
  (1955, 4, 390000, 0, 640, 2),
  (1956, 3, 890000, 338000, 640, 1),
  (1957, 1, 115000, 0, 640, 11),
  (1958, 1, 550000, 0, 641, 5),
  (1959, 2, 950000, 0, 642, 3),
  (1960, 2, 950000, 0, 643, 3),
  (1961, 1, 390000, 0, 643, 2),
  (1962, 1, 135000, 12000, 643, 10),
  (1963, 5, 105000, 0, 643, 7),
  (1964, 3, 6900000, 0, 643, 4),
  (1965, 1, 390000, 45000, 644, 2),
  (1966, 5, 135000, 0, 645, 10),
  (1967, 5, 150000, 0, 645, 6),
  (1968, 4, 950000, 472000, 646, 3),
  (1969, 2, 89000, 15000, 647, 12),
  (1970, 4, 950000, 0, 647, 3),
  (1971, 1, 150000, 0, 647, 6),
  (1972, 4, 35000, 0, 647, 14),
  (1973, 4, 390000, 0, 648, 2),
  (1974, 2, 115000, 0, 649, 11),
  (1975, 4, 890000, 0, 649, 1),
  (1976, 2, 135000, 0, 649, 10),
  (1977, 5, 35000, 12000, 649, 14),
  (1978, 3, 150000, 45000, 649, 6),
  (1979, 5, 390000, 0, 650, 2),
  (1980, 1, 550000, 54000, 650, 5),
  (1981, 4, 5000, 3000, 650, 8),
  (1982, 5, 115000, 52000, 650, 11),
  (1983, 5, 35000, 0, 651, 14),
  (1984, 1, 390000, 50000, 651, 2),
  (1985, 3, 89000, 31000, 652, 12),
  (1986, 3, 890000, 276000, 652, 1),
  (1987, 5, 28000, 0, 652, 13),
  (1988, 5, 35000, 0, 652, 14),
  (1989, 3, 135000, 50000, 652, 10),
  (1990, 3, 42000, 0, 653, 15),
  (1991, 3, 115000, 0, 653, 11),
  (1992, 2, 89000, 21000, 653, 9),
  (1993, 2, 35000, 0, 653, 14),
  (1994, 1, 35000, 0, 654, 14),
  (1995, 1, 390000, 0, 654, 2),
  (1996, 3, 6900000, 0, 654, 4),
  (1997, 5, 150000, 0, 654, 6),
  (1998, 1, 5000, 0, 655, 8),
  (1999, 1, 89000, 5000, 655, 12),
  (2000, 3, 89000, 22000, 655, 9),
  (2001, 3, 5000, 0, 656, 8),
  (2002, 2, 28000, 0, 656, 13),
  (2003, 1, 390000, 0, 656, 2),
  (2004, 5, 89000, 0, 656, 12),
  (2005, 5, 42000, 0, 656, 15),
  (2006, 5, 28000, 0, 657, 13),
  (2007, 2, 390000, 65000, 658, 2),
  (2008, 4, 28000, 0, 658, 13),
  (2009, 4, 135000, 0, 658, 10),
  (2010, 5, 35000, 17000, 658, 14),
  (2011, 5, 6900000, 2463000, 659, 4),
  (2012, 2, 35000, 0, 659, 14),
  (2013, 1, 115000, 16000, 660, 11),
  (2014, 4, 42000, 0, 661, 15),
  (2015, 2, 6900000, 0, 661, 4),
  (2016, 1, 890000, 57000, 661, 1),
  (2017, 4, 35000, 0, 661, 14),
  (2018, 3, 950000, 0, 661, 3),
  (2019, 2, 28000, 0, 662, 13),
  (2020, 2, 550000, 0, 662, 5),
  (2021, 4, 950000, 238000, 662, 3),
  (2022, 4, 89000, 0, 662, 12),
  (2023, 5, 150000, 0, 662, 6),
  (2024, 4, 89000, 0, 663, 12),
  (2025, 3, 115000, 29000, 663, 11),
  (2026, 3, 28000, 0, 663, 13),
  (2027, 4, 6900000, 0, 663, 4),
  (2028, 3, 390000, 124000, 663, 2),
  (2029, 2, 105000, 0, 664, 7),
  (2030, 4, 950000, 0, 664, 3),
  (2031, 1, 28000, 0, 664, 13),
  (2032, 2, 950000, 0, 665, 3),
  (2033, 5, 150000, 0, 665, 6),
  (2034, 4, 105000, 0, 665, 7),
  (2035, 2, 5000, 0, 666, 8),
  (2036, 1, 42000, 3000, 666, 15),
  (2037, 5, 390000, 0, 667, 2),
  (2038, 1, 550000, 0, 668, 5),
  (2039, 1, 6900000, 0, 668, 4),
  (2040, 2, 890000, 0, 668, 1),
  (2041, 1, 42000, 0, 669, 15),
  (2042, 4, 28000, 0, 669, 13),
  (2043, 3, 150000, 52000, 670, 6),
  (2044, 4, 42000, 0, 671, 15),
  (2045, 2, 390000, 0, 671, 2),
  (2046, 5, 89000, 0, 671, 9),
  (2047, 5, 35000, 0, 672, 14),
  (2048, 2, 42000, 0, 673, 15),
  (2049, 4, 950000, 0, 673, 3),
  (2050, 2, 105000, 29000, 673, 7),
  (2051, 5, 35000, 0, 673, 14),
  (2052, 5, 6900000, 0, 673, 4),
  (2053, 5, 150000, 0, 674, 6),
  (2054, 4, 550000, 164000, 674, 5),
  (2055, 3, 890000, 222000, 674, 1),
  (2056, 5, 42000, 0, 675, 15),
  (2057, 1, 6900000, 0, 675, 4),
  (2058, 5, 150000, 0, 675, 6),
  (2059, 5, 28000, 0, 675, 13),
  (2060, 5, 950000, 0, 676, 3),
  (2061, 4, 135000, 0, 676, 10),
  (2062, 4, 150000, 62000, 676, 6),
  (2063, 1, 42000, 0, 676, 15),
  (2064, 2, 105000, 0, 676, 7),
  (2065, 4, 89000, 0, 677, 12),
  (2066, 5, 6900000, 0, 677, 4),
  (2067, 3, 135000, 0, 677, 10),
  (2068, 4, 5000, 0, 678, 8),
  (2069, 5, 150000, 104000, 678, 6),
  (2070, 3, 115000, 0, 678, 11),
  (2071, 5, 950000, 0, 678, 3),
  (2072, 4, 89000, 0, 678, 12),
  (2073, 2, 890000, 0, 679, 1),
  (2074, 4, 105000, 0, 679, 7),
  (2075, 5, 89000, 29000, 679, 12),
  (2076, 2, 115000, 30000, 679, 11),
  (2077, 1, 950000, 89000, 680, 3),
  (2078, 5, 135000, 0, 681, 10),
  (2079, 5, 890000, 0, 682, 1),
  (2080, 1, 42000, 0, 682, 15),
  (2081, 1, 89000, 0, 682, 12),
  (2082, 4, 390000, 0, 682, 2),
  (2083, 2, 5000, 0, 682, 8),
  (2084, 4, 950000, 0, 683, 3),
  (2085, 5, 5000, 0, 683, 8),
  (2086, 2, 6900000, 0, 683, 4),
  (2087, 4, 5000, 3000, 684, 8),
  (2088, 3, 28000, 10000, 684, 13),
  (2089, 1, 42000, 0, 685, 15),
  (2090, 2, 5000, 1000, 686, 8),
  (2091, 2, 150000, 29000, 686, 6),
  (2092, 1, 890000, 0, 686, 1),
  (2093, 4, 6900000, 0, 686, 4),
  (2094, 2, 950000, 0, 687, 3),
  (2095, 5, 5000, 0, 687, 8),
  (2096, 4, 89000, 45000, 687, 9),
  (2097, 1, 150000, 12000, 687, 6),
  (2098, 4, 115000, 0, 687, 11),
  (2099, 5, 550000, 0, 688, 5),
  (2100, 4, 28000, 0, 689, 13),
  (2101, 4, 42000, 0, 689, 15),
  (2102, 3, 115000, 29000, 689, 11),
  (2103, 3, 135000, 0, 689, 10),
  (2104, 1, 105000, 0, 689, 7),
  (2105, 1, 28000, 0, 690, 13),
  (2106, 4, 390000, 174000, 690, 2),
  (2107, 1, 890000, 0, 690, 1),
  (2108, 2, 35000, 0, 690, 14),
  (2109, 2, 42000, 0, 690, 15),
  (2110, 5, 6900000, 0, 691, 4),
  (2111, 4, 115000, 0, 691, 11),
  (2112, 1, 135000, 0, 692, 10),
  (2113, 1, 890000, 0, 692, 1),
  (2114, 1, 5000, 0, 692, 8),
  (2115, 3, 42000, 0, 693, 15),
  (2116, 3, 550000, 0, 693, 5),
  (2117, 5, 5000, 4000, 693, 8),
  (2118, 3, 35000, 9000, 693, 14),
  (2119, 2, 105000, 0, 693, 7),
  (2120, 2, 89000, 0, 694, 12),
  (2121, 5, 950000, 0, 694, 3),
  (2122, 4, 150000, 0, 694, 6),
  (2123, 4, 550000, 0, 694, 5),
  (2124, 4, 28000, 0, 694, 13),
  (2125, 2, 28000, 0, 695, 13),
  (2126, 2, 135000, 0, 695, 10),
  (2127, 4, 6900000, 0, 695, 4),
  (2128, 3, 890000, 146000, 695, 1),
  (2129, 1, 150000, 13000, 696, 6),
  (2130, 3, 390000, 148000, 696, 2),
  (2131, 5, 35000, 0, 696, 14),
  (2132, 4, 35000, 0, 697, 14),
  (2133, 4, 42000, 0, 697, 15),
  (2134, 2, 150000, 0, 697, 6),
  (2135, 5, 89000, 0, 698, 12),
  (2136, 2, 135000, 21000, 698, 10),
  (2137, 1, 115000, 9000, 698, 11),
  (2138, 3, 42000, 0, 698, 15),
  (2139, 1, 150000, 0, 698, 6),
  (2140, 5, 890000, 255000, 699, 1),
  (2141, 5, 5000, 0, 699, 8),
  (2142, 4, 105000, 0, 699, 7),
  (2143, 2, 35000, 0, 699, 14),
  (2144, 4, 28000, 0, 699, 13),
  (2145, 4, 89000, 0, 700, 12),
  (2146, 3, 42000, 7000, 700, 15),
  (2147, 2, 135000, 29000, 700, 10),
  (2148, 2, 115000, 25000, 700, 11),
  (2149, 1, 6900000, 0, 701, 4),
  (2150, 1, 28000, 4000, 701, 13),
  (2151, 1, 890000, 0, 701, 1),
  (2152, 1, 950000, 0, 701, 3),
  (2153, 1, 89000, 0, 702, 12),
  (2154, 3, 390000, 0, 703, 2),
  (2155, 5, 550000, 0, 703, 5),
  (2156, 1, 6900000, 0, 703, 4),
  (2157, 1, 115000, 9000, 704, 11),
  (2158, 3, 150000, 0, 704, 6),
  (2159, 2, 135000, 0, 704, 10),
  (2160, 3, 28000, 0, 704, 13),
  (2161, 3, 390000, 0, 705, 2),
  (2162, 1, 115000, 9000, 705, 11),
  (2163, 2, 550000, 0, 706, 5),
  (2164, 5, 950000, 0, 706, 3),
  (2165, 3, 89000, 18000, 706, 9),
  (2166, 2, 28000, 0, 706, 13),
  (2167, 5, 89000, 54000, 707, 9),
  (2168, 5, 135000, 68000, 707, 10),
  (2169, 1, 150000, 0, 707, 6),
  (2170, 3, 42000, 14000, 707, 15),
  (2171, 4, 6900000, 0, 708, 4),
  (2172, 4, 950000, 0, 708, 3),
  (2173, 2, 42000, 0, 709, 15),
  (2174, 5, 890000, 0, 709, 1),
  (2175, 1, 5000, 0, 709, 8),
  (2176, 2, 150000, 0, 709, 6),
  (2177, 1, 550000, 0, 710, 5),
  (2178, 2, 135000, 0, 710, 10),
  (2179, 4, 6900000, 0, 710, 4),
  (2180, 3, 890000, 277000, 711, 1),
  (2181, 3, 42000, 0, 711, 15),
  (2182, 5, 105000, 0, 711, 7),
  (2183, 4, 390000, 139000, 711, 2),
  (2184, 4, 89000, 0, 712, 12),
  (2185, 1, 105000, 0, 712, 7),
  (2186, 4, 135000, 0, 712, 10),
  (2187, 5, 35000, 0, 712, 14),
  (2188, 2, 6900000, 0, 712, 4),
  (2189, 1, 115000, 14000, 713, 11),
  (2190, 5, 42000, 0, 713, 15),
  (2191, 2, 150000, 0, 714, 6),
  (2192, 1, 550000, 0, 714, 5),
  (2193, 3, 42000, 0, 714, 15),
  (2194, 4, 35000, 15000, 714, 14),
  (2195, 1, 950000, 130000, 714, 3),
  (2196, 2, 5000, 1000, 715, 8),
  (2197, 5, 89000, 0, 715, 9),
  (2198, 3, 115000, 0, 715, 11),
  (2199, 1, 950000, 77000, 715, 3),
  (2200, 2, 35000, 0, 716, 14),
  (2201, 2, 105000, 26000, 716, 7),
  (2202, 4, 42000, 0, 716, 15),
  (2203, 1, 135000, 0, 716, 10),
  (2204, 3, 950000, 0, 716, 3),
  (2205, 1, 6900000, 448000, 717, 4),
  (2206, 2, 28000, 6000, 717, 13),
  (2207, 3, 89000, 0, 717, 9),
  (2208, 2, 35000, 0, 717, 14),
  (2209, 5, 150000, 0, 717, 6),
  (2210, 2, 550000, 0, 718, 5),
  (2211, 5, 42000, 0, 719, 15),
  (2212, 1, 135000, 0, 719, 10),
  (2213, 5, 105000, 0, 720, 7),
  (2214, 1, 135000, 10000, 720, 10),
  (2215, 3, 115000, 0, 721, 11),
  (2216, 3, 5000, 1000, 721, 8),
  (2217, 2, 135000, 0, 721, 10),
  (2218, 3, 28000, 0, 721, 13),
  (2219, 1, 550000, 68000, 721, 5),
  (2220, 5, 390000, 0, 722, 2),
  (2221, 5, 135000, 0, 722, 10),
  (2222, 4, 35000, 14000, 722, 14),
  (2223, 4, 550000, 0, 723, 5),
  (2224, 3, 89000, 13000, 723, 12),
  (2225, 4, 890000, 0, 723, 1),
  (2226, 5, 42000, 0, 724, 15),
  (2227, 4, 105000, 0, 724, 7),
  (2228, 4, 115000, 0, 724, 11),
  (2229, 1, 28000, 0, 724, 13),
  (2230, 4, 550000, 0, 724, 5),
  (2231, 1, 115000, 16000, 725, 11),
  (2232, 3, 42000, 0, 725, 15),
  (2233, 2, 550000, 0, 725, 5),
  (2234, 4, 890000, 0, 725, 1),
  (2235, 3, 550000, 124000, 726, 5),
  (2236, 4, 105000, 0, 726, 7),
  (2237, 5, 390000, 0, 726, 2),
  (2238, 4, 135000, 0, 726, 10),
  (2239, 5, 150000, 0, 726, 6),
  (2240, 4, 6900000, 0, 727, 4),
  (2241, 5, 35000, 17000, 727, 14),
  (2242, 4, 89000, 0, 728, 9),
  (2243, 2, 105000, 0, 728, 7),
  (2244, 1, 550000, 0, 728, 5),
  (2245, 2, 35000, 0, 728, 14),
  (2246, 3, 5000, 1000, 729, 8),
  (2247, 5, 135000, 0, 729, 10),
  (2248, 4, 42000, 0, 729, 15),
  (2249, 3, 150000, 0, 729, 6),
  (2250, 3, 550000, 0, 730, 5),
  (2251, 5, 890000, 539000, 730, 1),
  (2252, 3, 6900000, 0, 730, 4),
  (2253, 4, 5000, 0, 730, 8),
  (2254, 1, 115000, 17000, 730, 11),
  (2255, 3, 5000, 0, 731, 8),
  (2256, 2, 890000, 0, 731, 1),
  (2257, 4, 42000, 0, 732, 15),
  (2258, 3, 890000, 0, 732, 1),
  (2259, 4, 135000, 72000, 732, 10),
  (2260, 5, 150000, 0, 732, 6),
  (2261, 5, 89000, 53000, 733, 9),
  (2262, 4, 6900000, 0, 733, 4),
  (2263, 4, 28000, 0, 733, 13),
  (2264, 2, 950000, 224000, 733, 3),
  (2265, 4, 890000, 286000, 733, 1),
  (2266, 3, 950000, 326000, 734, 3),
  (2267, 2, 89000, 0, 734, 9),
  (2268, 5, 28000, 0, 735, 13),
  (2269, 5, 550000, 0, 735, 5),
  (2270, 2, 42000, 0, 736, 15),
  (2271, 5, 6900000, 0, 736, 4),
  (2272, 1, 89000, 0, 736, 12),
  (2273, 4, 35000, 21000, 736, 14),
  (2274, 1, 950000, 92000, 736, 3),
  (2275, 2, 115000, 0, 737, 11),
  (2276, 5, 5000, 0, 737, 8),
  (2277, 4, 6900000, 1849000, 737, 4),
  (2278, 4, 89000, 0, 737, 9),
  (2279, 4, 150000, 0, 738, 6),
  (2280, 5, 135000, 66000, 738, 10),
  (2281, 3, 35000, 13000, 738, 14),
  (2282, 4, 105000, 40000, 738, 7),
  (2283, 5, 390000, 0, 739, 2),
  (2284, 3, 35000, 0, 740, 14),
  (2285, 2, 390000, 0, 740, 2),
  (2286, 1, 950000, 0, 740, 3),
  (2287, 4, 89000, 0, 741, 9),
  (2288, 3, 6900000, 0, 741, 4),
  (2289, 5, 890000, 0, 741, 1),
  (2290, 1, 42000, 0, 741, 15),
  (2291, 1, 28000, 0, 742, 13),
  (2292, 3, 35000, 0, 742, 14),
  (2293, 5, 950000, 0, 742, 3),
  (2294, 1, 89000, 0, 742, 12),
  (2295, 1, 105000, 0, 742, 7),
  (2296, 5, 115000, 0, 743, 11),
  (2297, 1, 5000, 0, 743, 8),
  (2298, 3, 5000, 0, 744, 8),
  (2299, 2, 28000, 0, 744, 13),
  (2300, 5, 550000, 300000, 744, 5),
  (2301, 1, 5000, 0, 745, 8),
  (2302, 1, 105000, 0, 746, 7),
  (2303, 4, 550000, 0, 746, 5),
  (2304, 1, 5000, 0, 747, 8),
  (2305, 3, 390000, 0, 747, 2),
  (2306, 1, 950000, 0, 747, 3),
  (2307, 2, 135000, 30000, 747, 10),
  (2308, 2, 890000, 0, 747, 1),
  (2309, 4, 35000, 0, 748, 14),
  (2310, 3, 890000, 0, 748, 1),
  (2311, 1, 89000, 0, 748, 9),
  (2312, 1, 550000, 0, 748, 5),
  (2313, 1, 390000, 0, 748, 2),
  (2314, 4, 5000, 0, 749, 8),
  (2315, 4, 390000, 0, 749, 2),
  (2316, 5, 135000, 67000, 749, 10),
  (2317, 1, 35000, 0, 749, 14),
  (2318, 4, 42000, 0, 749, 15),
  (2319, 4, 89000, 35000, 750, 9),
  (2320, 3, 35000, 0, 750, 14),
  (2321, 4, 950000, 0, 751, 3),
  (2322, 2, 35000, 0, 752, 14),
  (2323, 2, 89000, 17000, 752, 9),
  (2324, 1, 550000, 0, 753, 5),
  (2325, 5, 890000, 0, 754, 1),
  (2326, 3, 28000, 0, 754, 13),
  (2327, 3, 89000, 0, 754, 12),
  (2328, 3, 89000, 0, 755, 12),
  (2329, 4, 950000, 524000, 756, 3),
  (2330, 4, 115000, 0, 756, 11),
  (2331, 4, 5000, 0, 756, 8),
  (2332, 2, 135000, 0, 756, 10),
  (2333, 4, 42000, 0, 757, 15),
  (2334, 2, 89000, 0, 757, 12),
  (2335, 3, 105000, 0, 757, 7),
  (2336, 3, 390000, 0, 758, 2),
  (2337, 5, 42000, 18000, 758, 15),
  (2338, 2, 35000, 0, 758, 14),
  (2339, 2, 115000, 0, 758, 11),
  (2340, 3, 135000, 0, 759, 10),
  (2341, 4, 950000, 0, 759, 3),
  (2342, 3, 35000, 0, 759, 14),
  (2343, 5, 35000, 16000, 760, 14),
  (2344, 2, 42000, 0, 760, 15),
  (2345, 3, 5000, 0, 760, 8),
  (2346, 3, 115000, 0, 761, 11),
  (2347, 5, 950000, 0, 761, 3),
  (2348, 1, 105000, 0, 761, 7),
  (2349, 4, 28000, 0, 761, 13),
  (2350, 1, 890000, 0, 761, 1),
  (2351, 2, 105000, 23000, 762, 7),
  (2352, 4, 28000, 0, 762, 13),
  (2353, 3, 890000, 0, 762, 1),
  (2354, 5, 89000, 63000, 762, 12),
  (2355, 4, 390000, 0, 762, 2),
  (2356, 4, 89000, 28000, 763, 12),
  (2357, 2, 135000, 0, 763, 10),
  (2358, 1, 35000, 0, 763, 14),
  (2359, 5, 6900000, 0, 763, 4),
  (2360, 3, 89000, 0, 764, 12),
  (2361, 2, 550000, 0, 765, 5),
  (2362, 1, 28000, 0, 765, 13),
  (2363, 5, 150000, 0, 765, 6),
  (2364, 1, 6900000, 0, 765, 4),
  (2365, 3, 115000, 42000, 766, 11),
  (2366, 3, 135000, 0, 767, 10),
  (2367, 5, 390000, 243000, 767, 2),
  (2368, 2, 550000, 111000, 767, 5),
  (2369, 3, 6900000, 0, 768, 4),
  (2370, 1, 890000, 0, 769, 1),
  (2371, 3, 150000, 0, 770, 6),
  (2372, 1, 890000, 0, 770, 1),
  (2373, 3, 35000, 0, 770, 14),
  (2374, 3, 89000, 0, 770, 9),
  (2375, 4, 115000, 54000, 771, 11),
  (2376, 2, 105000, 0, 771, 7),
  (2377, 5, 28000, 0, 772, 13),
  (2378, 1, 5000, 1000, 772, 8),
  (2379, 4, 550000, 217000, 772, 5),
  (2380, 1, 5000, 0, 773, 8),
  (2381, 2, 105000, 0, 774, 7),
  (2382, 4, 115000, 0, 775, 11),
  (2383, 5, 89000, 0, 775, 12),
  (2384, 4, 5000, 0, 776, 8),
  (2385, 4, 35000, 0, 776, 14),
  (2386, 4, 5000, 2000, 777, 8),
  (2387, 2, 950000, 128000, 778, 3),
  (2388, 2, 390000, 52000, 778, 2),
  (2389, 3, 42000, 0, 778, 15),
  (2390, 2, 105000, 24000, 778, 7),
  (2391, 5, 390000, 233000, 779, 2),
  (2392, 5, 5000, 0, 779, 8),
  (2393, 2, 28000, 0, 780, 13),
  (2394, 2, 390000, 0, 780, 2),
  (2395, 5, 42000, 0, 780, 15),
  (2396, 4, 390000, 0, 781, 2),
  (2397, 5, 6900000, 0, 781, 4),
  (2398, 4, 5000, 2000, 781, 8),
  (2399, 4, 135000, 0, 781, 10),
  (2400, 2, 28000, 0, 782, 13),
  (2401, 1, 115000, 0, 782, 11),
  (2402, 3, 35000, 11000, 782, 14),
  (2403, 2, 150000, 0, 782, 6),
  (2404, 2, 550000, 0, 782, 5),
  (2405, 2, 950000, 0, 783, 3),
  (2406, 4, 6900000, 0, 783, 4),
  (2407, 5, 135000, 53000, 783, 10),
  (2408, 4, 105000, 0, 783, 7),
  (2409, 3, 5000, 0, 784, 8),
  (2410, 5, 28000, 0, 784, 13),
  (2411, 5, 135000, 0, 784, 10),
  (2412, 5, 6900000, 4782000, 784, 4),
  (2413, 5, 890000, 0, 784, 1),
  (2414, 2, 89000, 21000, 785, 9),
  (2415, 4, 550000, 0, 785, 5),
  (2416, 3, 150000, 41000, 785, 6),
  (2417, 4, 89000, 46000, 786, 9),
  (2418, 5, 135000, 0, 786, 10),
  (2419, 4, 550000, 0, 787, 5),
  (2420, 3, 42000, 0, 787, 15),
  (2421, 5, 950000, 0, 787, 3),
  (2422, 2, 135000, 29000, 787, 10),
  (2423, 4, 890000, 0, 787, 1),
  (2424, 5, 150000, 82000, 788, 6),
  (2425, 2, 6900000, 2013000, 788, 4),
  (2426, 5, 390000, 0, 788, 2),
  (2427, 3, 89000, 0, 788, 9),
  (2428, 4, 115000, 36000, 788, 11),
  (2429, 4, 6900000, 0, 789, 4),
  (2430, 1, 35000, 0, 789, 14),
  (2431, 4, 5000, 0, 790, 8),
  (2432, 2, 890000, 0, 790, 1),
  (2433, 4, 115000, 37000, 790, 11),
  (2434, 3, 28000, 0, 790, 13),
  (2435, 3, 6900000, 1431000, 790, 4),
  (2436, 2, 35000, 8000, 791, 14),
  (2437, 1, 89000, 0, 791, 9),
  (2438, 2, 105000, 30000, 792, 7),
  (2439, 2, 135000, 21000, 793, 10),
  (2440, 5, 950000, 0, 793, 3),
  (2441, 4, 890000, 0, 793, 1),
  (2442, 1, 150000, 0, 793, 6),
  (2443, 3, 5000, 1000, 794, 8),
  (2444, 2, 950000, 0, 794, 3),
  (2445, 1, 150000, 0, 794, 6),
  (2446, 1, 35000, 0, 795, 14),
  (2447, 5, 89000, 64000, 795, 12),
  (2448, 4, 105000, 0, 795, 7),
  (2449, 4, 89000, 0, 795, 9),
  (2450, 2, 42000, 10000, 796, 15),
  (2451, 4, 35000, 0, 796, 14),
  (2452, 2, 105000, 0, 796, 7),
  (2453, 5, 135000, 0, 796, 10),
  (2454, 3, 28000, 10000, 796, 13),
  (2455, 2, 6900000, 1210000, 797, 4),
  (2456, 2, 89000, 0, 797, 9),
  (2457, 3, 950000, 154000, 798, 3),
  (2458, 4, 35000, 9000, 798, 14),
  (2459, 4, 550000, 221000, 799, 5),
  (2460, 2, 950000, 0, 799, 3),
  (2461, 5, 135000, 0, 799, 10),
  (2462, 1, 5000, 0, 799, 8),
  (2463, 5, 6900000, 5000000, 800, 4),
  (2464, 3, 115000, 0, 800, 11),
  (2465, 3, 390000, 108000, 800, 2),
  (2466, 1, 950000, 0, 800, 3),
  (2467, 1, 890000, 0, 800, 1),
  (2468, 5, 6900000, 0, 801, 4),
  (2469, 4, 115000, 0, 801, 11),
  (2470, 2, 42000, 0, 801, 15),
  (2471, 4, 6900000, 0, 802, 4),
  (2472, 4, 150000, 0, 802, 6),
  (2473, 2, 550000, 0, 803, 5),
  (2474, 1, 6900000, 361000, 803, 4),
  (2475, 2, 890000, 0, 804, 1),
  (2476, 4, 42000, 0, 804, 15),
  (2477, 4, 6900000, 2895000, 804, 4),
  (2478, 4, 42000, 0, 805, 15),
  (2479, 3, 150000, 0, 805, 6),
  (2480, 2, 390000, 0, 806, 2),
  (2481, 2, 950000, 134000, 806, 3),
  (2482, 3, 115000, 0, 806, 11),
  (2483, 4, 150000, 45000, 807, 6),
  (2484, 5, 89000, 0, 807, 12),
  (2485, 4, 35000, 0, 807, 14),
  (2486, 5, 950000, 353000, 807, 3),
  (2487, 3, 550000, 112000, 808, 5),
  (2488, 5, 390000, 197000, 808, 2),
  (2489, 2, 89000, 14000, 809, 9),
  (2490, 2, 6900000, 1040000, 809, 4),
  (2491, 1, 890000, 0, 809, 1),
  (2492, 5, 115000, 0, 809, 11),
  (2493, 3, 390000, 0, 809, 2),
  (2494, 5, 6900000, 0, 810, 4),
  (2495, 2, 950000, 0, 810, 3),
  (2496, 4, 89000, 0, 810, 12),
  (2497, 4, 89000, 0, 811, 9),
  (2498, 3, 89000, 0, 811, 12),
  (2499, 3, 115000, 0, 811, 11),
  (2500, 4, 35000, 18000, 812, 14),
  (2501, 4, 89000, 0, 812, 12),
  (2502, 5, 5000, 2000, 812, 8),
  (2503, 5, 42000, 0, 812, 15),
  (2504, 2, 28000, 0, 812, 13),
  (2505, 4, 105000, 29000, 813, 7),
  (2506, 3, 135000, 0, 813, 10),
  (2507, 4, 950000, 0, 813, 3),
  (2508, 1, 89000, 0, 813, 9),
  (2509, 2, 550000, 0, 814, 5),
  (2510, 5, 35000, 0, 814, 14),
  (2511, 5, 115000, 0, 814, 11),
  (2512, 2, 28000, 0, 815, 13),
  (2513, 4, 35000, 0, 816, 14),
  (2514, 5, 105000, 0, 816, 7),
  (2515, 2, 890000, 156000, 816, 1),
  (2516, 4, 5000, 2000, 816, 8),
  (2517, 1, 89000, 0, 817, 12),
  (2518, 2, 150000, 0, 818, 6),
  (2519, 1, 28000, 0, 818, 13),
  (2520, 3, 35000, 0, 818, 14),
  (2521, 3, 28000, 0, 819, 13),
  (2522, 2, 5000, 0, 819, 8),
  (2523, 4, 105000, 33000, 820, 7),
  (2524, 5, 28000, 17000, 821, 13),
  (2525, 4, 135000, 0, 821, 10),
  (2526, 3, 35000, 7000, 821, 14),
  (2527, 3, 5000, 2000, 821, 8),
  (2528, 3, 42000, 17000, 821, 15),
  (2529, 3, 550000, 0, 822, 5),
  (2530, 4, 6900000, 0, 822, 4),
  (2531, 3, 150000, 65000, 822, 6),
  (2532, 5, 6900000, 0, 823, 4),
  (2533, 3, 115000, 0, 823, 11),
  (2534, 2, 890000, 0, 824, 1),
  (2535, 3, 390000, 128000, 824, 2),
  (2536, 3, 89000, 0, 824, 12),
  (2537, 2, 6900000, 0, 824, 4),
  (2538, 5, 5000, 0, 825, 8),
  (2539, 4, 115000, 0, 825, 11),
  (2540, 3, 550000, 0, 825, 5),
  (2541, 1, 150000, 0, 825, 6),
  (2542, 5, 105000, 0, 825, 7),
  (2543, 5, 28000, 0, 826, 13),
  (2544, 5, 35000, 25000, 826, 14),
  (2545, 3, 35000, 0, 827, 14),
  (2546, 1, 89000, 0, 827, 12),
  (2547, 5, 28000, 0, 828, 13),
  (2548, 3, 6900000, 2546000, 828, 4),
  (2549, 1, 890000, 0, 828, 1),
  (2550, 1, 105000, 0, 828, 7),
  (2551, 5, 35000, 0, 828, 14),
  (2552, 5, 890000, 0, 829, 1),
  (2553, 3, 42000, 10000, 829, 15),
  (2554, 2, 5000, 1000, 829, 8),
  (2555, 1, 115000, 0, 829, 11),
  (2556, 3, 89000, 0, 830, 9),
  (2557, 4, 135000, 29000, 831, 10),
  (2558, 3, 89000, 0, 831, 12),
  (2559, 3, 550000, 0, 831, 5),
  (2560, 5, 28000, 0, 831, 13),
  (2561, 2, 150000, 0, 832, 6),
  (2562, 3, 89000, 0, 832, 9),
  (2563, 1, 550000, 0, 832, 5),
  (2564, 4, 35000, 14000, 832, 14),
  (2565, 2, 5000, 1000, 832, 8),
  (2566, 1, 950000, 86000, 833, 3),
  (2567, 2, 89000, 0, 833, 12),
  (2568, 3, 890000, 166000, 833, 1),
  (2569, 2, 6900000, 0, 833, 4),
  (2570, 2, 550000, 0, 834, 5),
  (2571, 3, 28000, 0, 835, 13),
  (2572, 1, 89000, 7000, 835, 9),
  (2573, 5, 5000, 3000, 835, 8),
  (2574, 2, 5000, 0, 836, 8),
  (2575, 2, 35000, 0, 837, 14),
  (2576, 2, 550000, 0, 837, 5),
  (2577, 1, 890000, 72000, 837, 1),
  (2578, 2, 89000, 18000, 838, 12),
  (2579, 4, 950000, 489000, 838, 3),
  (2580, 5, 150000, 0, 838, 6),
  (2581, 2, 390000, 68000, 838, 2),
  (2582, 1, 28000, 0, 838, 13),
  (2583, 2, 950000, 0, 839, 3),
  (2584, 2, 89000, 0, 840, 12),
  (2585, 2, 115000, 0, 840, 11),
  (2586, 1, 890000, 0, 840, 1),
  (2587, 5, 105000, 37000, 841, 7),
  (2588, 4, 5000, 2000, 841, 8),
  (2589, 4, 135000, 0, 841, 10),
  (2590, 4, 150000, 0, 842, 6),
  (2591, 3, 390000, 104000, 843, 2),
  (2592, 5, 150000, 0, 843, 6),
  (2593, 1, 115000, 0, 843, 11),
  (2594, 1, 135000, 0, 843, 10),
  (2595, 4, 28000, 7000, 844, 13),
  (2596, 4, 115000, 0, 844, 11),
  (2597, 1, 150000, 0, 844, 6),
  (2598, 1, 135000, 0, 845, 10),
  (2599, 3, 35000, 0, 845, 14),
  (2600, 2, 950000, 0, 845, 3),
  (2601, 2, 550000, 76000, 845, 5),
  (2602, 4, 150000, 58000, 845, 6),
  (2603, 3, 28000, 11000, 846, 13),
  (2604, 3, 550000, 0, 846, 5),
  (2605, 1, 115000, 0, 847, 11),
  (2606, 4, 89000, 38000, 847, 12),
  (2607, 5, 35000, 0, 847, 14),
  (2608, 4, 105000, 0, 847, 7),
  (2609, 1, 5000, 0, 848, 8),
  (2610, 1, 89000, 6000, 848, 12),
  (2611, 3, 6900000, 0, 848, 4),
  (2612, 5, 35000, 0, 848, 14),
  (2613, 5, 6900000, 4672000, 849, 4),
  (2614, 1, 35000, 4000, 849, 14),
  (2615, 4, 150000, 0, 849, 6),
  (2616, 2, 5000, 0, 849, 8),
  (2617, 3, 550000, 208000, 850, 5),
  (2618, 1, 390000, 0, 850, 2),
  (2619, 1, 6900000, 0, 850, 4),
  (2620, 3, 150000, 0, 850, 6),
  (2621, 1, 115000, 11000, 851, 11),
  (2622, 2, 150000, 0, 851, 6),
  (2623, 5, 89000, 0, 851, 12),
  (2624, 4, 28000, 0, 851, 13),
  (2625, 2, 42000, 4000, 852, 15),
  (2626, 2, 550000, 142000, 853, 5),
  (2627, 2, 390000, 0, 854, 2),
  (2628, 3, 42000, 9000, 854, 15),
  (2629, 3, 115000, 0, 854, 11),
  (2630, 3, 890000, 0, 855, 1),
  (2631, 4, 89000, 25000, 855, 12),
  (2632, 1, 115000, 0, 855, 11),
  (2633, 1, 42000, 0, 855, 15),
  (2634, 4, 89000, 0, 856, 9),
  (2635, 3, 550000, 0, 856, 5),
  (2636, 1, 135000, 0, 856, 10),
  (2637, 2, 150000, 0, 856, 6),
  (2638, 2, 5000, 0, 856, 8),
  (2639, 5, 28000, 0, 857, 13),
  (2640, 3, 89000, 0, 857, 12),
  (2641, 5, 890000, 470000, 857, 1),
  (2642, 2, 5000, 1000, 858, 8),
  (2643, 3, 950000, 287000, 858, 3),
  (2644, 5, 89000, 0, 858, 9),
  (2645, 3, 6900000, 0, 858, 4),
  (2646, 1, 550000, 0, 858, 5),
  (2647, 4, 135000, 51000, 859, 10),
  (2648, 2, 550000, 0, 859, 5),
  (2649, 5, 42000, 0, 859, 15),
  (2650, 5, 28000, 7000, 859, 13),
  (2651, 1, 89000, 9000, 859, 12),
  (2652, 4, 550000, 0, 860, 5),
  (2653, 1, 89000, 0, 860, 12),
  (2654, 2, 135000, 17000, 861, 10),
  (2655, 5, 6900000, 1974000, 861, 4),
  (2656, 1, 390000, 0, 862, 2),
  (2657, 1, 105000, 0, 862, 7),
  (2658, 1, 5000, 0, 862, 8),
  (2659, 1, 89000, 11000, 862, 9),
  (2660, 3, 150000, 0, 862, 6),
  (2661, 4, 950000, 0, 863, 3),
  (2662, 4, 89000, 0, 863, 12),
  (2663, 1, 42000, 0, 864, 15),
  (2664, 2, 115000, 0, 864, 11),
  (2665, 2, 550000, 0, 865, 5),
  (2666, 1, 115000, 0, 865, 11),
  (2667, 2, 890000, 0, 865, 1),
  (2668, 1, 35000, 0, 865, 14),
  (2669, 5, 6900000, 0, 865, 4),
  (2670, 4, 6900000, 0, 866, 4),
  (2671, 3, 150000, 25000, 866, 6),
  (2672, 5, 115000, 0, 866, 11),
  (2673, 4, 5000, 0, 866, 8),
  (2674, 1, 35000, 0, 866, 14),
  (2675, 3, 550000, 0, 867, 5),
  (2676, 4, 105000, 0, 867, 7),
  (2677, 1, 115000, 7000, 867, 11),
  (2678, 1, 28000, 0, 867, 13),
  (2679, 4, 890000, 0, 867, 1),
  (2680, 2, 35000, 8000, 868, 14),
  (2681, 1, 42000, 0, 868, 15),
  (2682, 3, 28000, 0, 868, 13),
  (2683, 3, 390000, 121000, 869, 2),
  (2684, 5, 115000, 44000, 869, 11),
  (2685, 1, 35000, 0, 869, 14),
  (2686, 1, 42000, 0, 869, 15),
  (2687, 3, 89000, 0, 869, 12),
  (2688, 5, 89000, 49000, 870, 9),
  (2689, 2, 5000, 0, 870, 8),
  (2690, 5, 115000, 79000, 870, 11),
  (2691, 4, 105000, 60000, 871, 7),
  (2692, 1, 550000, 0, 871, 5),
  (2693, 5, 115000, 0, 871, 11),
  (2694, 1, 135000, 0, 872, 10),
  (2695, 1, 6900000, 0, 872, 4),
  (2696, 1, 135000, 10000, 873, 10),
  (2697, 3, 550000, 0, 873, 5),
  (2698, 3, 28000, 0, 873, 13),
  (2699, 5, 390000, 265000, 873, 2),
  (2700, 5, 390000, 227000, 874, 2),
  (2701, 5, 890000, 0, 874, 1),
  (2702, 5, 115000, 0, 874, 11),
  (2703, 2, 6900000, 0, 874, 4),
  (2704, 3, 28000, 7000, 874, 13),
  (2705, 4, 950000, 321000, 875, 3),
  (2706, 4, 150000, 0, 875, 6),
  (2707, 1, 89000, 0, 875, 12),
  (2708, 1, 89000, 0, 876, 9),
  (2709, 4, 950000, 0, 877, 3),
  (2710, 3, 35000, 0, 877, 14),
  (2711, 5, 89000, 0, 877, 9),
  (2712, 2, 105000, 0, 877, 7),
  (2713, 3, 390000, 0, 877, 2),
  (2714, 3, 35000, 0, 878, 14),
  (2715, 4, 135000, 36000, 878, 10),
  (2716, 3, 28000, 5000, 878, 13),
  (2717, 4, 89000, 0, 878, 12),
  (2718, 5, 950000, 0, 879, 3),
  (2719, 1, 42000, 0, 879, 15),
  (2720, 1, 150000, 11000, 879, 6),
  (2721, 5, 135000, 0, 879, 10),
  (2722, 4, 390000, 200000, 879, 2),
  (2723, 5, 89000, 34000, 880, 9),
  (2724, 5, 115000, 0, 880, 11),
  (2725, 4, 42000, 0, 880, 15),
  (2726, 3, 890000, 0, 881, 1),
  (2727, 5, 135000, 0, 881, 10),
  (2728, 4, 105000, 0, 882, 7),
  (2729, 2, 950000, 163000, 883, 3),
  (2730, 1, 950000, 0, 884, 3),
  (2731, 4, 135000, 0, 884, 10),
  (2732, 5, 5000, 0, 884, 8),
  (2733, 4, 42000, 0, 884, 15),
  (2734, 2, 115000, 0, 885, 11),
  (2735, 4, 105000, 38000, 885, 7),
  (2736, 4, 89000, 18000, 885, 12),
  (2737, 2, 42000, 0, 885, 15),
  (2738, 3, 42000, 12000, 886, 15),
  (2739, 3, 105000, 0, 886, 7),
  (2740, 4, 390000, 0, 886, 2),
  (2741, 3, 135000, 0, 886, 10),
  (2742, 3, 42000, 7000, 887, 15),
  (2743, 1, 890000, 0, 887, 1),
  (2744, 2, 28000, 8000, 887, 13),
  (2745, 4, 5000, 0, 887, 8),
  (2746, 2, 390000, 0, 888, 2),
  (2747, 4, 950000, 0, 888, 3),
  (2748, 5, 550000, 0, 888, 5),
  (2749, 1, 115000, 0, 888, 11),
  (2750, 5, 35000, 26000, 889, 14),
  (2751, 5, 5000, 3000, 889, 8),
  (2752, 1, 950000, 0, 889, 3),
  (2753, 5, 42000, 28000, 889, 15),
  (2754, 4, 890000, 0, 889, 1),
  (2755, 2, 105000, 0, 890, 7),
  (2756, 4, 550000, 116000, 890, 5),
  (2757, 1, 890000, 0, 891, 1),
  (2758, 3, 150000, 0, 891, 6),
  (2759, 2, 105000, 0, 891, 7),
  (2760, 4, 28000, 0, 891, 13),
  (2761, 1, 150000, 0, 892, 6),
  (2762, 2, 890000, 0, 892, 1),
  (2763, 2, 390000, 113000, 892, 2),
  (2764, 4, 950000, 0, 893, 3),
  (2765, 1, 890000, 118000, 893, 1),
  (2766, 3, 550000, 0, 893, 5),
  (2767, 3, 135000, 26000, 893, 10),
  (2768, 5, 89000, 28000, 894, 9),
  (2769, 1, 115000, 0, 894, 11),
  (2770, 5, 890000, 0, 895, 1),
  (2771, 4, 89000, 39000, 896, 9),
  (2772, 2, 35000, 0, 896, 14),
  (2773, 2, 42000, 0, 896, 15),
  (2774, 3, 28000, 0, 896, 13),
  (2775, 3, 950000, 0, 896, 3),
  (2776, 4, 105000, 38000, 897, 7),
  (2777, 1, 135000, 0, 897, 10),
  (2778, 5, 28000, 0, 898, 13),
  (2779, 3, 135000, 0, 898, 10),
  (2780, 1, 42000, 0, 899, 15),
  (2781, 2, 550000, 0, 899, 5),
  (2782, 2, 950000, 146000, 899, 3),
  (2783, 2, 89000, 0, 899, 12),
  (2784, 4, 390000, 0, 899, 2),
  (2785, 4, 89000, 0, 900, 12),
  (2786, 1, 35000, 4000, 900, 14),
  (2787, 1, 950000, 0, 901, 3),
  (2788, 5, 135000, 0, 901, 10),
  (2789, 4, 890000, 497000, 901, 1),
  (2790, 4, 550000, 0, 901, 5),
  (2791, 2, 89000, 25000, 901, 12),
  (2792, 4, 28000, 14000, 902, 13),
  (2793, 3, 550000, 90000, 903, 5),
  (2794, 2, 35000, 0, 903, 14),
  (2795, 5, 390000, 0, 903, 2),
  (2796, 2, 89000, 20000, 903, 12),
  (2797, 2, 42000, 0, 904, 15),
  (2798, 5, 890000, 0, 904, 1),
  (2799, 1, 89000, 0, 905, 12),
  (2800, 2, 42000, 0, 906, 15),
  (2801, 3, 28000, 0, 906, 13),
  (2802, 5, 89000, 0, 906, 12),
  (2803, 1, 135000, 8000, 907, 10),
  (2804, 3, 28000, 0, 907, 13),
  (2805, 4, 42000, 22000, 907, 15),
  (2806, 4, 89000, 0, 907, 12),
  (2807, 3, 390000, 0, 907, 2),
  (2808, 4, 42000, 0, 908, 15),
  (2809, 3, 89000, 0, 908, 9),
  (2810, 4, 42000, 0, 909, 15),
  (2811, 5, 950000, 0, 909, 3),
  (2812, 2, 28000, 0, 909, 13),
  (2813, 3, 89000, 26000, 909, 12),
  (2814, 4, 35000, 10000, 910, 14),
  (2815, 2, 115000, 0, 910, 11),
  (2816, 3, 89000, 0, 910, 12),
  (2817, 3, 135000, 0, 910, 10),
  (2818, 3, 390000, 0, 910, 2),
  (2819, 4, 890000, 0, 911, 1),
  (2820, 4, 135000, 0, 911, 10),
  (2821, 2, 5000, 0, 912, 8),
  (2822, 5, 135000, 0, 912, 10),
  (2823, 2, 42000, 0, 913, 15),
  (2824, 5, 150000, 73000, 914, 6),
  (2825, 4, 390000, 0, 915, 2),
  (2826, 4, 89000, 0, 916, 9),
  (2827, 2, 6900000, 1425000, 917, 4),
  (2828, 4, 390000, 0, 917, 2),
  (2829, 4, 28000, 0, 918, 13),
  (2830, 4, 89000, 0, 919, 12),
  (2831, 4, 890000, 0, 919, 1),
  (2832, 2, 135000, 0, 919, 10),
  (2833, 2, 6900000, 0, 919, 4),
  (2834, 5, 950000, 615000, 919, 3),
  (2835, 1, 42000, 0, 920, 15),
  (2836, 1, 890000, 0, 920, 1),
  (2837, 5, 89000, 40000, 921, 12),
  (2838, 2, 135000, 15000, 921, 10),
  (2839, 5, 550000, 0, 921, 5),
  (2840, 1, 6900000, 0, 921, 4),
  (2841, 1, 89000, 0, 922, 12),
  (2842, 2, 390000, 0, 922, 2),
  (2843, 4, 6900000, 3455000, 922, 4),
  (2844, 3, 550000, 0, 922, 5),
  (2845, 4, 135000, 0, 922, 10),
  (2846, 3, 35000, 0, 923, 14),
  (2847, 5, 42000, 15000, 923, 15),
  (2848, 2, 550000, 0, 923, 5),
  (2849, 1, 89000, 8000, 924, 12),
  (2850, 5, 550000, 0, 924, 5),
  (2851, 1, 42000, 0, 924, 15),
  (2852, 4, 105000, 0, 925, 7),
  (2853, 4, 135000, 48000, 925, 10),
  (2854, 1, 35000, 0, 925, 14),
  (2855, 5, 6900000, 0, 926, 4),
  (2856, 1, 150000, 0, 927, 6),
  (2857, 3, 89000, 0, 927, 9),
  (2858, 5, 89000, 0, 928, 12),
  (2859, 1, 6900000, 0, 928, 4),
  (2860, 5, 550000, 335000, 928, 5),
  (2861, 2, 115000, 32000, 928, 11),
  (2862, 5, 135000, 0, 928, 10),
  (2863, 2, 35000, 4000, 929, 14),
  (2864, 5, 950000, 0, 929, 3),
  (2865, 2, 42000, 0, 929, 15),
  (2866, 4, 890000, 384000, 929, 1),
  (2867, 3, 42000, 0, 930, 15),
  (2868, 5, 135000, 0, 930, 10),
  (2869, 1, 35000, 0, 931, 14),
  (2870, 4, 390000, 0, 932, 2),
  (2871, 3, 890000, 0, 932, 1),
  (2872, 1, 950000, 117000, 932, 3),
  (2873, 5, 105000, 0, 932, 7),
  (2874, 1, 42000, 0, 933, 15),
  (2875, 4, 105000, 35000, 934, 7),
  (2876, 1, 5000, 0, 934, 8),
  (2877, 2, 890000, 176000, 934, 1),
  (2878, 1, 28000, 0, 934, 13),
  (2879, 1, 89000, 8000, 934, 9),
  (2880, 3, 950000, 0, 935, 3),
  (2881, 3, 5000, 0, 936, 8),
  (2882, 5, 135000, 0, 936, 10),
  (2883, 5, 950000, 0, 936, 3),
  (2884, 1, 890000, 0, 936, 1),
  (2885, 5, 105000, 0, 936, 7),
  (2886, 2, 150000, 0, 937, 6),
  (2887, 3, 6900000, 0, 937, 4),
  (2888, 1, 89000, 0, 937, 9),
  (2889, 1, 890000, 0, 937, 1),
  (2890, 2, 42000, 0, 938, 15),
  (2891, 3, 390000, 63000, 938, 2),
  (2892, 1, 89000, 0, 938, 9),
  (2893, 2, 115000, 18000, 939, 11),
  (2894, 2, 89000, 0, 939, 12),
  (2895, 2, 89000, 0, 939, 9),
  (2896, 3, 115000, 0, 940, 11),
  (2897, 1, 950000, 0, 940, 3),
  (2898, 4, 42000, 0, 940, 15),
  (2899, 5, 6900000, 3296000, 940, 4),
  (2900, 3, 550000, 100000, 941, 5),
  (2901, 2, 6900000, 824000, 941, 4),
  (2902, 1, 390000, 47000, 941, 2),
  (2903, 4, 135000, 0, 942, 10),
  (2904, 2, 89000, 0, 942, 9),
  (2905, 3, 42000, 0, 943, 15),
  (2906, 2, 890000, 0, 943, 1),
  (2907, 5, 150000, 65000, 943, 6),
  (2908, 1, 950000, 0, 943, 3),
  (2909, 2, 35000, 0, 944, 14),
  (2910, 2, 115000, 0, 944, 11),
  (2911, 5, 105000, 73000, 945, 7),
  (2912, 4, 150000, 0, 945, 6),
  (2913, 4, 135000, 63000, 945, 10),
  (2914, 2, 42000, 0, 946, 15),
  (2915, 5, 5000, 0, 947, 8),
  (2916, 2, 550000, 0, 947, 5),
  (2917, 2, 150000, 0, 947, 6),
  (2918, 2, 5000, 0, 948, 8),
  (2919, 3, 135000, 0, 948, 10),
  (2920, 3, 89000, 0, 949, 9),
  (2921, 1, 135000, 0, 949, 10),
  (2922, 5, 35000, 0, 949, 14),
  (2923, 4, 6900000, 3666000, 950, 4),
  (2924, 5, 28000, 13000, 950, 13),
  (2925, 2, 950000, 0, 950, 3),
  (2926, 1, 5000, 0, 950, 8),
  (2927, 3, 115000, 0, 950, 11),
  (2928, 2, 135000, 15000, 951, 10),
  (2929, 5, 950000, 0, 951, 3),
  (2930, 3, 5000, 0, 951, 8),
  (2931, 5, 390000, 0, 952, 2),
  (2932, 2, 105000, 12000, 952, 7),
  (2933, 3, 105000, 0, 953, 7),
  (2934, 4, 35000, 0, 954, 14),
  (2935, 5, 390000, 0, 954, 2),
  (2936, 5, 890000, 575000, 954, 1),
  (2937, 4, 42000, 0, 955, 15),
  (2938, 4, 6900000, 0, 956, 4),
  (2939, 4, 28000, 0, 956, 13),
  (2940, 2, 390000, 0, 956, 2),
  (2941, 1, 550000, 0, 956, 5),
  (2942, 1, 150000, 12000, 957, 6),
  (2943, 3, 6900000, 1493000, 957, 4),
  (2944, 5, 89000, 0, 957, 9),
  (2945, 4, 950000, 0, 957, 3),
  (2946, 5, 390000, 0, 958, 2),
  (2947, 2, 5000, 1000, 958, 8),
  (2948, 3, 6900000, 0, 959, 4),
  (2949, 1, 390000, 0, 960, 2),
  (2950, 5, 35000, 0, 960, 14),
  (2951, 2, 89000, 11000, 960, 9),
  (2952, 5, 6900000, 0, 960, 4),
  (2953, 3, 28000, 0, 961, 13),
  (2954, 1, 6900000, 0, 961, 4),
  (2955, 4, 42000, 21000, 961, 15),
  (2956, 2, 550000, 0, 962, 5),
  (2957, 2, 35000, 4000, 962, 14),
  (2958, 4, 890000, 263000, 962, 1),
  (2959, 2, 115000, 0, 962, 11),
  (2960, 4, 89000, 0, 962, 9),
  (2961, 4, 390000, 0, 963, 2),
  (2962, 3, 150000, 63000, 964, 6),
  (2963, 5, 390000, 0, 965, 2),
  (2964, 1, 390000, 31000, 966, 2),
  (2965, 1, 550000, 47000, 966, 5),
  (2966, 3, 6900000, 0, 966, 4),
  (2967, 5, 5000, 0, 966, 8),
  (2968, 4, 950000, 0, 966, 3),
  (2969, 3, 5000, 0, 967, 8),
  (2970, 5, 105000, 27000, 967, 7),
  (2971, 4, 89000, 0, 968, 12),
  (2972, 2, 390000, 0, 968, 2),
  (2973, 4, 89000, 50000, 968, 9),
  (2974, 5, 890000, 0, 968, 1),
  (2975, 2, 115000, 0, 968, 11),
  (2976, 2, 42000, 6000, 969, 15),
  (2977, 5, 135000, 97000, 969, 10),
  (2978, 2, 89000, 12000, 969, 12),
  (2979, 1, 42000, 0, 970, 15),
  (2980, 5, 6900000, 0, 970, 4),
  (2981, 5, 550000, 0, 970, 5),
  (2982, 1, 105000, 0, 970, 7),
  (2983, 1, 89000, 0, 971, 9),
  (2984, 3, 42000, 0, 971, 15),
  (2985, 4, 950000, 481000, 972, 3),
  (2986, 5, 28000, 21000, 972, 13),
  (2987, 4, 150000, 0, 972, 6),
  (2988, 2, 135000, 0, 972, 10),
  (2989, 3, 42000, 0, 972, 15),
  (2990, 4, 890000, 0, 973, 1),
  (2991, 3, 42000, 0, 973, 15),
  (2992, 4, 950000, 0, 973, 3),
  (2993, 5, 115000, 37000, 973, 11),
  (2994, 1, 6900000, 694000, 973, 4),
  (2995, 4, 42000, 13000, 974, 15),
  (2996, 2, 550000, 135000, 974, 5),
  (2997, 5, 150000, 52000, 974, 6),
  (2998, 3, 390000, 168000, 974, 2),
  (2999, 3, 950000, 0, 975, 3),
  (3000, 5, 89000, 46000, 975, 12),
  (3001, 4, 890000, 0, 976, 1),
  (3002, 2, 150000, 0, 976, 6),
  (3003, 2, 6900000, 0, 976, 4),
  (3004, 3, 28000, 0, 976, 13),
  (3005, 4, 105000, 0, 976, 7),
  (3006, 2, 28000, 0, 977, 13),
  (3007, 5, 950000, 0, 977, 3),
  (3008, 5, 28000, 19000, 978, 13),
  (3009, 3, 390000, 0, 979, 2),
  (3010, 4, 150000, 0, 979, 6),
  (3011, 3, 115000, 0, 979, 11),
  (3012, 3, 28000, 0, 980, 13),
  (3013, 4, 6900000, 0, 980, 4),
  (3014, 5, 89000, 0, 980, 12),
  (3015, 4, 5000, 0, 980, 8),
  (3016, 2, 42000, 0, 981, 15),
  (3017, 3, 6900000, 2241000, 981, 4),
  (3018, 3, 105000, 0, 982, 7),
  (3019, 5, 5000, 0, 982, 8),
  (3020, 5, 115000, 43000, 983, 11),
  (3021, 1, 28000, 0, 984, 13),
  (3022, 4, 105000, 0, 984, 7),
  (3023, 3, 950000, 0, 984, 3),
  (3024, 1, 135000, 17000, 984, 10),
  (3025, 5, 890000, 0, 984, 1),
  (3026, 2, 950000, 0, 985, 3),
  (3027, 2, 35000, 0, 985, 14),
  (3028, 1, 390000, 23000, 985, 2),
  (3029, 4, 150000, 52000, 985, 6),
  (3030, 5, 890000, 526000, 986, 1),
  (3031, 4, 135000, 0, 987, 10),
  (3032, 4, 105000, 0, 987, 7),
  (3033, 4, 150000, 0, 987, 6),
  (3034, 1, 89000, 0, 987, 12),
  (3035, 3, 42000, 0, 987, 15),
  (3036, 5, 150000, 0, 988, 6),
  (3037, 3, 550000, 0, 989, 5),
  (3038, 2, 35000, 0, 989, 14),
  (3039, 1, 89000, 8000, 989, 12),
  (3040, 1, 105000, 0, 989, 7),
  (3041, 2, 150000, 0, 989, 6),
  (3042, 2, 5000, 0, 990, 8),
  (3043, 2, 42000, 8000, 990, 15),
  (3044, 4, 35000, 19000, 990, 14),
  (3045, 4, 550000, 0, 991, 5),
  (3046, 1, 115000, 11000, 991, 11),
  (3047, 5, 890000, 413000, 991, 1),
  (3048, 4, 390000, 223000, 991, 2),
  (3049, 5, 950000, 666000, 991, 3),
  (3050, 2, 135000, 0, 992, 10),
  (3051, 2, 5000, 0, 992, 8),
  (3052, 3, 550000, 0, 992, 5),
  (3053, 2, 105000, 0, 992, 7),
  (3054, 5, 950000, 547000, 992, 3),
  (3055, 1, 6900000, 0, 993, 4),
  (3056, 1, 115000, 17000, 993, 11),
  (3057, 5, 890000, 0, 993, 1),
  (3058, 5, 115000, 0, 994, 11),
  (3059, 4, 950000, 0, 994, 3),
  (3060, 4, 390000, 160000, 994, 2),
  (3061, 1, 150000, 0, 994, 6),
  (3062, 1, 115000, 6000, 995, 11),
  (3063, 4, 390000, 0, 995, 2),
  (3064, 2, 35000, 7000, 995, 14),
  (3065, 3, 28000, 0, 995, 13),
  (3066, 1, 890000, 0, 995, 1),
  (3067, 4, 89000, 52000, 996, 12),
  (3068, 3, 115000, 30000, 996, 11),
  (3069, 4, 390000, 0, 997, 2),
  (3070, 4, 89000, 0, 997, 9),
  (3071, 3, 42000, 0, 998, 15),
  (3072, 5, 550000, 0, 998, 5),
  (3073, 4, 150000, 32000, 998, 6),
  (3074, 2, 35000, 9000, 998, 14),
  (3075, 2, 5000, 0, 998, 8),
  (3076, 3, 35000, 0, 999, 14),
  (3077, 2, 135000, 23000, 999, 10),
  (3078, 3, 28000, 9000, 999, 13),
  (3079, 1, 5000, 0, 999, 8),
  (3080, 1, 5000, 0, 1000, 8),
  (3081, 2, 890000, 131000, 1001, 1),
  (3082, 2, 550000, 151000, 1001, 5),
  (3083, 2, 89000, 23000, 1002, 9),
  (3084, 2, 950000, 0, 1002, 3),
  (3085, 3, 135000, 0, 1002, 10),
  (3086, 4, 550000, 147000, 1002, 5),
  (3087, 3, 6900000, 0, 1003, 4),
  (3088, 1, 42000, 0, 1003, 15),
  (3089, 1, 5000, 0, 1003, 8),
  (3090, 5, 28000, 11000, 1003, 13),
  (3091, 5, 135000, 0, 1003, 10),
  (3092, 4, 35000, 17000, 1004, 14),
  (3093, 4, 89000, 0, 1005, 12),
  (3094, 2, 950000, 0, 1005, 3),
  (3095, 2, 89000, 0, 1006, 12),
  (3096, 4, 890000, 0, 1006, 1),
  (3097, 5, 5000, 0, 1006, 8),
  (3098, 3, 105000, 0, 1006, 7),
  (3099, 3, 89000, 0, 1007, 9),
  (3100, 2, 35000, 0, 1007, 14),
  (3101, 1, 115000, 0, 1007, 11),
  (3102, 1, 42000, 0, 1008, 15),
  (3103, 5, 89000, 0, 1008, 12),
  (3104, 4, 550000, 141000, 1008, 5),
  (3105, 5, 150000, 0, 1009, 6),
  (3106, 3, 42000, 0, 1009, 15),
  (3107, 4, 550000, 324000, 1010, 5),
  (3108, 5, 950000, 0, 1010, 3),
  (3109, 1, 28000, 0, 1010, 13),
  (3110, 3, 135000, 0, 1010, 10),
  (3111, 2, 890000, 214000, 1010, 1),
  (3112, 2, 105000, 0, 1011, 7),
  (3113, 4, 390000, 0, 1011, 2),
  (3114, 3, 950000, 325000, 1011, 3),
  (3115, 5, 89000, 0, 1012, 12),
  (3116, 3, 89000, 34000, 1012, 9),
  (3117, 5, 115000, 50000, 1013, 11),
  (3118, 4, 115000, 0, 1014, 11),
  (3119, 2, 89000, 21000, 1014, 12),
  (3120, 4, 5000, 0, 1014, 8),
  (3121, 1, 89000, 0, 1015, 9),
  (3122, 5, 115000, 0, 1015, 11),
  (3123, 5, 105000, 53000, 1015, 7),
  (3124, 4, 5000, 0, 1015, 8),
  (3125, 2, 390000, 0, 1016, 2),
  (3126, 3, 6900000, 0, 1016, 4),
  (3127, 4, 150000, 44000, 1016, 6),
  (3128, 2, 89000, 19000, 1016, 9),
  (3129, 2, 42000, 0, 1017, 15),
  (3130, 3, 950000, 353000, 1017, 3),
  (3131, 3, 6900000, 0, 1017, 4),
  (3132, 2, 890000, 128000, 1017, 1),
  (3133, 3, 89000, 0, 1017, 9),
  (3134, 4, 150000, 76000, 1018, 6),
  (3135, 4, 42000, 0, 1018, 15),
  (3136, 4, 890000, 0, 1018, 1),
  (3137, 4, 950000, 0, 1018, 3),
  (3138, 2, 89000, 25000, 1018, 9),
  (3139, 3, 6900000, 0, 1019, 4),
  (3140, 1, 390000, 52000, 1019, 2),
  (3141, 1, 105000, 10000, 1019, 7),
  (3142, 2, 135000, 0, 1020, 10),
  (3143, 1, 950000, 119000, 1021, 3),
  (3144, 3, 89000, 0, 1022, 9),
  (3145, 3, 150000, 0, 1022, 6),
  (3146, 1, 105000, 11000, 1023, 7),
  (3147, 5, 6900000, 4093000, 1024, 4),
  (3148, 5, 35000, 0, 1024, 14),
  (3149, 3, 550000, 171000, 1024, 5),
  (3150, 2, 28000, 0, 1025, 13),
  (3151, 2, 550000, 0, 1025, 5),
  (3152, 3, 390000, 0, 1026, 2),
  (3153, 3, 135000, 0, 1026, 10),
  (3154, 1, 42000, 0, 1026, 15),
  (3155, 5, 135000, 0, 1027, 10),
  (3156, 1, 42000, 0, 1028, 15),
  (3157, 5, 390000, 0, 1028, 2),
  (3158, 4, 115000, 0, 1029, 11),
  (3159, 3, 390000, 0, 1029, 2),
  (3160, 4, 150000, 42000, 1029, 6),
  (3161, 1, 5000, 0, 1030, 8),
  (3162, 5, 135000, 0, 1030, 10),
  (3163, 1, 28000, 0, 1031, 13),
  (3164, 3, 950000, 0, 1031, 3),
  (3165, 5, 890000, 371000, 1031, 1),
  (3166, 5, 150000, 89000, 1031, 6),
  (3167, 2, 105000, 23000, 1031, 7),
  (3168, 5, 950000, 0, 1032, 3),
  (3169, 1, 28000, 0, 1032, 13),
  (3170, 5, 5000, 0, 1032, 8),
  (3171, 3, 890000, 0, 1033, 1),
  (3172, 4, 5000, 0, 1033, 8),
  (3173, 5, 150000, 0, 1033, 6),
  (3174, 5, 42000, 0, 1034, 15),
  (3175, 3, 115000, 0, 1035, 11),
  (3176, 1, 115000, 14000, 1036, 11),
  (3177, 2, 105000, 0, 1036, 7),
  (3178, 5, 35000, 0, 1036, 14),
  (3179, 5, 150000, 0, 1036, 6),
  (3180, 4, 950000, 458000, 1036, 3),
  (3181, 4, 950000, 0, 1037, 3),
  (3182, 4, 105000, 0, 1038, 7),
  (3183, 1, 28000, 0, 1038, 13),
  (3184, 3, 5000, 2000, 1038, 8),
  (3185, 2, 390000, 0, 1038, 2),
  (3186, 3, 890000, 0, 1039, 1),
  (3187, 2, 950000, 0, 1039, 3),
  (3188, 2, 89000, 0, 1039, 9),
  (3189, 3, 135000, 0, 1039, 10),
  (3190, 4, 150000, 0, 1039, 6),
  (3191, 2, 89000, 0, 1040, 9),
  (3192, 2, 35000, 0, 1041, 14),
  (3193, 4, 150000, 60000, 1042, 6),
  (3194, 3, 5000, 0, 1042, 8),
  (3195, 2, 89000, 0, 1042, 9),
  (3196, 1, 89000, 0, 1043, 12),
  (3197, 4, 6900000, 0, 1043, 4),
  (3198, 4, 950000, 0, 1043, 3),
  (3199, 3, 28000, 0, 1043, 13),
  (3200, 3, 390000, 82000, 1043, 2),
  (3201, 5, 390000, 0, 1044, 2),
  (3202, 5, 6900000, 4933000, 1045, 4),
  (3203, 2, 28000, 0, 1045, 13),
  (3204, 2, 89000, 0, 1045, 9),
  (3205, 4, 550000, 189000, 1046, 5),
  (3206, 5, 135000, 0, 1046, 10),
  (3207, 2, 135000, 0, 1047, 10),
  (3208, 4, 390000, 82000, 1047, 2),
  (3209, 2, 890000, 0, 1047, 1),
  (3210, 2, 42000, 6000, 1047, 15),
  (3211, 4, 115000, 0, 1047, 11),
  (3212, 2, 6900000, 0, 1048, 4),
  (3213, 1, 42000, 0, 1048, 15),
  (3214, 3, 135000, 0, 1048, 10),
  (3215, 1, 105000, 6000, 1048, 7),
  (3216, 3, 89000, 0, 1048, 12),
  (3217, 2, 6900000, 1009000, 1049, 4),
  (3218, 1, 890000, 0, 1049, 1),
  (3219, 3, 89000, 0, 1050, 12),
  (3220, 4, 42000, 20000, 1050, 15),
  (3221, 1, 28000, 3000, 1050, 13),
  (3222, 5, 105000, 71000, 1051, 7),
  (3223, 3, 5000, 0, 1051, 8),
  (3224, 2, 42000, 12000, 1051, 15),
  (3225, 4, 950000, 0, 1052, 3),
  (3226, 1, 105000, 0, 1052, 7),
  (3227, 4, 150000, 0, 1052, 6),
  (3228, 5, 42000, 19000, 1052, 15),
  (3229, 4, 28000, 0, 1052, 13),
  (3230, 2, 950000, 0, 1053, 3),
  (3231, 2, 5000, 0, 1053, 8),
  (3232, 1, 35000, 0, 1053, 14),
  (3233, 2, 550000, 0, 1053, 5),
  (3234, 2, 89000, 0, 1054, 12),
  (3235, 4, 28000, 0, 1054, 13),
  (3236, 4, 390000, 0, 1055, 2),
  (3237, 4, 89000, 0, 1056, 12),
  (3238, 2, 890000, 228000, 1056, 1),
  (3239, 3, 5000, 0, 1056, 8),
  (3240, 5, 42000, 0, 1057, 15),
  (3241, 5, 150000, 0, 1058, 6),
  (3242, 2, 115000, 28000, 1058, 11),
  (3243, 1, 28000, 0, 1058, 13),
  (3244, 2, 89000, 0, 1058, 9),
  (3245, 1, 105000, 0, 1058, 7),
  (3246, 1, 42000, 5000, 1059, 15),
  (3247, 1, 89000, 7000, 1059, 12),
  (3248, 4, 950000, 0, 1059, 3),
  (3249, 4, 135000, 0, 1059, 10),
  (3250, 3, 115000, 0, 1059, 11),
  (3251, 1, 35000, 0, 1060, 14),
  (3252, 4, 890000, 0, 1060, 1),
  (3253, 1, 28000, 4000, 1060, 13),
  (3254, 2, 6900000, 0, 1060, 4),
  (3255, 1, 135000, 10000, 1061, 10),
  (3256, 3, 5000, 0, 1062, 8),
  (3257, 4, 135000, 0, 1062, 10),
  (3258, 5, 390000, 0, 1062, 2),
  (3259, 1, 550000, 75000, 1062, 5),
  (3260, 4, 5000, 0, 1063, 8),
  (3261, 4, 6900000, 0, 1063, 4),
  (3262, 3, 6900000, 0, 1064, 4),
  (3263, 4, 390000, 112000, 1065, 2),
  (3264, 5, 890000, 0, 1066, 1),
  (3265, 3, 35000, 0, 1066, 14),
  (3266, 4, 5000, 0, 1066, 8),
  (3267, 4, 150000, 0, 1067, 6),
  (3268, 4, 950000, 383000, 1067, 3),
  (3269, 5, 135000, 100000, 1068, 10),
  (3270, 1, 105000, 0, 1068, 7),
  (3271, 5, 42000, 0, 1069, 15),
  (3272, 5, 89000, 0, 1070, 12),
  (3273, 5, 890000, 0, 1070, 1),
  (3274, 4, 5000, 0, 1071, 8),
  (3275, 1, 105000, 9000, 1071, 7),
  (3276, 4, 28000, 0, 1071, 13),
  (3277, 4, 115000, 0, 1071, 11),
  (3278, 2, 150000, 0, 1071, 6),
  (3279, 3, 35000, 0, 1072, 14),
  (3280, 3, 42000, 13000, 1072, 15),
  (3281, 5, 135000, 0, 1072, 10),
  (3282, 4, 390000, 193000, 1072, 2),
  (3283, 1, 550000, 0, 1072, 5),
  (3284, 2, 135000, 0, 1073, 10),
  (3285, 2, 42000, 0, 1073, 15),
  (3286, 2, 105000, 12000, 1074, 7),
  (3287, 2, 135000, 17000, 1074, 10),
  (3288, 5, 6900000, 4552000, 1075, 4),
  (3289, 1, 5000, 0, 1076, 8),
  (3290, 3, 550000, 0, 1077, 5),
  (3291, 2, 89000, 0, 1077, 12),
  (3292, 5, 135000, 86000, 1077, 10),
  (3293, 3, 42000, 0, 1077, 15),
  (3294, 1, 5000, 0, 1077, 8),
  (3295, 1, 115000, 13000, 1078, 11),
  (3296, 2, 390000, 0, 1078, 2),
  (3297, 4, 6900000, 0, 1078, 4),
  (3298, 2, 135000, 0, 1078, 10),
  (3299, 1, 115000, 0, 1079, 11),
  (3300, 2, 550000, 0, 1079, 5),
  (3301, 1, 135000, 11000, 1079, 10),
  (3302, 5, 150000, 0, 1079, 6),
  (3303, 3, 89000, 0, 1080, 12),
  (3304, 4, 115000, 0, 1080, 11),
  (3305, 3, 89000, 0, 1080, 9),
  (3306, 2, 28000, 0, 1080, 13),
  (3307, 5, 390000, 0, 1080, 2),
  (3308, 2, 390000, 0, 1081, 2),
  (3309, 3, 42000, 0, 1081, 15),
  (3310, 3, 890000, 248000, 1081, 1),
  (3311, 2, 135000, 0, 1082, 10),
  (3312, 4, 550000, 0, 1082, 5),
  (3313, 1, 28000, 0, 1082, 13),
  (3314, 4, 150000, 0, 1082, 6),
  (3315, 2, 89000, 12000, 1082, 12),
  (3316, 4, 115000, 0, 1083, 11),
  (3317, 2, 42000, 0, 1083, 15),
  (3318, 2, 89000, 0, 1083, 9),
  (3319, 5, 950000, 0, 1083, 3),
  (3320, 1, 35000, 0, 1083, 14),
  (3321, 4, 950000, 0, 1084, 3),
  (3322, 3, 390000, 77000, 1084, 2),
  (3323, 2, 35000, 0, 1085, 14),
  (3324, 1, 89000, 0, 1086, 9),
  (3325, 1, 42000, 3000, 1086, 15),
  (3326, 2, 89000, 0, 1086, 12),
  (3327, 3, 150000, 0, 1087, 6),
  (3328, 3, 890000, 0, 1087, 1),
  (3329, 5, 115000, 0, 1088, 11),
  (3330, 2, 950000, 0, 1088, 3),
  (3331, 1, 135000, 0, 1088, 10),
  (3332, 4, 35000, 0, 1089, 14),
  (3333, 5, 150000, 0, 1089, 6),
  (3334, 4, 390000, 0, 1090, 2),
  (3335, 5, 5000, 0, 1091, 8),
  (3336, 1, 150000, 0, 1091, 6),
  (3337, 3, 390000, 0, 1091, 2),
  (3338, 1, 6900000, 0, 1092, 4),
  (3339, 5, 89000, 0, 1092, 12),
  (3340, 4, 550000, 0, 1092, 5),
  (3341, 1, 28000, 0, 1092, 13),
  (3342, 4, 890000, 0, 1092, 1),
  (3343, 3, 105000, 0, 1093, 7),
  (3344, 5, 89000, 0, 1093, 9),
  (3345, 3, 390000, 82000, 1093, 2),
  (3346, 2, 135000, 19000, 1094, 10),
  (3347, 3, 42000, 0, 1094, 15),
  (3348, 2, 89000, 0, 1094, 9),
  (3349, 4, 105000, 60000, 1094, 7),
  (3350, 1, 5000, 0, 1094, 8),
  (3351, 1, 35000, 0, 1095, 14),
  (3352, 4, 89000, 0, 1096, 9),
  (3353, 3, 105000, 0, 1096, 7),
  (3354, 4, 115000, 59000, 1096, 11),
  (3355, 2, 950000, 0, 1096, 3),
  (3356, 5, 28000, 0, 1097, 13),
  (3357, 2, 890000, 0, 1097, 1),
  (3358, 4, 105000, 0, 1098, 7),
  (3359, 3, 890000, 226000, 1099, 1),
  (3360, 4, 550000, 291000, 1099, 5),
  (3361, 3, 89000, 0, 1100, 12),
  (3362, 5, 105000, 57000, 1100, 7),
  (3363, 4, 390000, 0, 1100, 2),
  (3364, 5, 5000, 1000, 1100, 8),
  (3365, 1, 5000, 0, 1101, 8),
  (3366, 2, 89000, 0, 1101, 12),
  (3367, 2, 550000, 113000, 1101, 5),
  (3368, 1, 115000, 0, 1101, 11),
  (3369, 1, 89000, 0, 1101, 9),
  (3370, 3, 390000, 0, 1102, 2),
  (3371, 2, 42000, 0, 1103, 15),
  (3372, 3, 6900000, 0, 1104, 4),
  (3373, 2, 28000, 4000, 1104, 13),
  (3374, 5, 390000, 0, 1104, 2),
  (3375, 3, 115000, 0, 1105, 11),
  (3376, 1, 89000, 13000, 1105, 9),
  (3377, 3, 35000, 0, 1105, 14),
  (3378, 1, 6900000, 1007000, 1105, 4),
  (3379, 3, 5000, 0, 1105, 8),
  (3380, 1, 950000, 0, 1106, 3),
  (3381, 1, 550000, 0, 1106, 5),
  (3382, 5, 115000, 0, 1106, 11),
  (3383, 3, 35000, 0, 1106, 14),
  (3384, 2, 5000, 0, 1107, 8),
  (3385, 4, 42000, 0, 1107, 15),
  (3386, 2, 35000, 0, 1108, 14),
  (3387, 4, 390000, 0, 1108, 2),
  (3388, 3, 105000, 0, 1109, 7),
  (3389, 4, 42000, 14000, 1109, 15),
  (3390, 3, 390000, 0, 1109, 2),
  (3391, 4, 150000, 0, 1110, 6),
  (3392, 5, 150000, 0, 1111, 6),
  (3393, 2, 950000, 0, 1112, 3),
  (3394, 3, 35000, 0, 1112, 14),
  (3395, 4, 150000, 72000, 1112, 6),
  (3396, 4, 89000, 0, 1112, 9),
  (3397, 4, 135000, 0, 1113, 10),
  (3398, 2, 35000, 0, 1113, 14),
  (3399, 2, 28000, 0, 1114, 13),
  (3400, 2, 550000, 0, 1114, 5),
  (3401, 5, 5000, 0, 1114, 8),
  (3402, 3, 115000, 0, 1114, 11),
  (3403, 2, 89000, 0, 1115, 12),
  (3404, 2, 390000, 97000, 1115, 2),
  (3405, 2, 28000, 0, 1115, 13),
  (3406, 3, 115000, 37000, 1115, 11),
  (3407, 2, 35000, 0, 1115, 14),
  (3408, 4, 135000, 0, 1116, 10),
  (3409, 2, 115000, 0, 1116, 11),
  (3410, 3, 950000, 0, 1116, 3),
  (3411, 3, 28000, 5000, 1117, 13),
  (3412, 3, 5000, 2000, 1117, 8),
  (3413, 4, 42000, 11000, 1117, 15),
  (3414, 5, 35000, 0, 1117, 14),
  (3415, 3, 950000, 242000, 1117, 3),
  (3416, 3, 135000, 0, 1118, 10),
  (3417, 5, 42000, 27000, 1118, 15),
  (3418, 1, 550000, 0, 1118, 5),
  (3419, 3, 890000, 0, 1119, 1),
  (3420, 4, 150000, 0, 1119, 6),
  (3421, 4, 550000, 257000, 1119, 5),
  (3422, 5, 105000, 42000, 1119, 7),
  (3423, 2, 390000, 0, 1120, 2),
  (3424, 5, 6900000, 0, 1120, 4),
  (3425, 3, 550000, 0, 1120, 5),
  (3426, 3, 950000, 393000, 1120, 3),
  (3427, 5, 89000, 35000, 1121, 9),
  (3428, 2, 135000, 0, 1121, 10),
  (3429, 3, 89000, 0, 1121, 12),
  (3430, 4, 89000, 40000, 1122, 9),
  (3431, 2, 35000, 0, 1122, 14),
  (3432, 2, 135000, 35000, 1122, 10),
  (3433, 1, 28000, 0, 1122, 13),
  (3434, 3, 115000, 0, 1122, 11),
  (3435, 1, 5000, 0, 1123, 8),
  (3436, 5, 105000, 0, 1123, 7),
  (3437, 1, 390000, 0, 1123, 2),
  (3438, 2, 89000, 0, 1123, 9),
  (3439, 3, 950000, 0, 1123, 3),
  (3440, 2, 950000, 0, 1124, 3),
  (3441, 4, 5000, 2000, 1124, 8),
  (3442, 3, 890000, 0, 1124, 1),
  (3443, 4, 135000, 0, 1125, 10),
  (3444, 3, 28000, 0, 1126, 13),
  (3445, 2, 42000, 6000, 1126, 15),
  (3446, 2, 550000, 88000, 1127, 5),
  (3447, 2, 115000, 0, 1127, 11),
  (3448, 5, 890000, 326000, 1127, 1),
  (3449, 1, 6900000, 434000, 1127, 4),
  (3450, 1, 950000, 0, 1128, 3),
  (3451, 2, 150000, 0, 1128, 6),
  (3452, 1, 950000, 88000, 1129, 3),
  (3453, 5, 135000, 58000, 1130, 10),
  (3454, 1, 89000, 7000, 1130, 9),
  (3455, 1, 42000, 3000, 1130, 15),
  (3456, 3, 135000, 0, 1131, 10),
  (3457, 3, 35000, 0, 1131, 14),
  (3458, 1, 89000, 0, 1131, 9),
  (3459, 2, 115000, 16000, 1131, 11),
  (3460, 3, 890000, 390000, 1132, 1),
  (3461, 1, 28000, 0, 1132, 13),
  (3462, 4, 105000, 0, 1132, 7),
  (3463, 4, 135000, 52000, 1133, 10),
  (3464, 3, 105000, 0, 1133, 7),
  (3465, 3, 28000, 11000, 1133, 13),
  (3466, 5, 150000, 64000, 1134, 6),
  (3467, 5, 950000, 0, 1134, 3),
  (3468, 1, 5000, 0, 1135, 8),
  (3469, 1, 35000, 0, 1135, 14),
  (3470, 5, 89000, 66000, 1135, 9),
  (3471, 3, 890000, 280000, 1135, 1),
  (3472, 4, 890000, 0, 1136, 1),
  (3473, 1, 89000, 6000, 1136, 12),
  (3474, 1, 35000, 0, 1136, 14),
  (3475, 3, 115000, 29000, 1136, 11),
  (3476, 2, 5000, 0, 1136, 8),
  (3477, 2, 89000, 0, 1137, 9),
  (3478, 4, 42000, 0, 1137, 15),
  (3479, 3, 890000, 0, 1137, 1),
  (3480, 1, 550000, 39000, 1137, 5),
  (3481, 4, 35000, 0, 1137, 14),
  (3482, 4, 890000, 0, 1138, 1),
  (3483, 3, 115000, 48000, 1138, 11),
  (3484, 4, 135000, 0, 1138, 10),
  (3485, 2, 105000, 0, 1138, 7),
  (3486, 4, 28000, 7000, 1138, 13),
  (3487, 2, 6900000, 0, 1139, 4),
  (3488, 2, 89000, 0, 1139, 12),
  (3489, 2, 150000, 0, 1139, 6),
  (3490, 4, 390000, 145000, 1139, 2),
  (3491, 3, 115000, 23000, 1140, 11),
  (3492, 2, 42000, 0, 1140, 15),
  (3493, 5, 105000, 0, 1140, 7),
  (3494, 4, 89000, 51000, 1140, 12),
  (3495, 3, 6900000, 0, 1140, 4),
  (3496, 1, 35000, 0, 1141, 14),
  (3497, 3, 150000, 0, 1141, 6),
  (3498, 5, 89000, 0, 1141, 9),
  (3499, 5, 6900000, 0, 1141, 4),
  (3500, 2, 28000, 6000, 1141, 13),
  (3501, 2, 890000, 93000, 1142, 1),
  (3502, 3, 105000, 20000, 1142, 7),
  (3503, 5, 42000, 30000, 1142, 15),
  (3504, 4, 42000, 0, 1143, 15),
  (3505, 3, 89000, 0, 1143, 12),
  (3506, 4, 89000, 0, 1143, 9),
  (3507, 3, 550000, 0, 1143, 5),
  (3508, 2, 89000, 0, 1144, 9),
  (3509, 2, 390000, 0, 1144, 2),
  (3510, 4, 5000, 2000, 1144, 8),
  (3511, 4, 150000, 0, 1144, 6),
  (3512, 4, 150000, 54000, 1145, 6),
  (3513, 4, 5000, 2000, 1145, 8),
  (3514, 1, 35000, 0, 1145, 14),
  (3515, 5, 42000, 0, 1145, 15),
  (3516, 4, 105000, 0, 1145, 7),
  (3517, 1, 105000, 0, 1146, 7),
  (3518, 2, 89000, 0, 1146, 9),
  (3519, 2, 89000, 0, 1146, 12),
  (3520, 5, 950000, 0, 1146, 3),
  (3521, 1, 950000, 0, 1147, 3),
  (3522, 4, 89000, 29000, 1147, 9),
  (3523, 5, 6900000, 0, 1147, 4),
  (3524, 2, 890000, 0, 1148, 1),
  (3525, 3, 89000, 0, 1148, 12),
  (3526, 1, 89000, 0, 1149, 9),
  (3527, 1, 89000, 9000, 1150, 9),
  (3528, 4, 890000, 0, 1150, 1),
  (3529, 5, 105000, 61000, 1150, 7),
  (3530, 3, 135000, 0, 1151, 10),
  (3531, 4, 950000, 525000, 1152, 3),
  (3532, 1, 28000, 4000, 1152, 13),
  (3533, 3, 5000, 0, 1153, 8),
  (3534, 2, 115000, 0, 1154, 11),
  (3535, 5, 35000, 25000, 1154, 14),
  (3536, 3, 890000, 284000, 1155, 1),
  (3537, 3, 89000, 0, 1155, 12),
  (3538, 3, 150000, 0, 1156, 6),
  (3539, 4, 390000, 0, 1156, 2),
  (3540, 1, 42000, 3000, 1156, 15),
  (3541, 1, 5000, 0, 1157, 8),
  (3542, 3, 950000, 0, 1157, 3),
  (3543, 4, 89000, 31000, 1158, 12),
  (3544, 2, 950000, 0, 1158, 3),
  (3545, 5, 150000, 0, 1159, 6),
  (3546, 4, 150000, 0, 1160, 6),
  (3547, 2, 89000, 0, 1160, 12),
  (3548, 2, 89000, 0, 1161, 12),
  (3549, 1, 890000, 53000, 1161, 1),
  (3550, 3, 950000, 242000, 1161, 3),
  (3551, 4, 550000, 182000, 1162, 5),
  (3552, 2, 89000, 0, 1162, 9),
  (3553, 1, 35000, 0, 1162, 14),
  (3554, 3, 550000, 236000, 1163, 5),
  (3555, 3, 890000, 0, 1163, 1),
  (3556, 1, 390000, 47000, 1163, 2),
  (3557, 4, 6900000, 1428000, 1163, 4),
  (3558, 5, 950000, 274000, 1163, 3),
  (3559, 1, 950000, 80000, 1164, 3),
  (3560, 2, 105000, 0, 1164, 7),
  (3561, 2, 390000, 0, 1164, 2),
  (3562, 1, 28000, 0, 1165, 13),
  (3563, 5, 5000, 0, 1165, 8),
  (3564, 5, 35000, 12000, 1165, 14),
  (3565, 2, 6900000, 0, 1165, 4),
  (3566, 3, 150000, 0, 1165, 6),
  (3567, 5, 5000, 0, 1166, 8),
  (3568, 3, 6900000, 0, 1166, 4),
  (3569, 5, 150000, 0, 1166, 6),
  (3570, 2, 105000, 23000, 1166, 7),
  (3571, 3, 89000, 16000, 1166, 9),
  (3572, 4, 135000, 68000, 1167, 10),
  (3573, 4, 550000, 311000, 1167, 5),
  (3574, 3, 390000, 0, 1167, 2),
  (3575, 1, 950000, 0, 1168, 3),
  (3576, 3, 35000, 0, 1168, 14),
  (3577, 4, 28000, 0, 1169, 13),
  (3578, 4, 390000, 106000, 1169, 2),
  (3579, 2, 35000, 0, 1169, 14),
  (3580, 2, 115000, 34000, 1169, 11),
  (3581, 4, 89000, 51000, 1170, 12),
  (3582, 3, 5000, 1000, 1170, 8),
  (3583, 5, 150000, 0, 1170, 6),
  (3584, 1, 105000, 14000, 1170, 7),
  (3585, 1, 105000, 0, 1171, 7),
  (3586, 4, 89000, 0, 1172, 9),
  (3587, 4, 28000, 0, 1172, 13),
  (3588, 5, 35000, 0, 1172, 14),
  (3589, 2, 105000, 0, 1173, 7),
  (3590, 5, 135000, 45000, 1174, 10),
  (3591, 3, 35000, 11000, 1174, 14),
  (3592, 3, 150000, 42000, 1174, 6),
  (3593, 3, 28000, 0, 1175, 13),
  (3594, 2, 28000, 5000, 1176, 13),
  (3595, 2, 28000, 0, 1177, 13),
  (3596, 5, 135000, 0, 1177, 10),
  (3597, 1, 6900000, 770000, 1177, 4),
  (3598, 4, 89000, 0, 1177, 12),
  (3599, 4, 105000, 0, 1178, 7),
  (3600, 1, 5000, 0, 1178, 8),
  (3601, 2, 550000, 99000, 1178, 5),
  (3602, 5, 6900000, 3331000, 1178, 4),
  (3603, 2, 950000, 0, 1178, 3),
  (3604, 3, 150000, 0, 1179, 6),
  (3605, 2, 28000, 0, 1179, 13),
  (3606, 2, 5000, 0, 1179, 8),
  (3607, 4, 115000, 0, 1179, 11),
  (3608, 4, 5000, 2000, 1180, 8),
  (3609, 5, 550000, 0, 1180, 5),
  (3610, 1, 105000, 0, 1180, 7),
  (3611, 1, 5000, 0, 1181, 8),
  (3612, 1, 42000, 4000, 1181, 15),
  (3613, 2, 105000, 26000, 1182, 7),
  (3614, 3, 6900000, 0, 1182, 4),
  (3615, 5, 42000, 0, 1183, 15),
  (3616, 4, 5000, 0, 1183, 8),
  (3617, 3, 35000, 0, 1183, 14),
  (3618, 2, 89000, 0, 1183, 12),
  (3619, 2, 135000, 21000, 1183, 10),
  (3620, 2, 42000, 6000, 1184, 15),
  (3621, 4, 28000, 15000, 1184, 13),
  (3622, 1, 135000, 0, 1184, 10),
  (3623, 1, 6900000, 0, 1184, 4),
  (3624, 4, 6900000, 0, 1185, 4),
  (3625, 5, 390000, 0, 1185, 2),
  (3626, 3, 35000, 0, 1185, 14),
  (3627, 5, 105000, 0, 1185, 7),
  (3628, 5, 890000, 231000, 1186, 1),
  (3629, 1, 42000, 0, 1186, 15),
  (3630, 4, 89000, 0, 1186, 9),
  (3631, 4, 28000, 0, 1186, 13),
  (3632, 1, 28000, 3000, 1187, 13),
  (3633, 3, 6900000, 0, 1187, 4),
  (3634, 4, 28000, 0, 1188, 13),
  (3635, 4, 35000, 0, 1188, 14),
  (3636, 4, 390000, 0, 1188, 2),
  (3637, 5, 135000, 39000, 1189, 10),
  (3638, 3, 950000, 0, 1189, 3),
  (3639, 1, 42000, 0, 1189, 15),
  (3640, 1, 890000, 80000, 1189, 1),
  (3641, 1, 89000, 0, 1190, 12),
  (3642, 2, 5000, 1000, 1190, 8),
  (3643, 4, 35000, 0, 1190, 14),
  (3644, 5, 89000, 0, 1190, 9),
  (3645, 4, 89000, 36000, 1191, 9),
  (3646, 3, 5000, 0, 1192, 8),
  (3647, 4, 550000, 263000, 1192, 5),
  (3648, 5, 6900000, 0, 1193, 4),
  (3649, 1, 35000, 4000, 1193, 14),
  (3650, 5, 550000, 218000, 1193, 5),
  (3651, 5, 28000, 18000, 1193, 13),
  (3652, 4, 35000, 0, 1194, 14),
  (3653, 1, 89000, 0, 1194, 9),
  (3654, 3, 5000, 0, 1194, 8),
  (3655, 2, 42000, 0, 1194, 15),
  (3656, 1, 135000, 0, 1195, 10),
  (3657, 2, 5000, 0, 1195, 8),
  (3658, 4, 89000, 0, 1195, 12),
  (3659, 2, 5000, 0, 1196, 8),
  (3660, 4, 28000, 0, 1196, 13),
  (3661, 1, 390000, 47000, 1197, 2),
  (3662, 1, 5000, 0, 1197, 8),
  (3663, 4, 150000, 61000, 1198, 6),
  (3664, 2, 890000, 0, 1198, 1),
  (3665, 2, 42000, 0, 1198, 15),
  (3666, 5, 6900000, 0, 1198, 4),
  (3667, 2, 890000, 0, 1199, 1),
  (3668, 2, 150000, 0, 1199, 6),
  (3669, 1, 6900000, 0, 1199, 4),
  (3670, 4, 550000, 190000, 1200, 5),
  (3671, 5, 89000, 55000, 1200, 12),
  (3672, 4, 28000, 0, 1200, 13),
  (3673, 5, 105000, 0, 1200, 7),
  (3674, 4, 150000, 0, 1201, 6),
  (3675, 2, 89000, 0, 1202, 9),
  (3676, 3, 390000, 0, 1203, 2),
  (3677, 4, 5000, 0, 1204, 8),
  (3678, 1, 28000, 0, 1204, 13),
  (3679, 2, 950000, 0, 1205, 3),
  (3680, 3, 950000, 0, 1206, 3),
  (3681, 5, 135000, 0, 1207, 10),
  (3682, 5, 105000, 56000, 1207, 7),
  (3683, 2, 135000, 0, 1208, 10),
  (3684, 5, 550000, 229000, 1208, 5),
  (3685, 3, 6900000, 2719000, 1209, 4),
  (3686, 5, 42000, 24000, 1209, 15),
  (3687, 3, 390000, 0, 1209, 2),
  (3688, 4, 150000, 78000, 1209, 6),
  (3689, 5, 89000, 0, 1209, 12),
  (3690, 1, 550000, 57000, 1210, 5),
  (3691, 2, 135000, 0, 1210, 10),
  (3692, 3, 950000, 0, 1210, 3),
  (3693, 5, 550000, 0, 1211, 5),
  (3694, 4, 105000, 0, 1212, 7),
  (3695, 1, 6900000, 0, 1212, 4),
  (3696, 3, 115000, 0, 1212, 11),
  (3697, 1, 89000, 0, 1212, 12),
  (3698, 3, 950000, 253000, 1212, 3),
  (3699, 4, 135000, 33000, 1213, 10),
  (3700, 1, 89000, 0, 1214, 12),
  (3701, 3, 950000, 0, 1215, 3),
  (3702, 3, 42000, 0, 1215, 15),
  (3703, 4, 89000, 0, 1216, 9),
  (3704, 4, 105000, 0, 1216, 7),
  (3705, 1, 28000, 0, 1217, 13),
  (3706, 1, 135000, 0, 1217, 10),
  (3707, 1, 35000, 0, 1217, 14),
  (3708, 5, 89000, 0, 1217, 12),
  (3709, 3, 135000, 60000, 1218, 10),
  (3710, 3, 115000, 38000, 1218, 11),
  (3711, 4, 35000, 0, 1218, 14),
  (3712, 4, 550000, 285000, 1219, 5),
  (3713, 1, 135000, 0, 1219, 10),
  (3714, 1, 550000, 51000, 1220, 5),
  (3715, 3, 150000, 49000, 1220, 6),
  (3716, 5, 42000, 22000, 1220, 15),
  (3717, 5, 150000, 0, 1221, 6),
  (3718, 3, 5000, 0, 1221, 8),
  (3719, 1, 28000, 3000, 1221, 13),
  (3720, 4, 89000, 0, 1221, 9),
  (3721, 4, 115000, 0, 1221, 11),
  (3722, 1, 6900000, 0, 1222, 4),
  (3723, 5, 950000, 0, 1222, 3),
  (3724, 5, 105000, 62000, 1222, 7),
  (3725, 5, 89000, 36000, 1222, 12),
  (3726, 5, 150000, 93000, 1223, 6),
  (3727, 3, 28000, 0, 1223, 13),
  (3728, 3, 28000, 0, 1224, 13),
  (3729, 1, 115000, 8000, 1224, 11),
  (3730, 5, 35000, 0, 1225, 14),
  (3731, 2, 105000, 0, 1226, 7),
  (3732, 2, 950000, 0, 1226, 3),
  (3733, 2, 115000, 20000, 1227, 11),
  (3734, 3, 35000, 14000, 1227, 14),
  (3735, 5, 950000, 490000, 1227, 3),
  (3736, 4, 550000, 148000, 1228, 5),
  (3737, 5, 35000, 0, 1229, 14),
  (3738, 1, 390000, 0, 1229, 2),
  (3739, 1, 390000, 39000, 1230, 2),
  (3740, 3, 42000, 0, 1230, 15),
  (3741, 5, 35000, 0, 1231, 14),
  (3742, 3, 28000, 0, 1231, 13),
  (3743, 4, 550000, 152000, 1231, 5),
  (3744, 5, 150000, 0, 1231, 6),
  (3745, 1, 42000, 0, 1231, 15),
  (3746, 2, 28000, 0, 1232, 13),
  (3747, 1, 89000, 8000, 1232, 12),
  (3748, 3, 89000, 0, 1232, 9),
  (3749, 5, 115000, 0, 1232, 11),
  (3750, 1, 115000, 0, 1233, 11),
  (3751, 2, 89000, 0, 1234, 9),
  (3752, 5, 390000, 0, 1234, 2),
  (3753, 3, 105000, 0, 1234, 7),
  (3754, 3, 890000, 392000, 1234, 1),
  (3755, 2, 115000, 0, 1235, 11),
  (3756, 4, 890000, 0, 1236, 1),
  (3757, 1, 150000, 0, 1236, 6),
  (3758, 5, 89000, 0, 1236, 9),
  (3759, 3, 42000, 0, 1236, 15),
  (3760, 2, 550000, 0, 1236, 5),
  (3761, 4, 28000, 0, 1237, 13),
  (3762, 5, 6900000, 0, 1237, 4),
  (3763, 2, 5000, 0, 1237, 8),
  (3764, 2, 550000, 124000, 1238, 5),
  (3765, 3, 42000, 0, 1238, 15),
  (3766, 3, 105000, 0, 1238, 7),
  (3767, 5, 28000, 16000, 1238, 13),
  (3768, 4, 35000, 0, 1239, 14),
  (3769, 1, 150000, 0, 1240, 6),
  (3770, 1, 390000, 0, 1240, 2),
  (3771, 3, 6900000, 0, 1240, 4),
  (3772, 3, 42000, 9000, 1240, 15),
  (3773, 5, 115000, 0, 1240, 11),
  (3774, 4, 135000, 70000, 1241, 10),
  (3775, 4, 390000, 0, 1241, 2),
  (3776, 2, 150000, 0, 1241, 6),
  (3777, 1, 28000, 0, 1242, 13),
  (3778, 1, 6900000, 0, 1242, 4),
  (3779, 4, 390000, 0, 1243, 2),
  (3780, 4, 890000, 0, 1243, 1),
  (3781, 1, 5000, 0, 1243, 8),
  (3782, 1, 150000, 8000, 1244, 6),
  (3783, 2, 390000, 108000, 1244, 2),
  (3784, 1, 89000, 0, 1244, 9),
  (3785, 1, 6900000, 0, 1244, 4),
  (3786, 5, 550000, 0, 1245, 5),
  (3787, 4, 89000, 0, 1245, 12),
  (3788, 2, 42000, 0, 1245, 15),
  (3789, 2, 150000, 18000, 1245, 6),
  (3790, 2, 390000, 0, 1246, 2),
  (3791, 2, 6900000, 0, 1247, 4),
  (3792, 1, 390000, 0, 1247, 2),
  (3793, 2, 5000, 0, 1247, 8),
  (3794, 4, 35000, 0, 1247, 14),
  (3795, 3, 950000, 0, 1247, 3),
  (3796, 5, 150000, 38000, 1248, 6),
  (3797, 4, 6900000, 1879000, 1249, 4),
  (3798, 1, 35000, 0, 1249, 14),
  (3799, 1, 390000, 0, 1249, 2),
  (3800, 2, 89000, 0, 1249, 9),
  (3801, 1, 115000, 0, 1250, 11),
  (3802, 1, 890000, 0, 1251, 1),
  (3803, 1, 35000, 0, 1252, 14),
  (3804, 4, 89000, 23000, 1252, 9),
  (3805, 1, 135000, 0, 1252, 10),
  (3806, 5, 550000, 382000, 1252, 5),
  (3807, 4, 5000, 0, 1252, 8),
  (3808, 5, 89000, 0, 1253, 9),
  (3809, 2, 5000, 1000, 1253, 8),
  (3810, 3, 35000, 9000, 1253, 14),
  (3811, 1, 150000, 0, 1253, 6),
  (3812, 3, 28000, 6000, 1254, 13),
  (3813, 2, 89000, 0, 1254, 9),
  (3814, 3, 135000, 0, 1254, 10),
  (3815, 5, 890000, 416000, 1254, 1),
  (3816, 3, 105000, 0, 1254, 7),
  (3817, 3, 115000, 43000, 1255, 11),
  (3818, 5, 950000, 0, 1255, 3),
  (3819, 1, 135000, 11000, 1255, 10),
  (3820, 3, 390000, 142000, 1255, 2),
  (3821, 1, 150000, 0, 1255, 6),
  (3822, 5, 390000, 0, 1256, 2),
  (3823, 4, 550000, 261000, 1257, 5),
  (3824, 3, 150000, 0, 1257, 6),
  (3825, 2, 890000, 0, 1258, 1),
  (3826, 4, 390000, 122000, 1259, 2),
  (3827, 3, 115000, 0, 1259, 11),
  (3828, 5, 950000, 0, 1259, 3),
  (3829, 2, 28000, 0, 1259, 13),
  (3830, 5, 150000, 0, 1259, 6),
  (3831, 5, 150000, 0, 1260, 6),
  (3832, 5, 42000, 12000, 1260, 15),
  (3833, 3, 390000, 0, 1260, 2),
  (3834, 4, 28000, 7000, 1261, 13),
  (3835, 5, 6900000, 0, 1261, 4),
  (3836, 5, 550000, 0, 1261, 5),
  (3837, 3, 150000, 0, 1261, 6),
  (3838, 5, 42000, 0, 1261, 15),
  (3839, 2, 550000, 101000, 1262, 5),
  (3840, 5, 890000, 0, 1262, 1),
  (3841, 3, 135000, 45000, 1263, 10),
  (3842, 2, 890000, 210000, 1264, 1),
  (3843, 1, 6900000, 651000, 1264, 4),
  (3844, 5, 135000, 0, 1264, 10),
  (3845, 5, 950000, 0, 1265, 3),
  (3846, 3, 35000, 13000, 1266, 14),
  (3847, 4, 28000, 7000, 1266, 13),
  (3848, 4, 135000, 0, 1266, 10),
  (3849, 2, 150000, 35000, 1267, 6),
  (3850, 1, 150000, 0, 1268, 6),
  (3851, 4, 390000, 0, 1268, 2),
  (3852, 1, 6900000, 0, 1268, 4),
  (3853, 5, 5000, 3000, 1269, 8),
  (3854, 1, 42000, 0, 1269, 15),
  (3855, 4, 890000, 0, 1270, 1),
  (3856, 3, 42000, 0, 1270, 15),
  (3857, 3, 115000, 0, 1270, 11),
  (3858, 2, 950000, 263000, 1270, 3),
  (3859, 1, 115000, 10000, 1271, 11),
  (3860, 3, 105000, 0, 1271, 7),
  (3861, 1, 89000, 0, 1271, 9),
  (3862, 1, 550000, 0, 1271, 5),
  (3863, 2, 89000, 10000, 1272, 12),
  (3864, 5, 28000, 0, 1272, 13),
  (3865, 4, 150000, 58000, 1272, 6),
  (3866, 3, 550000, 0, 1273, 5),
  (3867, 4, 89000, 0, 1273, 9),
  (3868, 2, 28000, 0, 1274, 13),
  (3869, 4, 150000, 0, 1274, 6),
  (3870, 1, 890000, 0, 1274, 1),
  (3871, 4, 950000, 0, 1275, 3),
  (3872, 4, 5000, 2000, 1275, 8),
  (3873, 4, 6900000, 0, 1275, 4),
  (3874, 2, 115000, 0, 1275, 11),
  (3875, 4, 390000, 0, 1276, 2),
  (3876, 5, 5000, 0, 1276, 8),
  (3877, 3, 950000, 0, 1276, 3),
  (3878, 4, 28000, 15000, 1276, 13),
  (3879, 3, 105000, 0, 1276, 7),
  (3880, 5, 5000, 0, 1277, 8),
  (3881, 2, 115000, 17000, 1278, 11),
  (3882, 2, 5000, 0, 1279, 8),
  (3883, 3, 150000, 0, 1279, 6),
  (3884, 4, 35000, 0, 1280, 14),
  (3885, 2, 150000, 38000, 1281, 6),
  (3886, 1, 5000, 0, 1281, 8),
  (3887, 5, 950000, 0, 1281, 3),
  (3888, 5, 42000, 0, 1281, 15),
  (3889, 3, 28000, 9000, 1282, 13),
  (3890, 4, 89000, 49000, 1282, 9),
  (3891, 4, 42000, 0, 1282, 15),
  (3892, 2, 890000, 0, 1283, 1),
  (3893, 4, 5000, 0, 1283, 8),
  (3894, 2, 89000, 0, 1283, 12),
  (3895, 4, 105000, 30000, 1284, 7),
  (3896, 5, 890000, 0, 1285, 1),
  (3897, 4, 135000, 0, 1285, 10),
  (3898, 1, 5000, 0, 1285, 8),
  (3899, 1, 390000, 0, 1286, 2),
  (3900, 3, 105000, 30000, 1286, 7),
  (3901, 1, 42000, 0, 1286, 15),
  (3902, 1, 890000, 0, 1287, 1),
  (3903, 3, 5000, 2000, 1287, 8),
  (3904, 2, 6900000, 1095000, 1287, 4),
  (3905, 2, 105000, 19000, 1287, 7),
  (3906, 3, 550000, 0, 1287, 5),
  (3907, 4, 28000, 0, 1288, 13),
  (3908, 2, 35000, 4000, 1288, 14),
  (3909, 2, 150000, 0, 1288, 6),
  (3910, 2, 135000, 0, 1288, 10),
  (3911, 3, 89000, 0, 1288, 12),
  (3912, 4, 950000, 0, 1289, 3),
  (3913, 3, 105000, 0, 1289, 7),
  (3914, 5, 89000, 0, 1289, 9),
  (3915, 5, 390000, 0, 1289, 2),
  (3916, 4, 390000, 143000, 1290, 2),
  (3917, 4, 150000, 64000, 1291, 6),
  (3918, 5, 390000, 132000, 1291, 2),
  (3919, 5, 105000, 0, 1291, 7),
  (3920, 4, 89000, 0, 1291, 9),
  (3921, 1, 950000, 50000, 1291, 3),
  (3922, 5, 890000, 0, 1292, 1),
  (3923, 1, 150000, 0, 1292, 6),
  (3924, 5, 950000, 432000, 1293, 3),
  (3925, 3, 550000, 0, 1293, 5),
  (3926, 1, 390000, 0, 1293, 2),
  (3927, 3, 890000, 0, 1293, 1),
  (3928, 5, 6900000, 0, 1294, 4),
  (3929, 4, 105000, 0, 1294, 7),
  (3930, 5, 390000, 0, 1295, 2),
  (3931, 3, 42000, 0, 1295, 15),
  (3932, 5, 28000, 12000, 1295, 13),
  (3933, 2, 135000, 0, 1295, 10),
  (3934, 5, 89000, 0, 1295, 9),
  (3935, 1, 5000, 0, 1296, 8),
  (3936, 2, 42000, 0, 1296, 15),
  (3937, 3, 550000, 214000, 1296, 5),
  (3938, 3, 950000, 385000, 1296, 3),
  (3939, 5, 35000, 0, 1296, 14),
  (3940, 2, 950000, 0, 1297, 3),
  (3941, 2, 135000, 0, 1297, 10),
  (3942, 4, 150000, 0, 1297, 6),
  (3943, 3, 150000, 0, 1298, 6),
  (3944, 5, 89000, 41000, 1298, 12),
  (3945, 4, 550000, 274000, 1298, 5),
  (3946, 1, 950000, 0, 1298, 3),
  (3947, 2, 135000, 0, 1298, 10),
  (3948, 2, 135000, 0, 1299, 10),
  (3949, 1, 89000, 0, 1299, 9),
  (3950, 2, 150000, 25000, 1299, 6),
  (3951, 4, 89000, 0, 1299, 12),
  (3952, 2, 105000, 13000, 1299, 7),
  (3953, 3, 6900000, 0, 1300, 4),
  (3954, 2, 890000, 123000, 1300, 1),
  (3955, 5, 550000, 0, 1300, 5),
  (3956, 1, 6900000, 0, 1301, 4),
  (3957, 5, 150000, 0, 1301, 6),
  (3958, 2, 5000, 0, 1301, 8),
  (3959, 1, 115000, 0, 1301, 11),
  (3960, 5, 42000, 0, 1301, 15),
  (3961, 2, 105000, 0, 1302, 7),
  (3962, 3, 135000, 0, 1302, 10),
  (3963, 5, 390000, 110000, 1302, 2),
  (3964, 1, 115000, 14000, 1303, 11),
  (3965, 3, 950000, 265000, 1303, 3),
  (3966, 5, 5000, 0, 1303, 8),
  (3967, 4, 28000, 0, 1303, 13),
  (3968, 3, 150000, 0, 1303, 6),
  (3969, 1, 890000, 0, 1304, 1),
  (3970, 5, 28000, 0, 1304, 13),
  (3971, 2, 35000, 7000, 1304, 14),
  (3972, 4, 105000, 26000, 1304, 7),
  (3973, 2, 150000, 0, 1304, 6),
  (3974, 1, 890000, 79000, 1305, 1),
  (3975, 3, 105000, 0, 1305, 7),
  (3976, 2, 42000, 11000, 1306, 15),
  (3977, 2, 390000, 0, 1307, 2),
  (3978, 1, 115000, 8000, 1307, 11),
  (3979, 1, 6900000, 0, 1308, 4),
  (3980, 1, 950000, 120000, 1309, 3),
  (3981, 3, 89000, 0, 1309, 12),
  (3982, 4, 6900000, 2502000, 1309, 4),
  (3983, 5, 115000, 0, 1310, 11),
  (3984, 5, 890000, 393000, 1310, 1),
  (3985, 3, 6900000, 2746000, 1310, 4),
  (3986, 5, 950000, 0, 1310, 3),
  (3987, 4, 42000, 15000, 1311, 15),
  (3988, 5, 890000, 527000, 1311, 1),
  (3989, 4, 6900000, 0, 1311, 4),
  (3990, 4, 550000, 0, 1312, 5),
  (3991, 3, 950000, 285000, 1312, 3),
  (3992, 3, 890000, 166000, 1312, 1),
  (3993, 5, 105000, 0, 1312, 7),
  (3994, 2, 105000, 0, 1313, 7),
  (3995, 2, 89000, 16000, 1313, 12),
  (3996, 2, 89000, 18000, 1314, 12),
  (3997, 2, 35000, 6000, 1314, 14),
  (3998, 3, 105000, 0, 1314, 7),
  (3999, 3, 950000, 0, 1314, 3),
  (4000, 5, 115000, 0, 1314, 11),
  (4001, 1, 42000, 0, 1315, 15),
  (4002, 5, 5000, 2000, 1316, 8),
  (4003, 2, 115000, 0, 1316, 11),
  (4004, 1, 6900000, 0, 1317, 4),
  (4005, 4, 390000, 0, 1317, 2),
  (4006, 4, 150000, 0, 1317, 6),
  (4007, 1, 135000, 12000, 1317, 10),
  (4008, 3, 890000, 0, 1317, 1),
  (4009, 2, 950000, 272000, 1318, 3),
  (4010, 2, 550000, 0, 1318, 5),
  (4011, 3, 42000, 0, 1318, 15),
  (4012, 4, 35000, 0, 1318, 14),
  (4013, 1, 89000, 0, 1318, 9),
  (4014, 5, 105000, 27000, 1319, 7),
  (4015, 1, 6900000, 0, 1319, 4),
  (4016, 5, 42000, 0, 1319, 15),
  (4017, 3, 5000, 0, 1320, 8),
  (4018, 2, 89000, 15000, 1320, 12),
  (4019, 4, 950000, 0, 1321, 3),
  (4020, 3, 35000, 0, 1321, 14),
  (4021, 1, 89000, 12000, 1322, 12),
  (4022, 5, 42000, 19000, 1322, 15),
  (4023, 4, 115000, 51000, 1322, 11),
  (4024, 1, 35000, 3000, 1322, 14),
  (4025, 1, 6900000, 0, 1322, 4),
  (4026, 1, 28000, 2000, 1323, 13),
  (4027, 4, 89000, 0, 1323, 9),
  (4028, 4, 35000, 19000, 1323, 14),
  (4029, 4, 115000, 0, 1324, 11),
  (4030, 1, 890000, 115000, 1324, 1),
  (4031, 2, 950000, 0, 1324, 3),
  (4032, 4, 5000, 0, 1325, 8),
  (4033, 2, 89000, 0, 1326, 9),
  (4034, 3, 390000, 0, 1326, 2),
  (4035, 3, 135000, 0, 1327, 10),
  (4036, 1, 115000, 10000, 1327, 11),
  (4037, 4, 89000, 37000, 1328, 9),
  (4038, 1, 42000, 0, 1328, 15),
  (4039, 1, 89000, 0, 1328, 12),
  (4040, 1, 390000, 0, 1328, 2),
  (4041, 4, 890000, 214000, 1329, 1),
  (4042, 4, 5000, 0, 1329, 8),
  (4043, 2, 28000, 0, 1329, 13),
  (4044, 2, 135000, 0, 1330, 10),
  (4045, 1, 6900000, 0, 1330, 4),
  (4046, 3, 105000, 47000, 1330, 7),
  (4047, 4, 150000, 0, 1330, 6),
  (4048, 2, 115000, 27000, 1331, 11),
  (4049, 5, 890000, 0, 1331, 1),
  (4050, 1, 89000, 0, 1331, 12),
  (4051, 3, 42000, 0, 1331, 15),
  (4052, 1, 890000, 0, 1332, 1),
  (4053, 5, 105000, 0, 1332, 7),
  (4054, 2, 89000, 0, 1332, 12),
  (4055, 5, 89000, 0, 1333, 9),
  (4056, 3, 42000, 10000, 1333, 15),
  (4057, 4, 390000, 0, 1334, 2),
  (4058, 4, 89000, 49000, 1334, 12),
  (4059, 4, 890000, 0, 1334, 1),
  (4060, 3, 28000, 0, 1334, 13),
  (4061, 2, 42000, 12000, 1334, 15),
  (4062, 3, 150000, 0, 1335, 6),
  (4063, 2, 115000, 0, 1335, 11),
  (4064, 4, 35000, 0, 1335, 14),
  (4065, 4, 105000, 0, 1335, 7),
  (4066, 2, 115000, 22000, 1336, 11),
  (4067, 4, 135000, 51000, 1336, 10),
  (4068, 2, 5000, 1000, 1336, 8),
  (4069, 3, 550000, 0, 1336, 5),
  (4070, 4, 89000, 51000, 1337, 9),
  (4071, 4, 150000, 0, 1338, 6),
  (4072, 4, 6900000, 0, 1338, 4),
  (4073, 5, 105000, 0, 1338, 7),
  (4074, 4, 115000, 0, 1339, 11),
  (4075, 3, 105000, 0, 1339, 7),
  (4076, 4, 950000, 446000, 1339, 3),
  (4077, 2, 390000, 0, 1340, 2),
  (4078, 1, 105000, 14000, 1340, 7),
  (4079, 2, 950000, 0, 1340, 3),
  (4080, 1, 135000, 19000, 1341, 10),
  (4081, 4, 42000, 20000, 1341, 15),
  (4082, 4, 35000, 0, 1342, 14),
  (4083, 1, 135000, 0, 1343, 10),
  (4084, 4, 550000, 0, 1343, 5),
  (4085, 5, 105000, 0, 1343, 7),
  (4086, 2, 115000, 0, 1344, 11),
  (4087, 3, 89000, 0, 1344, 9),
  (4088, 5, 890000, 289000, 1344, 1),
  (4089, 4, 115000, 57000, 1345, 11),
  (4090, 1, 390000, 45000, 1346, 2),
  (4091, 4, 28000, 0, 1346, 13),
  (4092, 2, 42000, 0, 1347, 15),
  (4093, 2, 115000, 28000, 1347, 11),
  (4094, 5, 6900000, 3860000, 1347, 4),
  (4095, 5, 105000, 0, 1347, 7),
  (4096, 1, 89000, 5000, 1347, 9),
  (4097, 4, 550000, 315000, 1348, 5),
  (4098, 5, 105000, 0, 1348, 7),
  (4099, 2, 890000, 0, 1349, 1),
  (4100, 3, 550000, 0, 1349, 5),
  (4101, 1, 150000, 0, 1349, 6),
  (4102, 5, 89000, 0, 1349, 9),
  (4103, 2, 42000, 0, 1349, 15),
  (4104, 3, 950000, 253000, 1350, 3),
  (4105, 3, 89000, 0, 1351, 12),
  (4106, 3, 150000, 0, 1351, 6),
  (4107, 4, 42000, 0, 1351, 15),
  (4108, 1, 6900000, 0, 1352, 4),
  (4109, 5, 89000, 0, 1352, 12),
  (4110, 1, 5000, 0, 1352, 8),
  (4111, 5, 390000, 0, 1352, 2),
  (4112, 1, 89000, 0, 1353, 12),
  (4113, 5, 115000, 0, 1353, 11),
  (4114, 4, 390000, 0, 1353, 2),
  (4115, 2, 35000, 0, 1354, 14),
  (4116, 5, 550000, 394000, 1354, 5),
  (4117, 3, 42000, 17000, 1354, 15),
  (4118, 4, 5000, 0, 1354, 8),
  (4119, 4, 550000, 0, 1355, 5),
  (4120, 3, 89000, 0, 1355, 9),
  (4121, 2, 5000, 0, 1355, 8),
  (4122, 2, 35000, 0, 1355, 14),
  (4123, 3, 28000, 0, 1355, 13),
  (4124, 5, 35000, 0, 1356, 14),
  (4125, 2, 890000, 0, 1357, 1),
  (4126, 3, 89000, 0, 1358, 12),
  (4127, 5, 6900000, 4544000, 1358, 4),
  (4128, 5, 42000, 0, 1359, 15),
  (4129, 4, 550000, 0, 1359, 5),
  (4130, 4, 6900000, 0, 1359, 4),
  (4131, 5, 89000, 0, 1359, 12),
  (4132, 3, 890000, 235000, 1360, 1),
  (4133, 1, 28000, 0, 1360, 13),
  (4134, 3, 35000, 0, 1360, 14),
  (4135, 3, 950000, 0, 1360, 3),
  (4136, 4, 105000, 0, 1361, 7),
  (4137, 2, 5000, 0, 1361, 8),
  (4138, 4, 950000, 0, 1361, 3),
  (4139, 5, 35000, 25000, 1361, 14),
  (4140, 3, 135000, 0, 1362, 10),
  (4141, 1, 6900000, 0, 1362, 4),
  (4142, 4, 89000, 0, 1363, 9),
  (4143, 3, 135000, 0, 1363, 10),
  (4144, 1, 550000, 0, 1363, 5),
  (4145, 5, 150000, 0, 1363, 6),
  (4146, 3, 89000, 25000, 1363, 12),
  (4147, 4, 150000, 0, 1364, 6),
  (4148, 2, 550000, 0, 1365, 5),
  (4149, 3, 89000, 0, 1365, 12),
  (4150, 4, 89000, 20000, 1366, 12),
  (4151, 2, 28000, 0, 1367, 13),
  (4152, 4, 5000, 0, 1367, 8),
  (4153, 1, 28000, 0, 1368, 13),
  (4154, 3, 115000, 0, 1368, 11),
  (4155, 2, 550000, 143000, 1368, 5),
  (4156, 2, 150000, 39000, 1369, 6),
  (4157, 3, 6900000, 1220000, 1370, 4),
  (4158, 1, 390000, 0, 1370, 2),
  (4159, 4, 550000, 294000, 1370, 5),
  (4160, 2, 5000, 0, 1370, 8),
  (4161, 3, 135000, 0, 1371, 10),
  (4162, 2, 150000, 32000, 1371, 6),
  (4163, 3, 550000, 245000, 1371, 5),
  (4164, 1, 135000, 0, 1372, 10),
  (4165, 5, 6900000, 1867000, 1372, 4),
  (4166, 2, 115000, 0, 1373, 11),
  (4167, 4, 28000, 0, 1373, 13),
  (4168, 4, 890000, 0, 1373, 1),
  (4169, 3, 390000, 0, 1373, 2),
  (4170, 1, 135000, 0, 1373, 10),
  (4171, 5, 150000, 49000, 1374, 6),
  (4172, 5, 115000, 0, 1374, 11),
  (4173, 1, 28000, 3000, 1374, 13),
  (4174, 2, 390000, 0, 1374, 2),
  (4175, 1, 42000, 0, 1375, 15),
  (4176, 2, 42000, 11000, 1376, 15),
  (4177, 4, 115000, 43000, 1377, 11);

-- Receipts
INSERT INTO receipts (id, create_date, approval_date, approval_person, note, status, supplier_id, user_id) VALUES
  (1, '2024-01-21 14:27:05', '2024-01-21 14:27:05', 'Admin', NULL, 'completed', 6, 1),
  (2, '2024-01-10 11:52:14', '2024-01-11 11:52:14', 'Admin', 'Nhập hàng khuyến mãi', 'completed', 2, 1),
  (3, '2024-01-16 11:10:19', '2024-01-18 11:10:19', 'Kế toán', 'Bổ sung tồn kho', 'completed', 1, 2),
  (4, '2024-01-12 09:13:30', '2024-01-13 09:13:30', 'Quản lý kho', 'Nhập định kỳ', 'completed', 5, 1),
  (5, '2024-01-20 13:22:56', '2024-01-22 13:22:56', 'Quản lý kho', NULL, 'completed', 2, 1),
  (6, '2024-02-09 12:09:21', '2024-02-11 12:09:21', 'Quản lý kho', 'Nhập hàng khuyến mãi', 'completed', 4, 3),
  (7, '2024-02-26 12:44:12', '2024-02-27 12:44:12', 'Kế toán', NULL, 'completed', 5, 3),
  (8, '2024-02-01 10:45:48', '2024-02-01 10:45:48', 'Quản lý kho', 'Nhập định kỳ', 'completed', 3, 3),
  (9, '2024-02-25 10:40:10', '2024-02-25 10:40:10', 'Quản lý kho', 'Bổ sung tồn kho', 'completed', 3, 2),
  (10, '2024-03-21 12:14:40', '2024-03-23 12:14:40', 'Admin', NULL, 'completed', 2, 2),
  (11, '2024-03-15 14:04:24', '2024-03-15 14:04:24', 'Quản lý kho', NULL, 'completed', 3, 2),
  (12, '2024-03-18 11:55:59', NULL, 'Admin', 'Nhập hàng khuyến mãi', 'completed', 5, 1),
  (13, '2024-03-22 08:31:13', '2024-03-24 08:31:13', 'Kế toán', 'Nhập định kỳ', 'completed', 6, 2),
  (14, '2024-04-16 10:24:36', '2024-04-17 10:24:36', 'Quản lý kho', NULL, 'completed', 6, 2),
  (15, '2024-04-12 09:04:07', '2024-04-13 09:04:07', 'Admin', 'Nhập hàng khuyến mãi', 'completed', 1, 2),
  (16, '2024-04-25 11:48:35', '2024-04-27 11:48:35', 'Admin', 'Nhập hàng khuyến mãi', 'completed', 5, 2),
  (17, '2024-04-21 12:38:39', '2024-04-23 12:38:39', 'Quản lý kho', 'Bổ sung tồn kho', 'completed', 4, 1),
  (18, '2024-04-01 13:48:30', '2024-04-01 13:48:30', 'Kế toán', 'Nhập định kỳ', 'completed', 3, 1),
  (19, '2024-04-20 12:11:46', '2024-04-22 12:11:46', 'Quản lý kho', 'Nhập hàng khuyến mãi', 'completed', 2, 3),
  (20, '2024-05-19 12:20:27', '2024-05-19 12:20:27', 'Admin', NULL, 'completed', 6, 3),
  (21, '2024-05-02 15:26:48', '2024-05-03 15:26:48', 'Admin', 'Nhập định kỳ', 'completed', 2, 1),
  (22, '2024-05-12 12:24:06', '2024-05-12 12:24:06', 'Kế toán', NULL, 'completed', 3, 1),
  (23, '2024-05-06 14:26:18', '2024-05-07 14:26:18', 'Kế toán', 'Nhập hàng khuyến mãi', 'completed', 5, 1),
  (24, '2024-05-23 12:03:55', '2024-05-24 12:03:55', 'Quản lý kho', 'Bổ sung tồn kho', 'completed', 4, 2),
  (25, '2024-05-21 08:21:10', '2024-05-21 08:21:10', 'Kế toán', 'Nhập hàng khuyến mãi', 'completed', 2, 1),
  (26, '2024-06-29 15:23:53', '2024-06-29 15:23:53', 'Admin', NULL, 'completed', 3, 3),
  (27, '2024-06-15 10:33:37', '2024-06-17 10:33:37', 'Quản lý kho', NULL, 'completed', 5, 3),
  (28, '2024-06-09 14:13:12', '2024-06-11 14:13:12', 'Admin', NULL, 'completed', 5, 1),
  (29, '2024-06-06 15:35:04', '2024-06-07 15:35:04', 'Quản lý kho', NULL, 'completed', 3, 3),
  (30, '2024-07-02 12:55:30', NULL, 'Kế toán', 'Nhập định kỳ', 'completed', 6, 3),
  (31, '2024-07-12 09:31:31', '2024-07-14 09:31:31', 'Admin', 'Bổ sung tồn kho', 'completed', 1, 2),
  (32, '2024-07-14 09:11:09', '2024-07-14 09:11:09', 'Kế toán', 'Bổ sung tồn kho', 'completed', 1, 3),
  (33, '2024-07-20 15:58:53', '2024-07-21 15:58:53', 'Admin', 'Nhập định kỳ', 'completed', 3, 3),
  (34, '2024-07-19 12:01:58', '2024-07-20 12:01:58', 'Admin', 'Nhập định kỳ', 'completed', 5, 1),
  (35, '2024-08-03 12:30:28', '2024-08-03 12:30:28', 'Kế toán', 'Bổ sung tồn kho', 'completed', 6, 3),
  (36, '2024-08-24 11:42:55', '2024-08-26 11:42:55', 'Kế toán', NULL, 'completed', 5, 1),
  (37, '2024-08-22 14:24:44', '2024-08-24 14:24:44', 'Quản lý kho', NULL, 'completed', 6, 3),
  (38, '2024-08-30 11:17:03', '2024-08-31 11:17:03', 'Admin', 'Bổ sung tồn kho', 'completed', 3, 3),
  (39, '2024-08-23 09:24:50', '2024-08-25 09:24:50', 'Quản lý kho', NULL, 'completed', 5, 1),
  (40, '2024-08-07 11:34:00', NULL, 'Admin', 'Nhập định kỳ', 'completed', 2, 1),
  (41, '2024-09-06 13:44:54', '2024-09-07 13:44:54', 'Kế toán', 'Nhập định kỳ', 'completed', 4, 3),
  (42, '2024-09-15 13:32:52', '2024-09-16 13:32:52', 'Kế toán', NULL, 'completed', 1, 1),
  (43, '2024-09-14 09:23:27', '2024-09-15 09:23:27', 'Admin', 'Nhập định kỳ', 'completed', 2, 2),
  (44, '2024-09-26 11:12:39', '2024-09-26 11:12:39', 'Quản lý kho', 'Bổ sung tồn kho', 'completed', 2, 3),
  (45, '2024-10-07 12:02:22', NULL, 'Quản lý kho', 'Nhập hàng khuyến mãi', 'completed', 6, 3),
  (46, '2024-10-21 11:42:32', NULL, 'Admin', NULL, 'completed', 6, 3),
  (47, '2024-10-27 12:35:14', '2024-10-29 12:35:14', 'Admin', NULL, 'completed', 4, 2),
  (48, '2024-10-03 08:35:59', '2024-10-03 08:35:59', 'Admin', 'Nhập định kỳ', 'completed', 6, 3),
  (49, '2024-10-22 08:42:59', '2024-10-24 08:42:59', 'Quản lý kho', NULL, 'completed', 5, 2),
  (50, '2024-11-12 11:56:26', '2024-11-14 11:56:26', 'Kế toán', 'Nhập hàng khuyến mãi', 'completed', 6, 1),
  (51, '2024-11-29 12:07:06', '2024-11-30 12:07:06', 'Kế toán', 'Bổ sung tồn kho', 'completed', 4, 1),
  (52, '2024-11-01 08:10:48', '2024-11-03 08:10:48', 'Kế toán', 'Nhập định kỳ', 'completed', 3, 3),
  (53, '2024-11-22 14:39:15', '2024-11-23 14:39:15', 'Kế toán', 'Nhập hàng khuyến mãi', 'completed', 5, 2),
  (54, '2024-11-07 08:55:28', '2024-11-08 08:55:28', 'Quản lý kho', 'Nhập hàng khuyến mãi', 'completed', 2, 3),
  (55, '2024-12-25 11:21:41', '2024-12-27 11:21:41', 'Admin', 'Nhập hàng khuyến mãi', 'completed', 4, 1),
  (56, '2024-12-04 14:12:38', '2024-12-06 14:12:38', 'Quản lý kho', 'Nhập hàng khuyến mãi', 'completed', 2, 3),
  (57, '2024-12-13 10:37:51', '2024-12-15 10:37:51', 'Admin', 'Bổ sung tồn kho', 'completed', 5, 3),
  (58, '2024-12-19 10:39:06', '2024-12-20 10:39:06', 'Kế toán', 'Nhập định kỳ', 'completed', 2, 1),
  (59, '2025-01-16 13:25:47', '2025-01-17 13:25:47', 'Kế toán', 'Bổ sung tồn kho', 'completed', 2, 2),
  (60, '2025-01-20 10:39:56', '2025-01-21 10:39:56', 'Kế toán', 'Bổ sung tồn kho', 'completed', 5, 2),
  (61, '2025-01-28 15:00:26', '2025-01-29 15:00:26', 'Quản lý kho', NULL, 'completed', 1, 2),
  (62, '2025-01-03 08:24:29', '2025-01-05 08:24:29', 'Kế toán', 'Bổ sung tồn kho', 'completed', 1, 1),
  (63, '2025-02-05 10:21:53', '2025-02-05 10:21:53', 'Quản lý kho', 'Bổ sung tồn kho', 'completed', 3, 3),
  (64, '2025-02-22 09:59:25', '2025-02-23 09:59:25', 'Quản lý kho', 'Nhập hàng khuyến mãi', 'completed', 4, 1),
  (65, '2025-02-18 11:09:28', '2025-02-20 11:09:28', 'Kế toán', 'Bổ sung tồn kho', 'completed', 6, 1),
  (66, '2025-02-17 13:24:40', NULL, 'Kế toán', NULL, 'completed', 4, 2),
  (67, '2025-02-02 13:06:34', NULL, 'Kế toán', 'Nhập hàng khuyến mãi', 'completed', 2, 2),
  (68, '2025-02-04 09:17:46', '2025-02-05 09:17:46', 'Admin', 'Nhập định kỳ', 'completed', 4, 3),
  (69, '2025-03-15 11:38:34', '2025-03-15 11:38:34', 'Kế toán', 'Bổ sung tồn kho', 'completed', 2, 3),
  (70, '2025-03-26 15:58:34', '2025-03-28 15:58:34', 'Admin', 'Nhập định kỳ', 'completed', 3, 3),
  (71, '2025-03-21 11:49:49', '2025-03-22 11:49:49', 'Quản lý kho', 'Bổ sung tồn kho', 'completed', 6, 1),
  (72, '2025-04-08 13:08:27', '2025-04-09 13:08:27', 'Admin', 'Bổ sung tồn kho', 'completed', 5, 3),
  (73, '2025-04-23 08:21:40', '2025-04-25 08:21:40', 'Admin', 'Bổ sung tồn kho', 'completed', 2, 2),
  (74, '2025-04-02 11:59:25', '2025-04-03 11:59:25', 'Kế toán', 'Bổ sung tồn kho', 'completed', 1, 2),
  (75, '2025-04-14 13:56:10', '2025-04-15 13:56:10', 'Quản lý kho', 'Bổ sung tồn kho', 'completed', 4, 3),
  (76, '2025-05-15 10:47:41', '2025-05-15 10:47:41', 'Admin', NULL, 'completed', 5, 1),
  (77, '2025-05-14 12:09:39', '2025-05-14 12:09:39', 'Quản lý kho', 'Bổ sung tồn kho', 'completed', 6, 1),
  (78, '2025-05-13 14:38:00', '2025-05-13 14:38:00', 'Quản lý kho', 'Bổ sung tồn kho', 'completed', 4, 1),
  (79, '2025-05-04 12:51:34', '2025-05-04 12:51:34', 'Admin', 'Bổ sung tồn kho', 'completed', 3, 3),
  (80, '2025-05-12 09:30:44', NULL, 'Quản lý kho', 'Bổ sung tồn kho', 'completed', 2, 3),
  (81, '2025-05-08 15:37:59', '2025-05-10 15:37:59', 'Admin', NULL, 'completed', 4, 3),
  (82, '2025-06-07 11:29:21', NULL, 'Admin', 'Nhập hàng khuyến mãi', 'completed', 5, 3),
  (83, '2025-06-28 14:23:34', '2025-06-30 14:23:34', 'Admin', NULL, 'completed', 6, 3),
  (84, '2025-06-18 15:21:53', '2025-06-18 15:21:53', 'Kế toán', 'Bổ sung tồn kho', 'completed', 2, 1),
  (85, '2025-06-22 08:20:05', '2025-06-22 08:20:05', 'Kế toán', 'Nhập hàng khuyến mãi', 'completed', 5, 2),
  (86, '2025-06-08 08:44:28', '2025-06-09 08:44:28', 'Admin', 'Nhập hàng khuyến mãi', 'completed', 5, 3),
  (87, '2025-07-20 10:19:48', '2025-07-21 10:19:48', 'Admin', NULL, 'completed', 1, 3),
  (88, '2025-07-02 10:04:00', '2025-07-04 10:04:00', 'Admin', 'Nhập hàng khuyến mãi', 'completed', 5, 3),
  (89, '2025-07-30 10:37:00', '2025-08-01 10:37:00', 'Quản lý kho', 'Nhập hàng khuyến mãi', 'completed', 4, 3),
  (90, '2025-07-13 14:13:17', '2025-07-15 14:13:17', 'Admin', NULL, 'completed', 6, 2),
  (91, '2025-08-15 15:45:57', '2025-08-16 15:45:57', 'Admin', 'Bổ sung tồn kho', 'completed', 5, 1),
  (92, '2025-08-03 14:57:20', '2025-08-05 14:57:20', 'Admin', 'Nhập định kỳ', 'completed', 6, 3),
  (93, '2025-08-23 10:30:39', '2025-08-24 10:30:39', 'Quản lý kho', 'Nhập hàng khuyến mãi', 'completed', 5, 1),
  (94, '2025-09-15 15:54:02', '2025-09-17 15:54:02', 'Kế toán', 'Bổ sung tồn kho', 'completed', 5, 3),
  (95, '2025-09-29 15:02:16', '2025-10-01 15:02:16', 'Quản lý kho', 'Nhập định kỳ', 'completed', 4, 3),
  (96, '2025-09-30 11:47:49', '2025-09-30 11:47:49', 'Admin', NULL, 'completed', 4, 1),
  (97, '2025-09-05 14:21:50', '2025-09-05 14:21:50', 'Kế toán', 'Nhập hàng khuyến mãi', 'completed', 6, 1),
  (98, '2025-09-07 10:03:25', '2025-09-07 10:03:25', 'Kế toán', 'Nhập định kỳ', 'completed', 5, 1),
  (99, '2025-09-14 08:11:15', NULL, 'Kế toán', 'Nhập định kỳ', 'completed', 6, 3),
  (100, '2025-10-21 11:44:57', '2025-10-23 11:44:57', 'Kế toán', NULL, 'completed', 1, 2),
  (101, '2025-10-07 08:17:05', '2025-10-07 08:17:05', 'Kế toán', 'Bổ sung tồn kho', 'completed', 5, 3),
  (102, '2025-10-11 15:32:19', '2025-10-12 15:32:19', 'Kế toán', 'Nhập hàng khuyến mãi', 'completed', 1, 2),
  (103, '2025-10-10 11:31:29', '2025-10-11 11:31:29', 'Admin', 'Nhập định kỳ', 'completed', 4, 1),
  (104, '2025-10-28 12:27:16', '2025-10-28 12:27:16', 'Kế toán', 'Bổ sung tồn kho', 'completed', 2, 1),
  (105, '2025-10-01 09:52:48', '2025-10-01 09:52:48', 'Quản lý kho', NULL, 'completed', 2, 1),
  (106, '2025-11-29 10:01:33', '2025-11-30 10:01:33', 'Admin', NULL, 'completed', 2, 1),
  (107, '2025-11-11 10:01:07', '2025-11-13 10:01:07', 'Kế toán', 'Nhập định kỳ', 'completed', 3, 1),
  (108, '2025-11-08 14:08:50', '2025-11-08 14:08:50', 'Kế toán', NULL, 'completed', 1, 1),
  (109, '2025-11-04 09:45:14', NULL, 'Kế toán', 'Nhập hàng khuyến mãi', 'completed', 3, 2),
  (110, '2025-11-19 11:00:08', '2025-11-19 11:00:08', 'Quản lý kho', 'Bổ sung tồn kho', 'completed', 2, 2);

-- Receipt items
INSERT INTO receipt_items (id, quantity, unit_price, receipt_id, product_id) VALUES
  (1, 230, 22000, 1, 15),
  (2, 205, 66000, 1, 11),
  (3, 422, 639000, 1, 1),
  (4, 140, 46000, 1, 9),
  (5, 242, 390000, 1, 5),
  (6, 78, 15000, 1, 13),
  (7, 393, 86000, 1, 6),
  (8, 209, 679000, 1, 3),
  (9, 247, 70000, 1, 10),
  (10, 282, 680000, 2, 3),
  (11, 335, 67000, 2, 10),
  (12, 175, 63000, 2, 11),
  (13, 216, 5582000, 2, 4),
  (14, 143, 2000, 2, 8),
  (15, 360, 381000, 2, 5),
  (16, 429, 59000, 2, 7),
  (17, 11, 86000, 2, 6),
  (18, 94, 15000, 2, 13),
  (19, 145, 68000, 3, 10),
  (20, 113, 43000, 3, 12),
  (21, 48, 23000, 3, 15),
  (22, 74, 19000, 3, 14),
  (23, 21, 5674000, 3, 4),
  (24, 10, 59000, 3, 7),
  (25, 72, 406000, 3, 5),
  (26, 405, 2000, 3, 8),
  (27, 321, 88000, 3, 6),
  (28, 125, 2000, 4, 8),
  (29, 29, 91000, 4, 6),
  (30, 211, 60000, 4, 7),
  (31, 264, 18000, 4, 14),
  (32, 160, 716000, 4, 3),
  (33, 280, 14000, 4, 13),
  (34, 49, 71000, 4, 10),
  (35, 101, 245000, 4, 2),
  (36, 50, 43000, 4, 12),
  (37, 237, 63000, 4, 11),
  (38, 261, 19000, 5, 14),
  (39, 93, 62000, 5, 7),
  (40, 204, 22000, 5, 15),
  (41, 28, 67000, 5, 10),
  (42, 34, 15000, 5, 13),
  (43, 412, 247000, 6, 2),
  (44, 17, 412000, 6, 5),
  (45, 37, 62000, 6, 7),
  (46, 181, 5709000, 6, 4),
  (47, 75, 717000, 6, 3),
  (48, 345, 43000, 6, 9),
  (49, 128, 15000, 6, 13),
  (50, 312, 44000, 6, 12),
  (51, 110, 2000, 6, 8),
  (52, 42, 681000, 6, 1),
  (53, 97, 5340000, 7, 4),
  (54, 41, 44000, 7, 9),
  (55, 77, 62000, 7, 11),
  (56, 12, 72000, 7, 10),
  (57, 246, 620000, 7, 1),
  (58, 148, 43000, 7, 12),
  (59, 47, 672000, 7, 3),
  (60, 54, 60000, 7, 7),
  (61, 58, 22000, 8, 15),
  (62, 57, 64000, 8, 11),
  (63, 202, 44000, 8, 9),
  (64, 23, 733000, 8, 3),
  (65, 22, 392000, 8, 5),
  (66, 74, 15000, 8, 13),
  (67, 30, 45000, 8, 12),
  (68, 95, 5629000, 8, 4),
  (69, 17, 15000, 9, 13),
  (70, 30, 47000, 9, 12),
  (71, 28, 728000, 9, 3),
  (72, 64, 22000, 9, 15),
  (73, 56, 651000, 9, 1),
  (74, 12, 63000, 9, 11),
  (75, 30, 93000, 9, 6),
  (76, 113, 46000, 9, 9),
  (77, 86, 396000, 9, 5),
  (78, 76, 5642000, 9, 4),
  (79, 12, 732000, 10, 3),
  (80, 210, 22000, 10, 15),
  (81, 32, 62000, 10, 7),
  (82, 81, 5635000, 10, 4),
  (83, 38, 2000, 10, 8),
  (84, 22, 646000, 10, 1),
  (85, 51, 63000, 10, 11),
  (86, 12, 58000, 11, 7),
  (87, 10, 5310000, 11, 4),
  (88, 25, 248000, 11, 2),
  (89, 122, 86000, 11, 6),
  (90, 31, 70000, 11, 10),
  (91, 84, 19000, 11, 14),
  (92, 17, 71000, 12, 10),
  (93, 64, 18000, 12, 14),
  (94, 80, 44000, 12, 12),
  (95, 31, 731000, 12, 3),
  (96, 68, 21000, 12, 15),
  (97, 76, 668000, 12, 1),
  (98, 17, 15000, 12, 13),
  (99, 56, 93000, 12, 6),
  (100, 12, 58000, 12, 7),
  (101, 25, 66000, 12, 11),
  (102, 11, 64000, 13, 11),
  (103, 91, 245000, 13, 2),
  (104, 34, 91000, 13, 6),
  (105, 19, 669000, 13, 1),
  (106, 33, 44000, 13, 12),
  (107, 19, 43000, 13, 9),
  (108, 29, 73000, 13, 10),
  (109, 16, 15000, 13, 13),
  (110, 42, 22000, 13, 15),
  (111, 71, 18000, 13, 14),
  (112, 39, 15000, 14, 13),
  (113, 24, 5506000, 14, 4),
  (114, 54, 21000, 14, 15),
  (115, 28, 43000, 14, 12),
  (116, 51, 2000, 14, 8),
  (117, 23, 667000, 14, 1),
  (118, 12, 45000, 14, 9),
  (119, 24, 675000, 15, 1),
  (120, 39, 244000, 15, 2),
  (121, 17, 64000, 15, 11),
  (122, 17, 72000, 15, 10),
  (123, 22, 43000, 15, 9),
  (124, 24, 21000, 15, 15),
  (125, 28, 2000, 15, 8),
  (126, 46, 18000, 15, 14),
  (127, 30, 5477000, 15, 4),
  (128, 68, 15000, 15, 13),
  (129, 24, 47000, 16, 9),
  (130, 12, 674000, 16, 1),
  (131, 37, 415000, 16, 5),
  (132, 59, 248000, 16, 2),
  (133, 16, 23000, 16, 15),
  (134, 14, 649000, 17, 1),
  (135, 23, 94000, 17, 6),
  (136, 24, 733000, 17, 3),
  (137, 27, 18000, 17, 14),
  (138, 29, 5323000, 17, 4),
  (139, 11, 2000, 17, 8),
  (140, 17, 72000, 17, 10),
  (141, 15, 57000, 17, 7),
  (142, 12, 5251000, 18, 4),
  (143, 43, 419000, 18, 5),
  (144, 16, 702000, 18, 3),
  (145, 25, 18000, 18, 14),
  (146, 21, 2000, 19, 8),
  (147, 37, 45000, 19, 12),
  (148, 13, 19000, 19, 14),
  (149, 17, 69000, 19, 10),
  (150, 18, 22000, 19, 15),
  (151, 27, 401000, 19, 5),
  (152, 14, 15000, 19, 13),
  (153, 11, 44000, 19, 9),
  (154, 18, 5257000, 19, 4),
  (155, 15, 246000, 19, 2),
  (156, 23, 15000, 20, 13),
  (157, 11, 410000, 20, 5),
  (158, 15, 43000, 20, 12),
  (159, 15, 92000, 20, 6),
  (160, 10, 5341000, 20, 4),
  (161, 17, 711000, 20, 3),
  (162, 13, 18000, 20, 14),
  (163, 15, 2000, 20, 8),
  (164, 88, 254000, 20, 2),
  (165, 10, 46000, 20, 9),
  (166, 10, 15000, 21, 13),
  (167, 11, 396000, 21, 5),
  (168, 11, 43000, 21, 12),
  (169, 15, 2000, 21, 8),
  (170, 23, 243000, 21, 2),
  (171, 18, 46000, 21, 9),
  (172, 11, 5686000, 21, 4),
  (173, 18, 89000, 21, 6),
  (174, 18, 401000, 22, 5),
  (175, 19, 43000, 22, 12),
  (176, 46, 258000, 22, 2),
  (177, 13, 16000, 22, 13),
  (178, 16, 14000, 23, 13),
  (179, 11, 418000, 24, 5),
  (180, 15, 249000, 24, 2),
  (181, 16, 420000, 25, 5),
  (182, 16, 245000, 26, 2),
  (183, 18, 245000, 27, 2),
  (184, 39, 247000, 28, 2),
  (185, 40, 714000, 28, 3),
  (186, 26, 16000, 29, 13),
  (187, 48, 69000, 29, 10),
  (188, 40, 2000, 30, 8),
  (189, 45, 5450000, 30, 4),
  (190, 36, 45000, 30, 9),
  (191, 42, 14000, 30, 13),
  (192, 29, 17000, 30, 14),
  (193, 48, 5335000, 31, 4),
  (194, 29, 46000, 31, 12),
  (195, 50, 682000, 31, 1),
  (196, 36, 23000, 31, 15),
  (197, 46, 381000, 32, 5),
  (198, 42, 259000, 32, 2),
  (199, 48, 404000, 33, 5),
  (200, 41, 2000, 33, 8),
  (201, 26, 64000, 34, 11),
  (202, 26, 14000, 34, 13),
  (203, 44, 18000, 34, 14),
  (204, 24, 60000, 34, 7),
  (205, 22, 412000, 34, 5),
  (206, 49, 253000, 35, 2),
  (207, 30, 19000, 35, 14),
  (208, 21, 46000, 36, 12),
  (209, 39, 397000, 36, 5),
  (210, 12, 71000, 36, 10),
  (211, 29, 618000, 36, 1),
  (212, 37, 5408000, 36, 4),
  (213, 24, 18000, 37, 14),
  (214, 50, 63000, 37, 11),
  (215, 27, 15000, 38, 13),
  (216, 44, 92000, 38, 6),
  (217, 34, 47000, 39, 9),
  (218, 28, 70000, 39, 10),
  (219, 18, 64000, 39, 11),
  (220, 16, 2000, 39, 8),
  (221, 32, 23000, 40, 15),
  (222, 43, 71000, 40, 10),
  (223, 30, 92000, 40, 6),
  (224, 16, 684000, 41, 3),
  (225, 50, 15000, 41, 13),
  (226, 24, 44000, 41, 9),
  (227, 39, 67000, 41, 11),
  (228, 21, 385000, 42, 5),
  (229, 46, 22000, 42, 15),
  (230, 49, 243000, 42, 2),
  (231, 28, 18000, 43, 14),
  (232, 25, 21000, 43, 15),
  (233, 48, 652000, 43, 1),
  (234, 35, 91000, 43, 6),
  (235, 15, 67000, 44, 11),
  (236, 36, 2000, 44, 8),
  (237, 27, 62000, 44, 7),
  (238, 38, 393000, 44, 5),
  (239, 35, 695000, 45, 3),
  (240, 34, 2000, 45, 8),
  (241, 49, 68000, 46, 10),
  (242, 13, 405000, 46, 5),
  (243, 22, 401000, 47, 5),
  (244, 27, 67000, 47, 10),
  (245, 20, 17000, 48, 14),
  (246, 24, 91000, 48, 6),
  (247, 31, 15000, 48, 13),
  (248, 37, 66000, 49, 11),
  (249, 46, 73000, 49, 10),
  (250, 14, 88000, 49, 6),
  (251, 43, 18000, 49, 14),
  (252, 30, 667000, 50, 3),
  (253, 25, 645000, 50, 1),
  (254, 30, 92000, 51, 6),
  (255, 15, 57000, 51, 7),
  (256, 40, 16000, 52, 13),
  (257, 21, 670000, 52, 3),
  (258, 26, 5583000, 53, 4),
  (259, 34, 61000, 53, 7),
  (260, 28, 43000, 53, 12),
  (261, 24, 238000, 53, 2),
  (262, 18, 15000, 53, 13),
  (263, 13, 43000, 54, 12),
  (264, 45, 60000, 54, 7),
  (265, 28, 2000, 55, 8),
  (266, 33, 19000, 55, 14),
  (267, 48, 46000, 56, 12),
  (268, 19, 2000, 56, 8),
  (269, 27, 58000, 56, 7),
  (270, 31, 243000, 56, 2),
  (271, 14, 45000, 56, 9),
  (272, 35, 641000, 57, 1),
  (273, 48, 397000, 57, 5),
  (274, 19, 46000, 57, 9),
  (275, 38, 655000, 58, 1),
  (276, 24, 17000, 58, 14),
  (277, 42, 5240000, 58, 4),
  (278, 16, 407000, 59, 5),
  (279, 42, 67000, 59, 11),
  (280, 49, 14000, 59, 13),
  (281, 46, 67000, 59, 10),
  (282, 45, 15000, 60, 13),
  (283, 24, 646000, 60, 1),
  (284, 46, 674000, 61, 3),
  (285, 11, 19000, 61, 14),
  (286, 46, 44000, 61, 9),
  (287, 40, 47000, 62, 12),
  (288, 27, 62000, 62, 11),
  (289, 46, 240000, 62, 2),
  (290, 21, 18000, 62, 14),
  (291, 49, 89000, 62, 6),
  (292, 27, 46000, 63, 12),
  (293, 20, 73000, 63, 10),
  (294, 49, 22000, 63, 15),
  (295, 28, 2000, 64, 8),
  (296, 34, 240000, 64, 2),
  (297, 26, 2000, 65, 8),
  (298, 38, 57000, 65, 7),
  (299, 23, 5381000, 65, 4),
  (300, 17, 14000, 65, 13),
  (301, 17, 692000, 65, 3),
  (302, 24, 45000, 66, 12),
  (303, 10, 406000, 66, 5),
  (304, 36, 92000, 66, 6),
  (305, 10, 262000, 66, 2),
  (306, 20, 17000, 66, 14),
  (307, 25, 46000, 67, 12),
  (308, 30, 45000, 67, 9),
  (309, 35, 726000, 67, 3),
  (310, 40, 93000, 67, 6),
  (311, 47, 705000, 68, 3),
  (312, 50, 62000, 68, 7),
  (313, 17, 2000, 68, 8),
  (314, 39, 18000, 68, 14),
  (315, 11, 22000, 69, 15),
  (316, 16, 652000, 69, 1),
  (317, 14, 16000, 70, 13),
  (318, 32, 90000, 70, 6),
  (319, 23, 61000, 70, 7),
  (320, 41, 688000, 70, 3),
  (321, 15, 73000, 71, 10),
  (322, 12, 21000, 71, 15),
  (323, 26, 2000, 71, 8),
  (324, 18, 253000, 72, 2),
  (325, 27, 5558000, 72, 4),
  (326, 29, 677000, 72, 1),
  (327, 19, 23000, 72, 15),
  (328, 23, 15000, 72, 13),
  (329, 28, 90000, 73, 6),
  (330, 11, 399000, 73, 5),
  (331, 25, 63000, 73, 11),
  (332, 47, 44000, 73, 12),
  (333, 31, 251000, 74, 2),
  (334, 28, 5253000, 74, 4),
  (335, 10, 64000, 74, 11),
  (336, 13, 44000, 75, 9),
  (337, 47, 687000, 75, 3),
  (338, 31, 61000, 75, 7),
  (339, 45, 380000, 76, 5),
  (340, 30, 86000, 76, 6),
  (341, 27, 46000, 77, 9),
  (342, 29, 65000, 77, 11),
  (343, 29, 2000, 77, 8),
  (344, 17, 706000, 77, 3),
  (345, 37, 90000, 77, 6),
  (346, 30, 47000, 78, 12),
  (347, 44, 45000, 78, 9),
  (348, 36, 91000, 78, 6),
  (349, 18, 668000, 78, 3),
  (350, 41, 67000, 78, 11),
  (351, 10, 18000, 79, 14),
  (352, 15, 61000, 79, 7),
  (353, 38, 64000, 79, 11),
  (354, 18, 2000, 79, 8),
  (355, 17, 636000, 79, 1),
  (356, 12, 44000, 80, 12),
  (357, 23, 262000, 80, 2),
  (358, 27, 641000, 81, 1),
  (359, 38, 5433000, 81, 4),
  (360, 50, 62000, 81, 7),
  (361, 22, 58000, 82, 7),
  (362, 10, 2000, 82, 8),
  (363, 47, 43000, 82, 12),
  (364, 19, 15000, 82, 13),
  (365, 37, 15000, 83, 13),
  (366, 39, 58000, 83, 7),
  (367, 23, 45000, 83, 9),
  (368, 16, 619000, 84, 1),
  (369, 49, 64000, 84, 11),
  (370, 36, 254000, 84, 2),
  (371, 12, 71000, 84, 10),
  (372, 33, 2000, 85, 8),
  (373, 25, 678000, 85, 3),
  (374, 27, 241000, 85, 2),
  (375, 29, 43000, 86, 9),
  (376, 28, 90000, 86, 6),
  (377, 43, 2000, 86, 8),
  (378, 49, 46000, 86, 12),
  (379, 32, 92000, 87, 6),
  (380, 19, 2000, 87, 8),
  (381, 33, 43000, 87, 9),
  (382, 49, 5441000, 87, 4),
  (383, 28, 2000, 88, 8),
  (384, 38, 22000, 88, 15),
  (385, 26, 86000, 88, 6),
  (386, 16, 46000, 89, 9),
  (387, 48, 65000, 89, 11),
  (388, 16, 46000, 89, 12),
  (389, 39, 5287000, 89, 4),
  (390, 14, 249000, 90, 2),
  (391, 34, 64000, 90, 11),
  (392, 27, 22000, 90, 15),
  (393, 40, 245000, 91, 2),
  (394, 50, 23000, 91, 15),
  (395, 18, 47000, 91, 12),
  (396, 38, 73000, 92, 10),
  (397, 17, 45000, 92, 12),
  (398, 43, 15000, 93, 13),
  (399, 39, 394000, 93, 5),
  (400, 16, 621000, 93, 1),
  (401, 18, 18000, 94, 14),
  (402, 21, 57000, 94, 7),
  (403, 43, 16000, 94, 13),
  (404, 48, 44000, 95, 12),
  (405, 41, 382000, 95, 5),
  (406, 10, 46000, 95, 9),
  (407, 24, 47000, 96, 12),
  (408, 37, 44000, 96, 9),
  (409, 44, 2000, 97, 8),
  (410, 16, 652000, 97, 1),
  (411, 14, 5706000, 97, 4),
  (412, 11, 46000, 97, 12),
  (413, 47, 21000, 98, 15),
  (414, 21, 70000, 98, 10),
  (415, 39, 57000, 98, 7),
  (416, 29, 69000, 99, 10),
  (417, 39, 46000, 99, 9),
  (418, 37, 90000, 99, 6),
  (419, 36, 2000, 99, 8),
  (420, 28, 88000, 100, 6),
  (421, 47, 14000, 100, 13),
  (422, 48, 22000, 100, 15),
  (423, 18, 59000, 100, 7),
  (424, 33, 399000, 100, 5),
  (425, 21, 669000, 101, 1),
  (426, 31, 246000, 101, 2),
  (427, 25, 717000, 102, 3),
  (428, 15, 665000, 102, 1),
  (429, 11, 673000, 103, 3),
  (430, 46, 66000, 103, 11),
  (431, 22, 394000, 103, 5),
  (432, 26, 45000, 104, 12),
  (433, 21, 93000, 104, 6),
  (434, 17, 65000, 105, 11),
  (435, 40, 61000, 105, 7),
  (436, 17, 15000, 105, 13),
  (437, 34, 5553000, 106, 4),
  (438, 29, 709000, 106, 3),
  (439, 47, 2000, 106, 8),
  (440, 14, 44000, 106, 9),
  (441, 10, 63000, 107, 7),
  (442, 13, 2000, 107, 8),
  (443, 34, 386000, 108, 5),
  (444, 40, 19000, 108, 14),
  (445, 29, 15000, 108, 13),
  (446, 39, 22000, 109, 15),
  (447, 44, 18000, 109, 14),
  (448, 28, 58000, 110, 7),
  (449, 11, 73000, 110, 10),
  (450, 31, 5338000, 110, 4),
  (451, 29, 18000, 110, 14),
  (452, 41, 15000, 110, 13);

SET FOREIGN_KEY_CHECKS = 1;